STARTFONT 2.1
FONT -FreeType-DejaVu Serif-Bold-R-Normal--11-80-100-100-P-71-ISO10646-1
SIZE 8 100 100
FONTBOUNDINGBOX 29 17 -9 -4
COMMENT "Generated by fontforge, http://fontforge.sourceforge.net"
COMMENT ""
COMMENT "Converted from OpenType font "DejaVuSerif-Bold.ttf" by "otf2bdf 3.0"."
COMMENT ""
STARTPROPERTIES 19
FOUNDRY "FreeType"
FAMILY_NAME "DejaVu Serif"
WEIGHT_NAME "Bold"
SLANT "R"
SETWIDTH_NAME "Normal"
ADD_STYLE_NAME ""
PIXEL_SIZE 11
POINT_SIZE 80
RESOLUTION_X 100
RESOLUTION_Y 100
SPACING "P"
AVERAGE_WIDTH 71
CHARSET_REGISTRY "ISO10646"
CHARSET_ENCODING "1"
FONT_ASCENT 10
FONT_DESCENT 2
COPYRIGHT "Copyright (c) 2003 by Bitstream, Inc. All Rights Reserved.  DejaVu changes are in public domain  "
_OTF_FONTFILE "DejaVuSerif-Bold.ttf"
_OTF_PSNAME "DejaVuSerif-Bold"
ENDPROPERTIES
CHARS 3264
STARTCHAR space
ENCODING 32
SWIDTH 1000 0
DWIDTH 11 0
BBX 1 1 12 0
BITMAP
00
ENDCHAR
STARTCHAR $0021
ENCODING 33
SWIDTH 450 0
DWIDTH 5 0
BBX 2 8 1 0
BITMAP
C0
40
40
40
40
00
40
40
ENDCHAR
STARTCHAR $0022
ENCODING 34
SWIDTH 540 0
DWIDTH 6 0
BBX 4 3 1 5
BITMAP
B0
B0
B0
ENDCHAR
STARTCHAR $0023
ENCODING 35
SWIDTH 810 0
DWIDTH 9 0
BBX 7 8 1 0
BITMAP
14
34
FE
2C
28
FE
48
58
ENDCHAR
STARTCHAR $0024
ENCODING 36
SWIDTH 720 0
DWIDTH 8 0
BBX 6 9 1 -1
BITMAP
20
78
E8
E0
78
3C
AC
F8
20
ENDCHAR
STARTCHAR $0025
ENCODING 37
SWIDTH 900 0
DWIDTH 10 0
BBX 10 8 0 0
BITMAP
7100
D200
D200
7400
09C0
0A40
1240
21C0
ENDCHAR
STARTCHAR $0026
ENCODING 38
SWIDTH 900 0
DWIDTH 10 0
BBX 10 8 0 0
BITMAP
3E00
3200
3000
79C0
4C80
C700
6300
3DC0
ENDCHAR
STARTCHAR $0027
ENCODING 39
SWIDTH 270 0
DWIDTH 3 0
BBX 1 3 1 5
BITMAP
80
80
80
ENDCHAR
STARTCHAR $0028
ENCODING 40
SWIDTH 450 0
DWIDTH 5 0
BBX 4 10 1 -1
BITMAP
10
60
40
C0
C0
C0
C0
40
60
10
ENDCHAR
STARTCHAR $0029
ENCODING 41
SWIDTH 450 0
DWIDTH 5 0
BBX 3 10 1 -1
BITMAP
80
C0
60
60
60
60
60
60
C0
80
ENDCHAR
STARTCHAR $002A
ENCODING 42
SWIDTH 540 0
DWIDTH 6 0
BBX 5 6 0 2
BITMAP
20
A8
70
70
A8
20
ENDCHAR
STARTCHAR $002B
ENCODING 43
SWIDTH 810 0
DWIDTH 9 0
BBX 7 7 1 0
BITMAP
10
10
10
FE
10
10
10
ENDCHAR
STARTCHAR $002C
ENCODING 44
SWIDTH 360 0
DWIDTH 4 0
BBX 3 4 0 -2
BITMAP
60
60
40
80
ENDCHAR
STARTCHAR $002D
ENCODING 45
SWIDTH 450 0
DWIDTH 5 0
BBX 3 1 1 3
BITMAP
E0
ENDCHAR
STARTCHAR $002E
ENCODING 46
SWIDTH 360 0
DWIDTH 4 0
BBX 2 2 1 0
BITMAP
C0
C0
ENDCHAR
STARTCHAR $002F
ENCODING 47
SWIDTH 360 0
DWIDTH 4 0
BBX 4 9 0 -1
BITMAP
10
30
20
20
60
40
40
C0
80
ENDCHAR
STARTCHAR $0030
ENCODING 48
SWIDTH 720 0
DWIDTH 8 0
BBX 6 8 1 0
BITMAP
78
CC
CC
CC
CC
CC
CC
78
ENDCHAR
STARTCHAR $0031
ENCODING 49
SWIDTH 720 0
DWIDTH 8 0
BBX 6 8 1 0
BITMAP
70
B0
30
30
30
30
30
7C
ENDCHAR
STARTCHAR $0032
ENCODING 50
SWIDTH 720 0
DWIDTH 8 0
BBX 6 8 1 0
BITMAP
F8
98
9C
18
18
20
C4
FC
ENDCHAR
STARTCHAR $0033
ENCODING 51
SWIDTH 720 0
DWIDTH 8 0
BBX 6 8 1 0
BITMAP
F8
9C
18
30
1C
8C
9C
F8
ENDCHAR
STARTCHAR $0034
ENCODING 52
SWIDTH 720 0
DWIDTH 8 0
BBX 7 8 0 0
BITMAP
0C
1C
2C
4C
4C
FE
0C
1E
ENDCHAR
STARTCHAR $0035
ENCODING 53
SWIDTH 720 0
DWIDTH 8 0
BBX 6 8 1 0
BITMAP
F8
80
F8
98
0C
8C
9C
F8
ENDCHAR
STARTCHAR $0036
ENCODING 54
SWIDTH 720 0
DWIDTH 8 0
BBX 6 8 1 0
BITMAP
7C
C4
C0
F8
CC
CC
CC
78
ENDCHAR
STARTCHAR $0037
ENCODING 55
SWIDTH 720 0
DWIDTH 8 0
BBX 6 8 1 0
BITMAP
FC
8C
08
18
10
30
20
20
ENDCHAR
STARTCHAR $0038
ENCODING 56
SWIDTH 720 0
DWIDTH 8 0
BBX 6 8 1 0
BITMAP
78
CC
CC
70
CC
CC
CC
78
ENDCHAR
STARTCHAR $0039
ENCODING 57
SWIDTH 720 0
DWIDTH 8 0
BBX 6 8 1 0
BITMAP
78
C8
CC
CC
FC
0C
98
F0
ENDCHAR
STARTCHAR $003A
ENCODING 58
SWIDTH 360 0
DWIDTH 4 0
BBX 2 6 1 0
BITMAP
C0
C0
00
00
C0
C0
ENDCHAR
STARTCHAR $003B
ENCODING 59
SWIDTH 360 0
DWIDTH 4 0
BBX 2 8 1 -2
BITMAP
C0
C0
00
00
C0
C0
80
80
ENDCHAR
STARTCHAR $003C
ENCODING 60
SWIDTH 810 0
DWIDTH 9 0
BBX 7 6 1 0
BITMAP
02
1C
E0
E0
1C
02
ENDCHAR
STARTCHAR $003D
ENCODING 61
SWIDTH 810 0
DWIDTH 9 0
BBX 7 3 1 2
BITMAP
FE
00
FE
ENDCHAR
STARTCHAR $003E
ENCODING 62
SWIDTH 810 0
DWIDTH 9 0
BBX 7 6 1 0
BITMAP
C0
70
0E
0E
70
C0
ENDCHAR
STARTCHAR $003F
ENCODING 63
SWIDTH 540 0
DWIDTH 6 0
BBX 5 8 1 0
BITMAP
F0
98
18
70
40
00
60
60
ENDCHAR
STARTCHAR $0040
ENCODING 64
SWIDTH 990 0
DWIDTH 11 0
BBX 9 10 1 -2
BITMAP
3E00
6100
C080
9A80
B680
B280
9F00
C000
6000
3E00
ENDCHAR
STARTCHAR $0041
ENCODING 65
SWIDTH 810 0
DWIDTH 9 0
BBX 9 8 0 0
BITMAP
1800
1C00
2C00
2C00
4600
7E00
4700
C780
ENDCHAR
STARTCHAR $0042
ENCODING 66
SWIDTH 810 0
DWIDTH 9 0
BBX 8 8 1 0
BITMAP
FE
66
66
7C
66
67
67
FE
ENDCHAR
STARTCHAR $0043
ENCODING 67
SWIDTH 810 0
DWIDTH 9 0
BBX 8 8 0 0
BITMAP
3E
71
60
E0
E0
60
71
3E
ENDCHAR
STARTCHAR $0044
ENCODING 68
SWIDTH 900 0
DWIDTH 10 0
BBX 8 8 1 0
BITMAP
FC
66
63
63
63
63
66
FC
ENDCHAR
STARTCHAR $0045
ENCODING 69
SWIDTH 720 0
DWIDTH 8 0
BBX 7 8 1 0
BITMAP
FE
62
60
78
60
60
62
FE
ENDCHAR
STARTCHAR $0046
ENCODING 70
SWIDTH 720 0
DWIDTH 8 0
BBX 7 8 1 0
BITMAP
FE
62
60
78
60
60
60
F0
ENDCHAR
STARTCHAR $0047
ENCODING 71
SWIDTH 810 0
DWIDTH 9 0
BBX 9 8 0 0
BITMAP
3E00
7100
6000
E000
E380
6180
7180
3E00
ENDCHAR
STARTCHAR $0048
ENCODING 72
SWIDTH 900 0
DWIDTH 10 0
BBX 9 8 1 0
BITMAP
F780
6300
6300
7F00
6300
6300
6300
F780
ENDCHAR
STARTCHAR $0049
ENCODING 73
SWIDTH 450 0
DWIDTH 5 0
BBX 4 8 1 0
BITMAP
F0
60
60
60
60
60
60
F0
ENDCHAR
STARTCHAR $004A
ENCODING 74
SWIDTH 450 0
DWIDTH 5 0
BBX 6 10 -1 -2
BITMAP
3C
18
18
18
18
18
18
18
18
F0
ENDCHAR
STARTCHAR $004B
ENCODING 75
SWIDTH 900 0
DWIDTH 10 0
BBX 9 8 1 0
BITMAP
F700
6400
6800
7000
7C00
6E00
6700
F380
ENDCHAR
STARTCHAR $004C
ENCODING 76
SWIDTH 720 0
DWIDTH 8 0
BBX 7 8 1 0
BITMAP
F0
60
60
60
60
60
62
FE
ENDCHAR
STARTCHAR $004D
ENCODING 77
SWIDTH 1080 0
DWIDTH 12 0
BBX 12 8 0 0
BITMAP
F0F0
70E0
5960
5960
4E60
4E60
4C60
E0F0
ENDCHAR
STARTCHAR $004E
ENCODING 78
SWIDTH 900 0
DWIDTH 10 0
BBX 10 8 0 0
BITMAP
E1C0
3080
3880
5C80
4E80
4780
4380
E180
ENDCHAR
STARTCHAR $004F
ENCODING 79
SWIDTH 900 0
DWIDTH 10 0
BBX 9 8 0 0
BITMAP
3E00
6300
6180
E180
E180
6180
6300
3E00
ENDCHAR
STARTCHAR $0050
ENCODING 80
SWIDTH 720 0
DWIDTH 8 0
BBX 7 8 1 0
BITMAP
FC
6E
66
6E
7C
60
60
F0
ENDCHAR
STARTCHAR $0051
ENCODING 81
SWIDTH 900 0
DWIDTH 10 0
BBX 9 10 0 -2
BITMAP
3E00
6300
6180
E180
E180
6180
6300
3E00
0400
0300
ENDCHAR
STARTCHAR $0052
ENCODING 82
SWIDTH 810 0
DWIDTH 9 0
BBX 8 8 1 0
BITMAP
FC
66
66
66
78
6C
66
F7
ENDCHAR
STARTCHAR $0053
ENCODING 83
SWIDTH 720 0
DWIDTH 8 0
BBX 6 8 1 0
BITMAP
7C
84
C0
F8
7C
0C
8C
78
ENDCHAR
STARTCHAR $0054
ENCODING 84
SWIDTH 720 0
DWIDTH 8 0
BBX 8 8 0 0
BITMAP
FF
99
18
18
18
18
18
3C
ENDCHAR
STARTCHAR $0055
ENCODING 85
SWIDTH 900 0
DWIDTH 10 0
BBX 9 8 0 0
BITMAP
F980
6100
6100
6100
6100
7100
3100
1E00
ENDCHAR
STARTCHAR $0056
ENCODING 86
SWIDTH 810 0
DWIDTH 9 0
BBX 9 8 0 0
BITMAP
F380
6100
7200
3200
3200
1C00
1C00
0800
ENDCHAR
STARTCHAR $0057
ENCODING 87
SWIDTH 1080 0
DWIDTH 12 0
BBX 12 8 0 0
BITMAP
F330
6320
6720
35A0
35A0
39C0
39C0
18C0
ENDCHAR
STARTCHAR $0058
ENCODING 88
SWIDTH 810 0
DWIDTH 9 0
BBX 9 8 0 0
BITMAP
F700
7200
3400
1800
1C00
2E00
4600
E780
ENDCHAR
STARTCHAR $0059
ENCODING 89
SWIDTH 720 0
DWIDTH 8 0
BBX 8 8 0 0
BITMAP
F3
62
34
3C
18
18
18
3C
ENDCHAR
STARTCHAR $005A
ENCODING 90
SWIDTH 720 0
DWIDTH 8 0
BBX 8 8 0 0
BITMAP
7F
86
0C
18
18
30
61
FF
ENDCHAR
STARTCHAR $005B
ENCODING 91
SWIDTH 450 0
DWIDTH 5 0
BBX 3 10 1 -1
BITMAP
E0
C0
C0
C0
C0
C0
C0
C0
C0
E0
ENDCHAR
STARTCHAR $005C
ENCODING 92
SWIDTH 360 0
DWIDTH 4 0
BBX 4 9 0 -1
BITMAP
80
C0
40
40
60
20
20
30
10
ENDCHAR
STARTCHAR $005D
ENCODING 93
SWIDTH 450 0
DWIDTH 5 0
BBX 3 10 1 -1
BITMAP
E0
60
60
60
60
60
60
60
60
E0
ENDCHAR
STARTCHAR $005E
ENCODING 94
SWIDTH 810 0
DWIDTH 9 0
BBX 6 3 2 5
BITMAP
30
58
8C
ENDCHAR
STARTCHAR $005F
ENCODING 95
SWIDTH 540 0
DWIDTH 6 0
BBX 6 1 0 -3
BITMAP
FC
ENDCHAR
STARTCHAR $0060
ENCODING 96
SWIDTH 540 0
DWIDTH 6 0
BBX 2 2 1 7
BITMAP
C0
40
ENDCHAR
STARTCHAR $0061
ENCODING 97
SWIDTH 630 0
DWIDTH 7 0
BBX 7 6 0 0
BITMAP
78
4C
7C
4C
CC
7E
ENDCHAR
STARTCHAR $0062
ENCODING 98
SWIDTH 720 0
DWIDTH 8 0
BBX 7 9 0 0
BITMAP
E0
60
60
7C
66
66
66
66
FC
ENDCHAR
STARTCHAR $0063
ENCODING 99
SWIDTH 630 0
DWIDTH 7 0
BBX 6 6 0 0
BITMAP
3C
64
E0
E0
64
38
ENDCHAR
STARTCHAR $0064
ENCODING 100
SWIDTH 720 0
DWIDTH 8 0
BBX 7 9 0 0
BITMAP
0E
06
06
76
6E
E6
E6
66
7E
ENDCHAR
STARTCHAR $0065
ENCODING 101
SWIDTH 630 0
DWIDTH 7 0
BBX 6 6 0 0
BITMAP
38
6C
FC
E0
64
38
ENDCHAR
STARTCHAR $0066
ENCODING 102
SWIDTH 450 0
DWIDTH 5 0
BBX 5 9 0 0
BITMAP
38
68
60
F8
60
60
60
60
F0
ENDCHAR
STARTCHAR $0067
ENCODING 103
SWIDTH 720 0
DWIDTH 8 0
BBX 7 8 0 -2
BITMAP
76
6E
E6
E6
66
7E
44
7C
ENDCHAR
STARTCHAR $0068
ENCODING 104
SWIDTH 720 0
DWIDTH 8 0
BBX 8 9 0 0
BITMAP
E0
60
60
6C
76
66
66
66
FF
ENDCHAR
STARTCHAR $0069
ENCODING 105
SWIDTH 360 0
DWIDTH 4 0
BBX 4 9 0 0
BITMAP
60
60
00
E0
60
60
60
60
F0
ENDCHAR
STARTCHAR $006A
ENCODING 106
SWIDTH 360 0
DWIDTH 4 0
BBX 4 11 -1 -2
BITMAP
30
30
00
70
30
30
30
30
30
30
F0
ENDCHAR
STARTCHAR $006B
ENCODING 107
SWIDTH 720 0
DWIDTH 8 0
BBX 8 9 0 0
BITMAP
E0
60
60
66
64
68
7C
66
F7
ENDCHAR
STARTCHAR $006C
ENCODING 108
SWIDTH 360 0
DWIDTH 4 0
BBX 4 9 0 0
BITMAP
E0
60
60
60
60
60
60
60
F0
ENDCHAR
STARTCHAR $006D
ENCODING 109
SWIDTH 1080 0
DWIDTH 12 0
BBX 11 6 0 0
BITMAP
EDC0
7660
6660
6660
6660
FFE0
ENDCHAR
STARTCHAR $006E
ENCODING 110
SWIDTH 720 0
DWIDTH 8 0
BBX 8 6 0 0
BITMAP
EC
76
66
66
66
FF
ENDCHAR
STARTCHAR $006F
ENCODING 111
SWIDTH 630 0
DWIDTH 7 0
BBX 7 6 0 0
BITMAP
3C
66
E6
E6
66
3C
ENDCHAR
STARTCHAR $0070
ENCODING 112
SWIDTH 720 0
DWIDTH 8 0
BBX 7 8 0 -2
BITMAP
FC
66
66
66
66
7C
60
F0
ENDCHAR
STARTCHAR $0071
ENCODING 113
SWIDTH 720 0
DWIDTH 8 0
BBX 7 8 0 -2
BITMAP
76
6E
E6
E6
66
7E
06
0E
ENDCHAR
STARTCHAR $0072
ENCODING 114
SWIDTH 540 0
DWIDTH 6 0
BBX 6 6 0 0
BITMAP
EC
74
60
60
60
F0
ENDCHAR
STARTCHAR $0073
ENCODING 115
SWIDTH 540 0
DWIDTH 6 0
BBX 6 6 0 0
BITMAP
78
C8
70
3C
8C
78
ENDCHAR
STARTCHAR $0074
ENCODING 116
SWIDTH 450 0
DWIDTH 5 0
BBX 5 8 0 0
BITMAP
60
60
F8
60
60
60
68
78
ENDCHAR
STARTCHAR $0075
ENCODING 117
SWIDTH 720 0
DWIDTH 8 0
BBX 8 6 0 0
BITMAP
EE
66
66
66
66
3F
ENDCHAR
STARTCHAR $0076
ENCODING 118
SWIDTH 540 0
DWIDTH 6 0
BBX 7 6 0 0
BITMAP
E6
64
68
68
38
30
ENDCHAR
STARTCHAR $0077
ENCODING 119
SWIDTH 810 0
DWIDTH 9 0
BBX 10 6 0 0
BITMAP
E4C0
6C80
6E80
7700
3700
3200
ENDCHAR
STARTCHAR $0078
ENCODING 120
SWIDTH 630 0
DWIDTH 7 0
BBX 7 6 0 0
BITMAP
FC
68
30
38
58
DE
ENDCHAR
STARTCHAR $0079
ENCODING 121
SWIDTH 540 0
DWIDTH 6 0
BBX 7 8 0 -2
BITMAP
E6
64
68
38
30
10
A0
60
ENDCHAR
STARTCHAR $007A
ENCODING 122
SWIDTH 540 0
DWIDTH 6 0
BBX 6 6 0 0
BITMAP
7C
98
10
30
64
FC
ENDCHAR
STARTCHAR $007B
ENCODING 123
SWIDTH 630 0
DWIDTH 7 0
BBX 5 11 1 -2
BITMAP
38
30
20
20
60
C0
60
20
20
30
38
ENDCHAR
STARTCHAR $007C
ENCODING 124
SWIDTH 360 0
DWIDTH 4 0
BBX 2 11 1 -3
BITMAP
C0
C0
C0
C0
C0
C0
C0
C0
C0
C0
C0
ENDCHAR
STARTCHAR $007D
ENCODING 125
SWIDTH 630 0
DWIDTH 7 0
BBX 5 11 1 -2
BITMAP
E0
60
20
20
30
18
30
20
20
60
E0
ENDCHAR
STARTCHAR $007E
ENCODING 126
SWIDTH 810 0
DWIDTH 9 0
BBX 7 2 1 2
BITMAP
72
9C
ENDCHAR
STARTCHAR $00A1
ENCODING 161
SWIDTH 450 0
DWIDTH 5 0
BBX 2 8 1 -2
BITMAP
40
40
00
40
40
40
40
C0
ENDCHAR
STARTCHAR $00A2
ENCODING 162
SWIDTH 720 0
DWIDTH 8 0
BBX 5 8 1 -1
BITMAP
10
78
D8
D0
D0
D8
78
10
ENDCHAR
STARTCHAR $00A3
ENCODING 163
SWIDTH 720 0
DWIDTH 8 0
BBX 6 8 1 0
BITMAP
3C
64
60
60
F8
60
64
FC
ENDCHAR
STARTCHAR $00A4
ENCODING 164
SWIDTH 630 0
DWIDTH 7 0
BBX 5 6 1 0
BITMAP
88
F8
D8
88
D8
F8
ENDCHAR
STARTCHAR $00A5
ENCODING 165
SWIDTH 720 0
DWIDTH 8 0
BBX 7 8 0 0
BITMAP
F6
64
34
7E
18
7E
18
3C
ENDCHAR
STARTCHAR $00A6
ENCODING 166
SWIDTH 360 0
DWIDTH 4 0
BBX 2 10 1 -2
BITMAP
C0
C0
C0
C0
00
00
C0
C0
C0
C0
ENDCHAR
STARTCHAR $00A7
ENCODING 167
SWIDTH 540 0
DWIDTH 6 0
BBX 5 9 0 -1
BITMAP
78
48
60
78
C8
78
18
48
78
ENDCHAR
STARTCHAR $00A8
ENCODING 168
SWIDTH 540 0
DWIDTH 6 0
BBX 4 2 1 7
BITMAP
B0
B0
ENDCHAR
STARTCHAR $00A9
ENCODING 169
SWIDTH 990 0
DWIDTH 11 0
BBX 7 8 2 0
BITMAP
38
C6
BA
EA
E2
BA
C6
38
ENDCHAR
STARTCHAR $00AA
ENCODING 170
SWIDTH 450 0
DWIDTH 5 0
BBX 5 6 0 2
BITMAP
70
78
D8
78
00
78
ENDCHAR
STARTCHAR $00AB
ENCODING 171
SWIDTH 630 0
DWIDTH 7 0
BBX 5 5 1 1
BITMAP
48
50
B0
50
48
ENDCHAR
STARTCHAR $00AC
ENCODING 172
SWIDTH 810 0
DWIDTH 9 0
BBX 7 3 1 2
BITMAP
FE
02
02
ENDCHAR
STARTCHAR $00AD
ENCODING 173
SWIDTH 450 0
DWIDTH 5 0
BBX 3 1 1 3
BITMAP
E0
ENDCHAR
STARTCHAR $00AE
ENCODING 174
SWIDTH 990 0
DWIDTH 11 0
BBX 7 8 2 0
BITMAP
38
C6
FA
AA
BA
EE
C6
38
ENDCHAR
STARTCHAR $00AF
ENCODING 175
SWIDTH 540 0
DWIDTH 6 0
BBX 3 1 1 7
BITMAP
E0
ENDCHAR
STARTCHAR $00B0
ENCODING 176
SWIDTH 540 0
DWIDTH 6 0
BBX 3 4 1 4
BITMAP
60
A0
A0
60
ENDCHAR
STARTCHAR $00B1
ENCODING 177
SWIDTH 810 0
DWIDTH 9 0
BBX 7 7 1 0
BITMAP
10
10
FE
10
10
00
FE
ENDCHAR
STARTCHAR $00B2
ENCODING 178
SWIDTH 450 0
DWIDTH 5 0
BBX 4 4 0 4
BITMAP
F0
10
70
F0
ENDCHAR
STARTCHAR $00B3
ENCODING 179
SWIDTH 450 0
DWIDTH 5 0
BBX 4 4 0 4
BITMAP
70
20
10
F0
ENDCHAR
STARTCHAR $00B4
ENCODING 180
SWIDTH 540 0
DWIDTH 6 0
BBX 2 2 2 7
BITMAP
40
80
ENDCHAR
STARTCHAR $00B5
ENCODING 181
SWIDTH 720 0
DWIDTH 8 0
BBX 8 8 0 -2
BITMAP
EE
66
66
66
66
7F
60
F0
ENDCHAR
STARTCHAR $00B6
ENCODING 182
SWIDTH 630 0
DWIDTH 7 0
BBX 5 9 1 -1
BITMAP
78
E8
E8
E8
68
28
28
28
28
ENDCHAR
STARTCHAR $00B7
ENCODING 183
SWIDTH 360 0
DWIDTH 4 0
BBX 2 2 1 3
BITMAP
C0
C0
ENDCHAR
STARTCHAR $00B8
ENCODING 184
SWIDTH 540 0
DWIDTH 6 0
BBX 3 2 1 -2
BITMAP
20
E0
ENDCHAR
STARTCHAR $00B9
ENCODING 185
SWIDTH 450 0
DWIDTH 5 0
BBX 3 4 1 4
BITMAP
C0
40
40
E0
ENDCHAR
STARTCHAR $00BA
ENCODING 186
SWIDTH 540 0
DWIDTH 6 0
BBX 5 6 0 2
BITMAP
70
D8
D8
70
00
78
ENDCHAR
STARTCHAR $00BB
ENCODING 187
SWIDTH 630 0
DWIDTH 7 0
BBX 5 5 1 1
BITMAP
A0
50
68
50
A0
ENDCHAR
STARTCHAR $00BC
ENCODING 188
SWIDTH 990 0
DWIDTH 11 0
BBX 10 8 1 0
BITMAP
C200
4200
4400
E400
0880
1380
13C0
21C0
ENDCHAR
STARTCHAR $00BD
ENCODING 189
SWIDTH 990 0
DWIDTH 11 0
BBX 10 8 1 0
BITMAP
C200
4200
4400
E400
0BC0
1080
1140
23C0
ENDCHAR
STARTCHAR $00BE
ENCODING 190
SWIDTH 990 0
DWIDTH 11 0
BBX 11 8 0 0
BITMAP
7100
2100
1200
F200
0440
09C0
09E0
10E0
ENDCHAR
STARTCHAR $00BF
ENCODING 191
SWIDTH 540 0
DWIDTH 6 0
BBX 5 8 1 -2
BITMAP
20
20
20
60
C0
C0
C8
F8
ENDCHAR
STARTCHAR $00C0
ENCODING 192
SWIDTH 810 0
DWIDTH 9 0
BBX 9 10 0 0
BITMAP
1800
0000
1800
1C00
2C00
2C00
4600
7E00
4700
C780
ENDCHAR
STARTCHAR $00C1
ENCODING 193
SWIDTH 810 0
DWIDTH 9 0
BBX 9 10 0 0
BITMAP
0800
0000
1800
1C00
2C00
2C00
4600
7E00
4700
C780
ENDCHAR
STARTCHAR $00C2
ENCODING 194
SWIDTH 810 0
DWIDTH 9 0
BBX 9 10 0 0
BITMAP
1C00
0000
1800
1C00
2C00
2C00
4600
7E00
4700
C780
ENDCHAR
STARTCHAR $00C3
ENCODING 195
SWIDTH 810 0
DWIDTH 9 0
BBX 9 10 0 0
BITMAP
3400
2C00
1800
1C00
2C00
2C00
4600
7E00
4700
C780
ENDCHAR
STARTCHAR $00C4
ENCODING 196
SWIDTH 810 0
DWIDTH 9 0
BBX 9 10 0 0
BITMAP
3400
3400
1800
1C00
2C00
2C00
4600
7E00
4700
C780
ENDCHAR
STARTCHAR $00C5
ENCODING 197
SWIDTH 810 0
DWIDTH 9 0
BBX 9 10 0 0
BITMAP
1800
1400
1800
1C00
2C00
2C00
4600
7E00
4700
C780
ENDCHAR
STARTCHAR $00C6
ENCODING 198
SWIDTH 990 0
DWIDTH 11 0
BBX 11 8 0 0
BITMAP
3FE0
1620
2600
2780
4600
7E00
8620
CFE0
ENDCHAR
STARTCHAR $00C7
ENCODING 199
SWIDTH 810 0
DWIDTH 9 0
BBX 8 10 0 -2
BITMAP
3E
71
60
E0
E0
60
71
3E
04
1C
ENDCHAR
STARTCHAR $00C8
ENCODING 200
SWIDTH 720 0
DWIDTH 8 0
BBX 7 10 1 0
BITMAP
10
00
FE
62
60
78
60
60
62
FE
ENDCHAR
STARTCHAR $00C9
ENCODING 201
SWIDTH 720 0
DWIDTH 8 0
BBX 7 10 1 0
BITMAP
10
00
FE
62
60
78
60
60
62
FE
ENDCHAR
STARTCHAR $00CA
ENCODING 202
SWIDTH 720 0
DWIDTH 8 0
BBX 7 10 1 0
BITMAP
38
00
FE
62
60
78
60
60
62
FE
ENDCHAR
STARTCHAR $00CB
ENCODING 203
SWIDTH 720 0
DWIDTH 8 0
BBX 7 10 1 0
BITMAP
68
68
FE
62
60
78
60
60
62
FE
ENDCHAR
STARTCHAR $00CC
ENCODING 204
SWIDTH 450 0
DWIDTH 5 0
BBX 4 10 1 0
BITMAP
40
00
F0
60
60
60
60
60
60
F0
ENDCHAR
STARTCHAR $00CD
ENCODING 205
SWIDTH 450 0
DWIDTH 5 0
BBX 4 10 1 0
BITMAP
40
00
F0
60
60
60
60
60
60
F0
ENDCHAR
STARTCHAR $00CE
ENCODING 206
SWIDTH 450 0
DWIDTH 5 0
BBX 4 10 1 0
BITMAP
E0
00
F0
60
60
60
60
60
60
F0
ENDCHAR
STARTCHAR $00CF
ENCODING 207
SWIDTH 450 0
DWIDTH 5 0
BBX 4 10 1 0
BITMAP
A0
A0
F0
60
60
60
60
60
60
F0
ENDCHAR
STARTCHAR $00D0
ENCODING 208
SWIDTH 900 0
DWIDTH 10 0
BBX 9 8 0 0
BITMAP
7E00
3300
3180
F980
3180
3180
3300
7E00
ENDCHAR
STARTCHAR $00D1
ENCODING 209
SWIDTH 900 0
DWIDTH 10 0
BBX 10 10 0 0
BITMAP
1A00
1600
E1C0
3080
3880
5C80
4E80
4780
4380
E180
ENDCHAR
STARTCHAR $00D2
ENCODING 210
SWIDTH 900 0
DWIDTH 10 0
BBX 9 10 0 0
BITMAP
0800
0000
3E00
6300
6180
E180
E180
6180
6300
3E00
ENDCHAR
STARTCHAR $00D3
ENCODING 211
SWIDTH 900 0
DWIDTH 10 0
BBX 9 10 0 0
BITMAP
0C00
0000
3E00
6300
6180
E180
E180
6180
6300
3E00
ENDCHAR
STARTCHAR $00D4
ENCODING 212
SWIDTH 900 0
DWIDTH 10 0
BBX 9 10 0 0
BITMAP
1C00
0000
3E00
6300
6180
E180
E180
6180
6300
3E00
ENDCHAR
STARTCHAR $00D5
ENCODING 213
SWIDTH 900 0
DWIDTH 10 0
BBX 9 10 0 0
BITMAP
1A00
1400
3E00
6300
6180
E180
E180
6180
6300
3E00
ENDCHAR
STARTCHAR $00D6
ENCODING 214
SWIDTH 900 0
DWIDTH 10 0
BBX 9 10 0 0
BITMAP
1600
1600
3E00
6300
6180
E180
E180
6180
6300
3E00
ENDCHAR
STARTCHAR $00D7
ENCODING 215
SWIDTH 810 0
DWIDTH 9 0
BBX 5 6 2 0
BITMAP
88
D8
70
70
D8
88
ENDCHAR
STARTCHAR $00D8
ENCODING 216
SWIDTH 900 0
DWIDTH 10 0
BBX 9 8 0 0
BITMAP
3E80
6300
6380
E580
6980
7180
6300
9E00
ENDCHAR
STARTCHAR $00D9
ENCODING 217
SWIDTH 900 0
DWIDTH 10 0
BBX 9 10 0 0
BITMAP
0800
0000
F980
6100
6100
6100
6100
7100
3100
1E00
ENDCHAR
STARTCHAR $00DA
ENCODING 218
SWIDTH 900 0
DWIDTH 10 0
BBX 9 10 0 0
BITMAP
0400
0000
F980
6100
6100
6100
6100
7100
3100
1E00
ENDCHAR
STARTCHAR $00DB
ENCODING 219
SWIDTH 900 0
DWIDTH 10 0
BBX 9 10 0 0
BITMAP
0E00
0000
F980
6100
6100
6100
6100
7100
3100
1E00
ENDCHAR
STARTCHAR $00DC
ENCODING 220
SWIDTH 900 0
DWIDTH 10 0
BBX 9 10 0 0
BITMAP
1A00
1A00
F980
6100
6100
6100
6100
7100
3100
1E00
ENDCHAR
STARTCHAR $00DD
ENCODING 221
SWIDTH 720 0
DWIDTH 8 0
BBX 8 10 0 0
BITMAP
08
00
F3
62
34
3C
18
18
18
3C
ENDCHAR
STARTCHAR $00DE
ENCODING 222
SWIDTH 720 0
DWIDTH 8 0
BBX 7 8 1 0
BITMAP
F0
7C
6E
66
6E
7C
60
F0
ENDCHAR
STARTCHAR $00DF
ENCODING 223
SWIDTH 720 0
DWIDTH 8 0
BBX 8 9 0 0
BITMAP
3C
66
66
68
68
6E
67
63
EE
ENDCHAR
STARTCHAR $00E0
ENCODING 224
SWIDTH 630 0
DWIDTH 7 0
BBX 7 9 0 0
BITMAP
20
10
00
78
4C
7C
4C
CC
7E
ENDCHAR
STARTCHAR $00E1
ENCODING 225
SWIDTH 630 0
DWIDTH 7 0
BBX 7 9 0 0
BITMAP
18
10
00
78
4C
7C
4C
CC
7E
ENDCHAR
STARTCHAR $00E2
ENCODING 226
SWIDTH 630 0
DWIDTH 7 0
BBX 7 9 0 0
BITMAP
30
28
00
78
4C
7C
4C
CC
7E
ENDCHAR
STARTCHAR $00E3
ENCODING 227
SWIDTH 630 0
DWIDTH 7 0
BBX 7 9 0 0
BITMAP
28
58
00
78
4C
7C
4C
CC
7E
ENDCHAR
STARTCHAR $00E4
ENCODING 228
SWIDTH 630 0
DWIDTH 7 0
BBX 7 9 0 0
BITMAP
68
68
00
78
4C
7C
4C
CC
7E
ENDCHAR
STARTCHAR $00E5
ENCODING 229
SWIDTH 630 0
DWIDTH 7 0
BBX 7 10 0 0
BITMAP
30
28
30
00
78
4C
7C
4C
CC
7E
ENDCHAR
STARTCHAR $00E6
ENCODING 230
SWIDTH 990 0
DWIDTH 11 0
BBX 10 6 0 0
BITMAP
7B80
4CC0
7FC0
4C00
CE40
7380
ENDCHAR
STARTCHAR $00E7
ENCODING 231
SWIDTH 630 0
DWIDTH 7 0
BBX 6 8 0 -2
BITMAP
3C
64
E0
E0
64
38
10
38
ENDCHAR
STARTCHAR $00E8
ENCODING 232
SWIDTH 630 0
DWIDTH 7 0
BBX 6 9 0 0
BITMAP
20
10
00
38
6C
FC
E0
64
38
ENDCHAR
STARTCHAR $00E9
ENCODING 233
SWIDTH 630 0
DWIDTH 7 0
BBX 6 9 0 0
BITMAP
08
10
00
38
6C
FC
E0
64
38
ENDCHAR
STARTCHAR $00EA
ENCODING 234
SWIDTH 630 0
DWIDTH 7 0
BBX 6 9 0 0
BITMAP
38
28
00
38
6C
FC
E0
64
38
ENDCHAR
STARTCHAR $00EB
ENCODING 235
SWIDTH 630 0
DWIDTH 7 0
BBX 6 9 0 0
BITMAP
28
28
00
38
6C
FC
E0
64
38
ENDCHAR
STARTCHAR $00EC
ENCODING 236
SWIDTH 360 0
DWIDTH 4 0
BBX 4 9 0 0
BITMAP
40
20
00
E0
60
60
60
60
F0
ENDCHAR
STARTCHAR $00ED
ENCODING 237
SWIDTH 360 0
DWIDTH 4 0
BBX 4 9 0 0
BITMAP
30
20
00
E0
60
60
60
60
F0
ENDCHAR
STARTCHAR $00EE
ENCODING 238
SWIDTH 360 0
DWIDTH 4 0
BBX 4 9 0 0
BITMAP
60
90
00
E0
60
60
60
60
F0
ENDCHAR
STARTCHAR $00EF
ENCODING 239
SWIDTH 360 0
DWIDTH 4 0
BBX 4 9 0 0
BITMAP
D0
D0
00
E0
60
60
60
60
F0
ENDCHAR
STARTCHAR $00F0
ENCODING 240
SWIDTH 630 0
DWIDTH 7 0
BBX 7 9 0 0
BITMAP
34
18
2C
3C
66
E6
E6
64
3C
ENDCHAR
STARTCHAR $00F1
ENCODING 241
SWIDTH 720 0
DWIDTH 8 0
BBX 8 9 0 0
BITMAP
34
2C
00
EC
76
66
66
66
FF
ENDCHAR
STARTCHAR $00F2
ENCODING 242
SWIDTH 630 0
DWIDTH 7 0
BBX 7 9 0 0
BITMAP
30
10
00
3C
66
E6
E6
66
3C
ENDCHAR
STARTCHAR $00F3
ENCODING 243
SWIDTH 630 0
DWIDTH 7 0
BBX 7 9 0 0
BITMAP
08
10
00
3C
66
E6
E6
66
3C
ENDCHAR
STARTCHAR $00F4
ENCODING 244
SWIDTH 630 0
DWIDTH 7 0
BBX 7 9 0 0
BITMAP
18
28
00
3C
66
E6
E6
66
3C
ENDCHAR
STARTCHAR $00F5
ENCODING 245
SWIDTH 630 0
DWIDTH 7 0
BBX 7 9 0 0
BITMAP
34
08
00
3C
66
E6
E6
66
3C
ENDCHAR
STARTCHAR $00F6
ENCODING 246
SWIDTH 630 0
DWIDTH 7 0
BBX 7 9 0 0
BITMAP
2C
2C
00
3C
66
E6
E6
66
3C
ENDCHAR
STARTCHAR $00F7
ENCODING 247
SWIDTH 810 0
DWIDTH 9 0
BBX 7 7 1 0
BITMAP
10
10
00
FE
00
10
10
ENDCHAR
STARTCHAR $00F8
ENCODING 248
SWIDTH 630 0
DWIDTH 7 0
BBX 7 6 0 0
BITMAP
3A
64
EE
76
66
BC
ENDCHAR
STARTCHAR $00F9
ENCODING 249
SWIDTH 720 0
DWIDTH 8 0
BBX 8 9 0 0
BITMAP
30
10
00
EE
66
66
66
66
3F
ENDCHAR
STARTCHAR $00FA
ENCODING 250
SWIDTH 720 0
DWIDTH 8 0
BBX 8 9 0 0
BITMAP
08
10
00
EE
66
66
66
66
3F
ENDCHAR
STARTCHAR $00FB
ENCODING 251
SWIDTH 720 0
DWIDTH 8 0
BBX 8 9 0 0
BITMAP
18
28
00
EE
66
66
66
66
3F
ENDCHAR
STARTCHAR $00FC
ENCODING 252
SWIDTH 720 0
DWIDTH 8 0
BBX 8 9 0 0
BITMAP
2C
2C
00
EE
66
66
66
66
3F
ENDCHAR
STARTCHAR $00FD
ENCODING 253
SWIDTH 540 0
DWIDTH 6 0
BBX 7 11 0 -2
BITMAP
18
10
00
E6
64
68
38
30
10
A0
60
ENDCHAR
STARTCHAR $00FE
ENCODING 254
SWIDTH 720 0
DWIDTH 8 0
BBX 7 11 0 -2
BITMAP
E0
60
60
7C
66
66
66
66
7C
60
F0
ENDCHAR
STARTCHAR $00FF
ENCODING 255
SWIDTH 540 0
DWIDTH 6 0
BBX 7 11 0 -2
BITMAP
68
68
00
E6
64
68
38
30
10
A0
60
ENDCHAR
STARTCHAR $0100
ENCODING 256
SWIDTH 810 0
DWIDTH 9 0
BBX 9 10 0 0
BITMAP
1C00
0000
1800
1C00
2C00
2C00
4600
7E00
4700
C780
ENDCHAR
STARTCHAR $0101
ENCODING 257
SWIDTH 630 0
DWIDTH 7 0
BBX 7 8 0 0
BITMAP
78
00
78
4C
7C
4C
CC
7E
ENDCHAR
STARTCHAR $0102
ENCODING 258
SWIDTH 810 0
DWIDTH 9 0
BBX 9 11 0 0
BITMAP
2400
1C00
0000
1800
1C00
2C00
2C00
4600
7E00
4700
C780
ENDCHAR
STARTCHAR $0103
ENCODING 259
SWIDTH 630 0
DWIDTH 7 0
BBX 7 9 0 0
BITMAP
48
38
00
78
4C
7C
4C
CC
7E
ENDCHAR
STARTCHAR $0104
ENCODING 260
SWIDTH 810 0
DWIDTH 9 0
BBX 9 10 0 -2
BITMAP
1800
1C00
2C00
2C00
4600
7E00
4700
C780
0800
0E00
ENDCHAR
STARTCHAR $0105
ENCODING 261
SWIDTH 630 0
DWIDTH 7 0
BBX 7 8 0 -2
BITMAP
78
4C
7C
4C
CC
7E
10
0C
ENDCHAR
STARTCHAR $0106
ENCODING 262
SWIDTH 810 0
DWIDTH 9 0
BBX 8 10 0 0
BITMAP
0C
00
3E
71
60
E0
E0
60
71
3E
ENDCHAR
STARTCHAR $0107
ENCODING 263
SWIDTH 630 0
DWIDTH 7 0
BBX 6 9 0 0
BITMAP
08
10
00
3C
64
E0
E0
64
38
ENDCHAR
STARTCHAR $0108
ENCODING 264
SWIDTH 810 0
DWIDTH 9 0
BBX 8 10 0 0
BITMAP
1C
00
3E
71
60
E0
E0
60
71
3E
ENDCHAR
STARTCHAR $0109
ENCODING 265
SWIDTH 630 0
DWIDTH 7 0
BBX 6 9 0 0
BITMAP
18
28
00
3C
64
E0
E0
64
38
ENDCHAR
STARTCHAR $010A
ENCODING 266
SWIDTH 810 0
DWIDTH 9 0
BBX 8 10 0 0
BITMAP
08
08
3E
71
60
E0
E0
60
71
3E
ENDCHAR
STARTCHAR $010B
ENCODING 267
SWIDTH 630 0
DWIDTH 7 0
BBX 6 8 0 0
BITMAP
10
00
3C
64
E0
E0
64
38
ENDCHAR
STARTCHAR $010C
ENCODING 268
SWIDTH 810 0
DWIDTH 9 0
BBX 8 10 0 0
BITMAP
1C
00
3E
71
60
E0
E0
60
71
3E
ENDCHAR
STARTCHAR $010D
ENCODING 269
SWIDTH 630 0
DWIDTH 7 0
BBX 6 9 0 0
BITMAP
28
18
00
3C
64
E0
E0
64
38
ENDCHAR
STARTCHAR $010E
ENCODING 270
SWIDTH 900 0
DWIDTH 10 0
BBX 8 10 1 0
BITMAP
28
10
FC
66
63
63
63
63
66
FC
ENDCHAR
STARTCHAR $010F
ENCODING 271
SWIDTH 720 0
DWIDTH 8 0
BBX 9 9 0 0
BITMAP
0E80
0680
0600
7600
6E00
E600
E600
6600
7E00
ENDCHAR
STARTCHAR $0110
ENCODING 272
SWIDTH 900 0
DWIDTH 10 0
BBX 9 8 0 0
BITMAP
7E00
3300
3180
F980
3180
3180
3300
7E00
ENDCHAR
STARTCHAR $0111
ENCODING 273
SWIDTH 720 0
DWIDTH 8 0
BBX 8 9 0 0
BITMAP
0E
1F
06
76
6E
E6
E6
66
7E
ENDCHAR
STARTCHAR $0112
ENCODING 274
SWIDTH 720 0
DWIDTH 8 0
BBX 7 10 1 0
BITMAP
78
00
FE
62
60
78
60
60
62
FE
ENDCHAR
STARTCHAR $0113
ENCODING 275
SWIDTH 630 0
DWIDTH 7 0
BBX 6 8 0 0
BITMAP
38
00
38
6C
FC
E0
64
38
ENDCHAR
STARTCHAR $0114
ENCODING 276
SWIDTH 720 0
DWIDTH 8 0
BBX 7 10 1 0
BITMAP
48
38
FE
62
60
78
60
60
62
FE
ENDCHAR
STARTCHAR $0115
ENCODING 277
SWIDTH 630 0
DWIDTH 7 0
BBX 6 9 0 0
BITMAP
48
38
00
38
6C
FC
E0
64
38
ENDCHAR
STARTCHAR $0116
ENCODING 278
SWIDTH 720 0
DWIDTH 8 0
BBX 7 10 1 0
BITMAP
10
10
FE
62
60
78
60
60
62
FE
ENDCHAR
STARTCHAR $0117
ENCODING 279
SWIDTH 630 0
DWIDTH 7 0
BBX 6 8 0 0
BITMAP
10
00
38
6C
FC
E0
64
38
ENDCHAR
STARTCHAR $0118
ENCODING 280
SWIDTH 720 0
DWIDTH 8 0
BBX 7 10 1 -2
BITMAP
FE
62
60
78
60
60
62
FE
08
06
ENDCHAR
STARTCHAR $0119
ENCODING 281
SWIDTH 630 0
DWIDTH 7 0
BBX 6 8 0 -2
BITMAP
38
6C
FC
E0
64
38
10
0C
ENDCHAR
STARTCHAR $011A
ENCODING 282
SWIDTH 720 0
DWIDTH 8 0
BBX 7 10 1 0
BITMAP
28
10
FE
62
60
78
60
60
62
FE
ENDCHAR
STARTCHAR $011B
ENCODING 283
SWIDTH 630 0
DWIDTH 7 0
BBX 6 9 0 0
BITMAP
28
18
00
38
6C
FC
E0
64
38
ENDCHAR
STARTCHAR $011C
ENCODING 284
SWIDTH 810 0
DWIDTH 9 0
BBX 9 10 0 0
BITMAP
1C00
0000
3E00
7100
6000
E000
E380
6180
7180
3E00
ENDCHAR
STARTCHAR $011D
ENCODING 285
SWIDTH 720 0
DWIDTH 8 0
BBX 7 11 0 -2
BITMAP
18
28
00
76
6E
E6
E6
66
7E
44
7C
ENDCHAR
STARTCHAR $011E
ENCODING 286
SWIDTH 810 0
DWIDTH 9 0
BBX 9 10 0 0
BITMAP
1400
1C00
3E00
7100
6000
E000
E380
6180
7180
3E00
ENDCHAR
STARTCHAR $011F
ENCODING 287
SWIDTH 720 0
DWIDTH 8 0
BBX 7 11 0 -2
BITMAP
24
18
00
76
6E
E6
E6
66
7E
44
7C
ENDCHAR
STARTCHAR $0120
ENCODING 288
SWIDTH 810 0
DWIDTH 9 0
BBX 9 10 0 0
BITMAP
0C00
0C00
3E00
7100
6000
E000
E380
6180
7180
3E00
ENDCHAR
STARTCHAR $0121
ENCODING 289
SWIDTH 720 0
DWIDTH 8 0
BBX 7 10 0 -2
BITMAP
10
00
76
6E
E6
E6
66
7E
44
7C
ENDCHAR
STARTCHAR $0122
ENCODING 290
SWIDTH 810 0
DWIDTH 9 0
BBX 9 11 0 -3
BITMAP
3E00
7100
6000
E000
E380
6180
7180
3E00
0000
0400
0800
ENDCHAR
STARTCHAR $0123
ENCODING 291
SWIDTH 720 0
DWIDTH 8 0
BBX 7 11 0 -2
BITMAP
08
10
00
76
6E
E6
E6
66
7E
44
7C
ENDCHAR
STARTCHAR $0124
ENCODING 292
SWIDTH 900 0
DWIDTH 10 0
BBX 9 10 1 0
BITMAP
1C00
0000
F780
6300
6300
7F00
6300
6300
6300
F780
ENDCHAR
STARTCHAR $0125
ENCODING 293
SWIDTH 720 0
DWIDTH 8 0
BBX 8 10 0 0
BITMAP
E0
E0
60
60
6C
76
66
66
66
FF
ENDCHAR
STARTCHAR $0126
ENCODING 294
SWIDTH 900 0
DWIDTH 10 0
BBX 9 8 1 0
BITMAP
F780
6300
FF00
7F00
6300
6300
6300
F780
ENDCHAR
STARTCHAR $0127
ENCODING 295
SWIDTH 720 0
DWIDTH 8 0
BBX 8 8 0 0
BITMAP
60
F8
6C
76
66
66
66
FF
ENDCHAR
STARTCHAR $0128
ENCODING 296
SWIDTH 450 0
DWIDTH 5 0
BBX 4 10 1 0
BITMAP
C0
20
F0
60
60
60
60
60
60
F0
ENDCHAR
STARTCHAR $0129
ENCODING 297
SWIDTH 360 0
DWIDTH 4 0
BBX 4 9 0 0
BITMAP
D0
B0
00
E0
60
60
60
60
F0
ENDCHAR
STARTCHAR $012A
ENCODING 298
SWIDTH 450 0
DWIDTH 5 0
BBX 4 10 1 0
BITMAP
E0
00
F0
60
60
60
60
60
60
F0
ENDCHAR
STARTCHAR $012B
ENCODING 299
SWIDTH 360 0
DWIDTH 4 0
BBX 4 8 0 0
BITMAP
E0
00
E0
60
60
60
60
F0
ENDCHAR
STARTCHAR $012C
ENCODING 300
SWIDTH 450 0
DWIDTH 5 0
BBX 4 10 1 0
BITMAP
A0
E0
F0
60
60
60
60
60
60
F0
ENDCHAR
STARTCHAR $012D
ENCODING 301
SWIDTH 360 0
DWIDTH 4 0
BBX 4 9 0 0
BITMAP
90
60
00
E0
60
60
60
60
F0
ENDCHAR
STARTCHAR $012E
ENCODING 302
SWIDTH 450 0
DWIDTH 5 0
BBX 4 10 1 -2
BITMAP
F0
60
60
60
60
60
60
F0
40
70
ENDCHAR
STARTCHAR $012F
ENCODING 303
SWIDTH 360 0
DWIDTH 4 0
BBX 4 11 0 -2
BITMAP
60
60
00
E0
60
60
60
60
F0
20
30
ENDCHAR
STARTCHAR $0130
ENCODING 304
SWIDTH 450 0
DWIDTH 5 0
BBX 4 10 1 0
BITMAP
40
40
F0
60
60
60
60
60
60
F0
ENDCHAR
STARTCHAR $0131
ENCODING 305
SWIDTH 360 0
DWIDTH 4 0
BBX 4 6 0 0
BITMAP
E0
60
60
60
60
F0
ENDCHAR
STARTCHAR $0132
ENCODING 306
SWIDTH 900 0
DWIDTH 10 0
BBX 9 10 1 -2
BITMAP
F780
6300
6300
6300
6300
6300
6300
F300
0300
1E00
ENDCHAR
STARTCHAR $0133
ENCODING 307
SWIDTH 720 0
DWIDTH 8 0
BBX 7 11 0 -2
BITMAP
66
66
00
E6
66
66
66
66
F6
06
1E
ENDCHAR
STARTCHAR $0134
ENCODING 308
SWIDTH 450 0
DWIDTH 5 0
BBX 6 12 -1 -2
BITMAP
38
00
3C
18
18
18
18
18
18
18
18
F0
ENDCHAR
STARTCHAR $0135
ENCODING 309
SWIDTH 360 0
DWIDTH 4 0
BBX 4 11 -1 -2
BITMAP
30
50
00
70
30
30
30
30
30
30
F0
ENDCHAR
STARTCHAR $0136
ENCODING 310
SWIDTH 900 0
DWIDTH 10 0
BBX 9 10 1 -3
BITMAP
F700
6400
6800
7000
7C00
6E00
6700
F380
0000
0800
ENDCHAR
STARTCHAR $0137
ENCODING 311
SWIDTH 720 0
DWIDTH 8 0
BBX 8 11 0 -3
BITMAP
E0
60
60
66
64
68
7C
66
F7
00
08
ENDCHAR
STARTCHAR $0138
ENCODING 312
SWIDTH 720 0
DWIDTH 8 0
BBX 8 6 0 0
BITMAP
E6
64
68
7C
66
F7
ENDCHAR
STARTCHAR $0139
ENCODING 313
SWIDTH 720 0
DWIDTH 8 0
BBX 7 10 1 0
BITMAP
20
00
F0
60
60
60
60
60
62
FE
ENDCHAR
STARTCHAR $013A
ENCODING 314
SWIDTH 360 0
DWIDTH 4 0
BBX 4 10 0 0
BITMAP
20
E0
60
60
60
60
60
60
60
F0
ENDCHAR
STARTCHAR $013B
ENCODING 315
SWIDTH 720 0
DWIDTH 8 0
BBX 7 11 1 -3
BITMAP
F0
60
60
60
60
60
62
FE
00
10
20
ENDCHAR
STARTCHAR $013C
ENCODING 316
SWIDTH 360 0
DWIDTH 4 0
BBX 4 11 0 -3
BITMAP
E0
60
60
60
60
60
60
60
F0
00
20
ENDCHAR
STARTCHAR $013D
ENCODING 317
SWIDTH 720 0
DWIDTH 8 0
BBX 7 8 1 0
BITMAP
F4
64
60
60
60
60
62
FE
ENDCHAR
STARTCHAR $013E
ENCODING 318
SWIDTH 360 0
DWIDTH 4 0
BBX 6 9 0 0
BITMAP
EC
68
60
60
60
60
60
60
F0
ENDCHAR
STARTCHAR $013F
ENCODING 319
SWIDTH 720 0
DWIDTH 8 0
BBX 7 8 1 0
BITMAP
F0
60
64
64
60
60
62
FE
ENDCHAR
STARTCHAR $0140
ENCODING 320
SWIDTH 360 0
DWIDTH 4 0
BBX 6 9 0 0
BITMAP
E0
60
60
6C
6C
60
60
60
F0
ENDCHAR
STARTCHAR $0141
ENCODING 321
SWIDTH 720 0
DWIDTH 8 0
BBX 8 8 0 0
BITMAP
78
30
34
38
70
B0
31
7F
ENDCHAR
STARTCHAR $0142
ENCODING 322
SWIDTH 360 0
DWIDTH 4 0
BBX 4 9 0 0
BITMAP
E0
60
60
70
60
E0
60
60
F0
ENDCHAR
STARTCHAR $0143
ENCODING 323
SWIDTH 900 0
DWIDTH 10 0
BBX 10 10 0 0
BITMAP
0400
0000
E1C0
3080
3880
5C80
4E80
4780
4380
E180
ENDCHAR
STARTCHAR $0144
ENCODING 324
SWIDTH 720 0
DWIDTH 8 0
BBX 8 9 0 0
BITMAP
08
10
00
EC
76
66
66
66
FF
ENDCHAR
STARTCHAR $0145
ENCODING 325
SWIDTH 900 0
DWIDTH 10 0
BBX 10 10 0 -3
BITMAP
E1C0
3080
3880
5C80
4E80
4780
4380
E180
0000
0800
ENDCHAR
STARTCHAR $0146
ENCODING 326
SWIDTH 720 0
DWIDTH 8 0
BBX 8 8 0 -3
BITMAP
EC
76
66
66
66
FF
00
08
ENDCHAR
STARTCHAR $0147
ENCODING 327
SWIDTH 900 0
DWIDTH 10 0
BBX 10 10 0 0
BITMAP
0C00
0000
E1C0
3080
3880
5C80
4E80
4780
4380
E180
ENDCHAR
STARTCHAR $0148
ENCODING 328
SWIDTH 720 0
DWIDTH 8 0
BBX 8 9 0 0
BITMAP
28
18
00
EC
76
66
66
66
FF
ENDCHAR
STARTCHAR $0149
ENCODING 329
SWIDTH 990 0
DWIDTH 11 0
BBX 10 8 1 0
BITMAP
C000
C000
BF00
1980
1980
1980
1980
3FC0
ENDCHAR
STARTCHAR $014A
ENCODING 330
SWIDTH 900 0
DWIDTH 10 0
BBX 8 10 0 -2
BITMAP
6E
73
73
63
63
63
63
FB
0B
0F
ENDCHAR
STARTCHAR $014B
ENCODING 331
SWIDTH 720 0
DWIDTH 8 0
BBX 7 8 0 -2
BITMAP
EC
76
66
66
66
F6
06
1E
ENDCHAR
STARTCHAR $014C
ENCODING 332
SWIDTH 900 0
DWIDTH 10 0
BBX 9 10 0 0
BITMAP
1C00
0000
3E00
6300
6180
E180
E180
6180
6300
3E00
ENDCHAR
STARTCHAR $014D
ENCODING 333
SWIDTH 630 0
DWIDTH 7 0
BBX 7 8 0 0
BITMAP
38
00
3C
66
E6
E6
66
3C
ENDCHAR
STARTCHAR $014E
ENCODING 334
SWIDTH 900 0
DWIDTH 10 0
BBX 9 10 0 0
BITMAP
1200
0C00
3E00
6300
6180
E180
E180
6180
6300
3E00
ENDCHAR
STARTCHAR $014F
ENCODING 335
SWIDTH 630 0
DWIDTH 7 0
BBX 7 9 0 0
BITMAP
28
38
00
3C
66
E6
E6
66
3C
ENDCHAR
STARTCHAR $0150
ENCODING 336
SWIDTH 900 0
DWIDTH 10 0
BBX 9 10 0 0
BITMAP
0A00
0000
3E00
6300
6180
E180
E180
6180
6300
3E00
ENDCHAR
STARTCHAR $0151
ENCODING 337
SWIDTH 630 0
DWIDTH 7 0
BBX 7 9 0 0
BITMAP
14
28
00
3C
66
E6
E6
66
3C
ENDCHAR
STARTCHAR $0152
ENCODING 338
SWIDTH 1170 0
DWIDTH 13 0
BBX 12 8 0 0
BITMAP
3FF0
7310
6300
E3E0
E300
6300
7310
3FF0
ENDCHAR
STARTCHAR $0153
ENCODING 339
SWIDTH 990 0
DWIDTH 11 0
BBX 11 6 0 0
BITMAP
3BC0
6660
E7E0
E600
6620
3BC0
ENDCHAR
STARTCHAR $0154
ENCODING 340
SWIDTH 810 0
DWIDTH 9 0
BBX 8 10 1 0
BITMAP
18
00
FC
66
66
66
78
6C
66
F7
ENDCHAR
STARTCHAR $0155
ENCODING 341
SWIDTH 540 0
DWIDTH 6 0
BBX 6 9 0 0
BITMAP
08
10
00
EC
74
60
60
60
F0
ENDCHAR
STARTCHAR $0156
ENCODING 342
SWIDTH 810 0
DWIDTH 9 0
BBX 8 11 1 -3
BITMAP
FC
66
66
66
78
6C
66
F7
00
08
10
ENDCHAR
STARTCHAR $0157
ENCODING 343
SWIDTH 540 0
DWIDTH 6 0
BBX 6 8 0 -3
BITMAP
EC
74
60
60
60
F0
00
20
ENDCHAR
STARTCHAR $0158
ENCODING 344
SWIDTH 810 0
DWIDTH 9 0
BBX 8 10 1 0
BITMAP
28
10
FC
66
66
66
78
6C
66
F7
ENDCHAR
STARTCHAR $0159
ENCODING 345
SWIDTH 540 0
DWIDTH 6 0
BBX 6 9 0 0
BITMAP
28
18
00
EC
74
60
60
60
F0
ENDCHAR
STARTCHAR $015A
ENCODING 346
SWIDTH 720 0
DWIDTH 8 0
BBX 6 10 1 0
BITMAP
18
00
7C
84
C0
F8
7C
0C
8C
78
ENDCHAR
STARTCHAR $015B
ENCODING 347
SWIDTH 540 0
DWIDTH 6 0
BBX 6 9 0 0
BITMAP
08
10
00
78
C8
70
3C
8C
78
ENDCHAR
STARTCHAR $015C
ENCODING 348
SWIDTH 720 0
DWIDTH 8 0
BBX 6 10 1 0
BITMAP
70
00
7C
84
C0
F8
7C
0C
8C
78
ENDCHAR
STARTCHAR $015D
ENCODING 349
SWIDTH 540 0
DWIDTH 6 0
BBX 6 9 0 0
BITMAP
30
48
00
78
C8
70
3C
8C
78
ENDCHAR
STARTCHAR $015E
ENCODING 350
SWIDTH 720 0
DWIDTH 8 0
BBX 6 10 1 -2
BITMAP
7C
84
C0
F8
7C
0C
8C
78
10
30
ENDCHAR
STARTCHAR $015F
ENCODING 351
SWIDTH 540 0
DWIDTH 6 0
BBX 6 8 0 -2
BITMAP
78
C8
70
3C
8C
78
10
30
ENDCHAR
STARTCHAR $0160
ENCODING 352
SWIDTH 720 0
DWIDTH 8 0
BBX 6 10 1 0
BITMAP
30
00
7C
84
C0
F8
7C
0C
8C
78
ENDCHAR
STARTCHAR $0161
ENCODING 353
SWIDTH 540 0
DWIDTH 6 0
BBX 6 9 0 0
BITMAP
48
30
00
78
C8
70
3C
8C
78
ENDCHAR
STARTCHAR $0162
ENCODING 354
SWIDTH 720 0
DWIDTH 8 0
BBX 8 10 0 -2
BITMAP
FF
99
18
18
18
18
18
3C
08
18
ENDCHAR
STARTCHAR $0163
ENCODING 355
SWIDTH 450 0
DWIDTH 5 0
BBX 5 10 0 -2
BITMAP
60
60
F8
60
60
60
68
78
10
70
ENDCHAR
STARTCHAR $0164
ENCODING 356
SWIDTH 720 0
DWIDTH 8 0
BBX 8 10 0 0
BITMAP
1C
00
FF
99
18
18
18
18
18
3C
ENDCHAR
STARTCHAR $0165
ENCODING 357
SWIDTH 450 0
DWIDTH 5 0
BBX 5 9 0 0
BITMAP
08
68
60
F8
60
60
60
68
78
ENDCHAR
STARTCHAR $0166
ENCODING 358
SWIDTH 720 0
DWIDTH 8 0
BBX 8 8 0 0
BITMAP
FF
99
18
7E
18
18
18
3C
ENDCHAR
STARTCHAR $0167
ENCODING 359
SWIDTH 450 0
DWIDTH 5 0
BBX 5 7 0 0
BITMAP
60
F8
60
F8
60
60
78
ENDCHAR
STARTCHAR $0168
ENCODING 360
SWIDTH 900 0
DWIDTH 10 0
BBX 9 10 0 0
BITMAP
1A00
1600
F980
6100
6100
6100
6100
7100
3100
1E00
ENDCHAR
STARTCHAR $0169
ENCODING 361
SWIDTH 720 0
DWIDTH 8 0
BBX 8 9 0 0
BITMAP
34
28
00
EE
66
66
66
66
3F
ENDCHAR
STARTCHAR $016A
ENCODING 362
SWIDTH 900 0
DWIDTH 10 0
BBX 9 10 0 0
BITMAP
0E00
0000
F980
6100
6100
6100
6100
7100
3100
1E00
ENDCHAR
STARTCHAR $016B
ENCODING 363
SWIDTH 720 0
DWIDTH 8 0
BBX 8 8 0 0
BITMAP
3C
00
EE
66
66
66
66
3F
ENDCHAR
STARTCHAR $016C
ENCODING 364
SWIDTH 900 0
DWIDTH 10 0
BBX 9 10 0 0
BITMAP
1200
0C00
F980
6100
6100
6100
6100
7100
3100
1E00
ENDCHAR
STARTCHAR $016D
ENCODING 365
SWIDTH 720 0
DWIDTH 8 0
BBX 8 9 0 0
BITMAP
24
38
00
EE
66
66
66
66
3F
ENDCHAR
STARTCHAR $016E
ENCODING 366
SWIDTH 900 0
DWIDTH 10 0
BBX 9 10 0 0
BITMAP
0E00
0A00
FF80
6100
6100
6100
6100
7100
3100
1E00
ENDCHAR
STARTCHAR $016F
ENCODING 367
SWIDTH 720 0
DWIDTH 8 0
BBX 8 10 0 0
BITMAP
18
28
18
00
EE
66
66
66
66
3F
ENDCHAR
STARTCHAR $0170
ENCODING 368
SWIDTH 900 0
DWIDTH 10 0
BBX 9 10 0 0
BITMAP
0E00
0000
F980
6100
6100
6100
6100
7100
3100
1E00
ENDCHAR
STARTCHAR $0171
ENCODING 369
SWIDTH 720 0
DWIDTH 8 0
BBX 8 9 0 0
BITMAP
14
28
00
EE
66
66
66
66
3F
ENDCHAR
STARTCHAR $0172
ENCODING 370
SWIDTH 900 0
DWIDTH 10 0
BBX 9 10 0 -2
BITMAP
F980
6100
6100
6100
6100
7100
3100
1E00
0800
0C00
ENDCHAR
STARTCHAR $0173
ENCODING 371
SWIDTH 720 0
DWIDTH 8 0
BBX 8 8 0 -2
BITMAP
EE
66
66
66
66
3F
02
03
ENDCHAR
STARTCHAR $0174
ENCODING 372
SWIDTH 1080 0
DWIDTH 12 0
BBX 12 10 0 0
BITMAP
0700
0000
F330
6320
6720
35A0
35A0
39C0
39C0
18C0
ENDCHAR
STARTCHAR $0175
ENCODING 373
SWIDTH 810 0
DWIDTH 9 0
BBX 10 9 0 0
BITMAP
0C00
1400
0000
E4C0
6C80
6E80
7700
3700
3200
ENDCHAR
STARTCHAR $0176
ENCODING 374
SWIDTH 720 0
DWIDTH 8 0
BBX 8 10 0 0
BITMAP
38
00
F3
62
34
3C
18
18
18
3C
ENDCHAR
STARTCHAR $0177
ENCODING 375
SWIDTH 540 0
DWIDTH 6 0
BBX 7 11 0 -2
BITMAP
30
28
00
E6
64
68
38
30
10
A0
60
ENDCHAR
STARTCHAR $0178
ENCODING 376
SWIDTH 720 0
DWIDTH 8 0
BBX 8 10 0 0
BITMAP
2C
2C
F3
62
34
3C
18
18
18
3C
ENDCHAR
STARTCHAR $0179
ENCODING 377
SWIDTH 720 0
DWIDTH 8 0
BBX 8 10 0 0
BITMAP
0C
00
7F
86
0C
18
18
30
61
FF
ENDCHAR
STARTCHAR $017A
ENCODING 378
SWIDTH 540 0
DWIDTH 6 0
BBX 6 9 0 0
BITMAP
08
10
00
7C
98
10
30
64
FC
ENDCHAR
STARTCHAR $017B
ENCODING 379
SWIDTH 720 0
DWIDTH 8 0
BBX 8 10 0 0
BITMAP
18
18
7F
86
0C
18
18
30
61
FF
ENDCHAR
STARTCHAR $017C
ENCODING 380
SWIDTH 540 0
DWIDTH 6 0
BBX 6 8 0 0
BITMAP
30
00
7C
98
10
30
64
FC
ENDCHAR
STARTCHAR $017D
ENCODING 381
SWIDTH 720 0
DWIDTH 8 0
BBX 8 10 0 0
BITMAP
18
00
7F
86
0C
18
18
30
61
FF
ENDCHAR
STARTCHAR $017E
ENCODING 382
SWIDTH 540 0
DWIDTH 6 0
BBX 6 9 0 0
BITMAP
48
30
00
7C
98
10
30
64
FC
ENDCHAR
STARTCHAR $017F
ENCODING 383
SWIDTH 450 0
DWIDTH 5 0
BBX 5 8 0 0
BITMAP
78
60
E0
60
60
60
60
F0
ENDCHAR
STARTCHAR $0180
ENCODING 384
SWIDTH 720 0
DWIDTH 8 0
BBX 7 8 0 0
BITMAP
60
F8
7C
66
66
66
66
FC
ENDCHAR
STARTCHAR $0181
ENCODING 385
SWIDTH 810 0
DWIDTH 9 0
BBX 10 8 -1 0
BITMAP
FF80
9980
9980
1F00
1980
19C0
19C0
3F80
ENDCHAR
STARTCHAR $0182
ENCODING 386
SWIDTH 810 0
DWIDTH 9 0
BBX 8 8 1 0
BITMAP
FE
62
60
7C
67
67
67
FE
ENDCHAR
STARTCHAR $0183
ENCODING 387
SWIDTH 720 0
DWIDTH 8 0
BBX 7 8 0 0
BITMAP
7C
60
7C
66
66
66
66
FC
ENDCHAR
STARTCHAR $0184
ENCODING 388
SWIDTH 810 0
DWIDTH 9 0
BBX 9 8 0 0
BITMAP
1000
3000
F000
FE00
3300
3380
3380
7F00
ENDCHAR
STARTCHAR $0185
ENCODING 389
SWIDTH 720 0
DWIDTH 8 0
BBX 7 8 0 0
BITMAP
20
60
FC
66
66
66
66
FC
ENDCHAR
STARTCHAR $0186
ENCODING 390
SWIDTH 810 0
DWIDTH 9 0
BBX 7 8 1 0
BITMAP
78
8C
06
06
06
06
8C
78
ENDCHAR
STARTCHAR $0187
ENCODING 391
SWIDTH 810 0
DWIDTH 9 0
BBX 10 9 0 0
BITMAP
01C0
3F00
6100
6100
E000
E000
6000
6100
3E00
ENDCHAR
STARTCHAR $0188
ENCODING 392
SWIDTH 630 0
DWIDTH 7 0
BBX 8 8 0 0
BITMAP
03
05
3C
64
E0
E0
64
7C
ENDCHAR
STARTCHAR $0189
ENCODING 393
SWIDTH 900 0
DWIDTH 10 0
BBX 9 8 0 0
BITMAP
7E00
3300
3180
F980
3180
3180
3300
7E00
ENDCHAR
STARTCHAR $018A
ENCODING 394
SWIDTH 900 0
DWIDTH 10 0
BBX 10 8 -1 0
BITMAP
FF00
9980
98C0
18C0
18C0
18C0
1980
3F00
ENDCHAR
STARTCHAR $018B
ENCODING 395
SWIDTH 810 0
DWIDTH 9 0
BBX 8 8 1 0
BITMAP
FF
86
06
3E
C6
C6
C6
7F
ENDCHAR
STARTCHAR $018C
ENCODING 396
SWIDTH 720 0
DWIDTH 8 0
BBX 7 8 0 0
BITMAP
7E
04
74
6C
C4
C4
EC
76
ENDCHAR
STARTCHAR $018D
ENCODING 397
SWIDTH 630 0
DWIDTH 7 0
BBX 7 9 0 -3
BITMAP
38
64
66
E6
66
6C
1C
4C
38
ENDCHAR
STARTCHAR $018E
ENCODING 398
SWIDTH 720 0
DWIDTH 8 0
BBX 7 8 1 0
BITMAP
FE
0C
4C
7C
4C
0C
0C
FE
ENDCHAR
STARTCHAR $018F
ENCODING 399
SWIDTH 900 0
DWIDTH 10 0
BBX 9 8 0 0
BITMAP
3E00
2300
0180
0180
FF80
6180
6300
3E00
ENDCHAR
STARTCHAR $0190
ENCODING 400
SWIDTH 720 0
DWIDTH 8 0
BBX 6 8 1 0
BITMAP
7C
C0
C0
70
C0
C0
C4
78
ENDCHAR
STARTCHAR $0191
ENCODING 401
SWIDTH 720 0
DWIDTH 8 0
BBX 9 10 -1 -2
BITMAP
3F80
1880
1800
1E00
1A00
1800
1800
1800
1800
F000
ENDCHAR
STARTCHAR $0192
ENCODING 402
SWIDTH 450 0
DWIDTH 5 0
BBX 6 10 -1 -2
BITMAP
3C
30
7C
30
30
30
30
30
30
F0
ENDCHAR
STARTCHAR $0193
ENCODING 403
SWIDTH 810 0
DWIDTH 9 0
BBX 10 9 0 0
BITMAP
01C0
3F00
6100
6000
E000
E380
6180
6180
3F00
ENDCHAR
STARTCHAR $0194
ENCODING 404
SWIDTH 720 0
DWIDTH 8 0
BBX 8 9 0 -1
BITMAP
F7
32
3C
18
1C
16
26
43
3E
ENDCHAR
STARTCHAR $0195
ENCODING 405
SWIDTH 990 0
DWIDTH 11 0
BBX 11 8 0 0
BITMAP
6000
6000
6C00
7640
6660
6660
6660
F3C0
ENDCHAR
STARTCHAR $0196
ENCODING 406
SWIDTH 450 0
DWIDTH 5 0
BBX 4 8 1 0
BITMAP
F0
60
60
60
60
60
60
70
ENDCHAR
STARTCHAR $0197
ENCODING 407
SWIDTH 450 0
DWIDTH 5 0
BBX 5 8 0 0
BITMAP
78
30
30
F8
30
30
30
78
ENDCHAR
STARTCHAR $0198
ENCODING 408
SWIDTH 900 0
DWIDTH 10 0
BBX 9 8 1 0
BITMAP
F380
6400
6800
7800
7800
6C00
6600
F380
ENDCHAR
STARTCHAR $0199
ENCODING 409
SWIDTH 720 0
DWIDTH 8 0
BBX 8 8 0 0
BITMAP
78
60
66
64
68
7C
66
F7
ENDCHAR
STARTCHAR $019A
ENCODING 410
SWIDTH 360 0
DWIDTH 4 0
BBX 4 8 0 0
BITMAP
60
60
60
60
60
60
60
F0
ENDCHAR
STARTCHAR $019B
ENCODING 411
SWIDTH 720 0
DWIDTH 8 0
BBX 7 8 0 0
BITMAP
60
18
38
18
38
34
64
F6
ENDCHAR
STARTCHAR $019C
ENCODING 412
SWIDTH 1080 0
DWIDTH 12 0
BBX 11 8 0 0
BITMAP
FFE0
6660
6660
6660
6660
6660
6660
3FE0
ENDCHAR
STARTCHAR $019D
ENCODING 413
SWIDTH 900 0
DWIDTH 10 0
BBX 11 10 -1 -2
BITMAP
70E0
1840
2C40
2E40
2740
23C0
21C0
20C0
2000
E000
ENDCHAR
STARTCHAR $019E
ENCODING 414
SWIDTH 720 0
DWIDTH 8 0
BBX 7 8 0 -2
BITMAP
EC
76
66
66
66
F6
06
06
ENDCHAR
STARTCHAR $019F
ENCODING 415
SWIDTH 900 0
DWIDTH 10 0
BBX 9 8 0 0
BITMAP
3E00
6300
6180
E180
FF80
6180
6300
3E00
ENDCHAR
STARTCHAR $01A0
ENCODING 416
SWIDTH 900 0
DWIDTH 10 0
BBX 10 8 0 0
BITMAP
3E40
63C0
6180
E180
E180
6180
6300
3E00
ENDCHAR
STARTCHAR $01A1
ENCODING 417
SWIDTH 630 0
DWIDTH 7 0
BBX 8 6 0 0
BITMAP
3D
67
E6
E6
66
3C
ENDCHAR
STARTCHAR $01A2
ENCODING 418
SWIDTH 1170 0
DWIDTH 13 0
BBX 13 10 0 -2
BITMAP
3FE0
6330
61B0
E1B0
E1B0
61B0
6330
3E30
0030
0078
ENDCHAR
STARTCHAR $01A3
ENCODING 419
SWIDTH 900 0
DWIDTH 10 0
BBX 10 8 0 -2
BITMAP
3F00
6780
6780
E780
6780
6D80
1180
01C0
ENDCHAR
STARTCHAR $01A4
ENCODING 420
SWIDTH 720 0
DWIDTH 8 0
BBX 9 8 -1 0
BITMAP
FF00
9980
9980
1B80
1E00
1800
1800
3C00
ENDCHAR
STARTCHAR $01A5
ENCODING 421
SWIDTH 720 0
DWIDTH 8 0
BBX 6 10 1 -2
BITMAP
70
D0
F8
CC
CC
CC
CC
F8
C0
C0
ENDCHAR
STARTCHAR $01A6
ENCODING 422
SWIDTH 810 0
DWIDTH 9 0
BBX 9 10 0 -2
BITMAP
7800
3000
3F00
3300
3300
3E00
3600
FF00
0300
0180
ENDCHAR
STARTCHAR $01A7
ENCODING 423
SWIDTH 720 0
DWIDTH 8 0
BBX 6 8 1 0
BITMAP
F8
84
0C
7C
F8
C0
84
7C
ENDCHAR
STARTCHAR $01A8
ENCODING 424
SWIDTH 540 0
DWIDTH 6 0
BBX 6 6 0 0
BITMAP
78
0C
3C
78
C4
7C
ENDCHAR
STARTCHAR $01A9
ENCODING 425
SWIDTH 720 0
DWIDTH 8 0
BBX 6 8 1 0
BITMAP
FC
64
30
18
10
20
7C
FC
ENDCHAR
STARTCHAR $01AA
ENCODING 426
SWIDTH 360 0
DWIDTH 4 0
BBX 5 10 -1 -2
BITMAP
F8
F0
30
30
30
20
60
60
60
78
ENDCHAR
STARTCHAR $01AB
ENCODING 427
SWIDTH 450 0
DWIDTH 5 0
BBX 5 9 0 -2
BITMAP
60
F8
60
60
60
60
60
18
78
ENDCHAR
STARTCHAR $01AC
ENCODING 428
SWIDTH 720 0
DWIDTH 8 0
BBX 8 8 0 0
BITMAP
FF
99
98
18
18
18
18
3C
ENDCHAR
STARTCHAR $01AD
ENCODING 429
SWIDTH 450 0
DWIDTH 5 0
BBX 5 8 0 0
BITMAP
78
60
F8
60
60
60
60
78
ENDCHAR
STARTCHAR $01AE
ENCODING 430
SWIDTH 720 0
DWIDTH 8 0
BBX 8 10 0 -2
BITMAP
FF
99
18
18
18
18
18
18
18
0F
ENDCHAR
STARTCHAR $01AF
ENCODING 431
SWIDTH 900 0
DWIDTH 10 0
BBX 11 9 0 0
BITMAP
0020
F9E0
7100
7100
7100
7100
7100
3100
1E00
ENDCHAR
STARTCHAR $01B0
ENCODING 432
SWIDTH 720 0
DWIDTH 8 0
BBX 9 6 0 0
BITMAP
EE80
6780
6600
6600
6600
3F00
ENDCHAR
STARTCHAR $01B1
ENCODING 433
SWIDTH 900 0
DWIDTH 10 0
BBX 8 8 1 0
BITMAP
E7
46
C3
C3
C3
C3
C3
7E
ENDCHAR
STARTCHAR $01B2
ENCODING 434
SWIDTH 900 0
DWIDTH 10 0
BBX 8 8 1 0
BITMAP
F0
66
63
63
63
63
67
7C
ENDCHAR
STARTCHAR $01B3
ENCODING 435
SWIDTH 720 0
DWIDTH 8 0
BBX 9 8 0 0
BITMAP
F180
6200
3400
3C00
1800
1800
1800
3C00
ENDCHAR
STARTCHAR $01B4
ENCODING 436
SWIDTH 720 0
DWIDTH 8 0
BBX 8 8 0 -2
BITMAP
E3
65
68
38
38
30
10
60
ENDCHAR
STARTCHAR $01B5
ENCODING 437
SWIDTH 720 0
DWIDTH 8 0
BBX 8 8 0 0
BITMAP
7F
06
0C
7E
38
30
61
FF
ENDCHAR
STARTCHAR $01B6
ENCODING 438
SWIDTH 540 0
DWIDTH 6 0
BBX 6 6 0 0
BITMAP
7C
18
38
70
64
FC
ENDCHAR
STARTCHAR $01B7
ENCODING 439
SWIDTH 630 0
DWIDTH 7 0
BBX 7 8 0 0
BITMAP
7C
18
38
30
0C
0E
8C
FC
ENDCHAR
STARTCHAR $01B8
ENCODING 440
SWIDTH 630 0
DWIDTH 7 0
BBX 6 8 1 0
BITMAP
FC
64
30
30
C0
C0
C4
FC
ENDCHAR
STARTCHAR $01B9
ENCODING 441
SWIDTH 630 0
DWIDTH 7 0
BBX 6 8 1 -2
BITMAP
FC
64
30
30
C0
C0
C4
FC
ENDCHAR
STARTCHAR $01BA
ENCODING 442
SWIDTH 630 0
DWIDTH 7 0
BBX 5 8 1 -2
BITMAP
F8
30
70
60
18
18
E0
F8
ENDCHAR
STARTCHAR $01BB
ENCODING 443
SWIDTH 720 0
DWIDTH 8 0
BBX 6 8 1 0
BITMAP
F8
9C
1C
FC
10
60
84
FC
ENDCHAR
STARTCHAR $01BC
ENCODING 444
SWIDTH 720 0
DWIDTH 8 0
BBX 7 8 1 0
BITMAP
FE
62
60
78
0C
0E
8E
FC
ENDCHAR
STARTCHAR $01BD
ENCODING 445
SWIDTH 540 0
DWIDTH 6 0
BBX 7 8 0 -2
BITMAP
FC
60
60
70
0C
0E
8C
FC
ENDCHAR
STARTCHAR $01BE
ENCODING 446
SWIDTH 540 0
DWIDTH 6 0
BBX 4 7 0 0
BITMAP
60
F0
60
30
30
30
F0
ENDCHAR
STARTCHAR $01BF
ENCODING 447
SWIDTH 720 0
DWIDTH 8 0
BBX 7 8 0 -2
BITMAP
FE
62
62
66
64
68
70
60
ENDCHAR
STARTCHAR $01C0
ENCODING 448
SWIDTH 270 0
DWIDTH 3 0
BBX 1 8 1 0
BITMAP
80
80
80
80
80
80
80
80
ENDCHAR
STARTCHAR $01C1
ENCODING 449
SWIDTH 450 0
DWIDTH 5 0
BBX 3 8 1 0
BITMAP
A0
A0
A0
A0
A0
A0
A0
A0
ENDCHAR
STARTCHAR $01C2
ENCODING 450
SWIDTH 450 0
DWIDTH 5 0
BBX 3 8 1 0
BITMAP
40
40
40
E0
40
E0
40
40
ENDCHAR
STARTCHAR $01C3
ENCODING 451
SWIDTH 270 0
DWIDTH 3 0
BBX 1 8 1 0
BITMAP
80
80
80
80
80
80
00
80
ENDCHAR
STARTCHAR $01C4
ENCODING 452
SWIDTH 1620 0
DWIDTH 18 0
BBX 16 10 1 0
BITMAP
0014
0008
FC7F
6647
6306
630C
6318
6338
6631
FC7F
ENDCHAR
STARTCHAR $01C5
ENCODING 453
SWIDTH 1440 0
DWIDTH 16 0
BBX 14 9 1 0
BITMAP
0028
FC18
6600
637C
634C
6318
6330
6634
FC7C
ENDCHAR
STARTCHAR $01C6
ENCODING 454
SWIDTH 1260 0
DWIDTH 14 0
BBX 14 9 0 0
BITMAP
0E58
0630
0600
76FC
6E98
E630
E660
6664
7EFC
ENDCHAR
STARTCHAR $01C7
ENCODING 455
SWIDTH 1170 0
DWIDTH 13 0
BBX 12 10 1 -2
BITMAP
F1F0
60E0
60E0
60E0
60E0
60E0
62E0
FEE0
00C0
03C0
ENDCHAR
STARTCHAR $01C8
ENCODING 456
SWIDTH 1080 0
DWIDTH 12 0
BBX 10 11 1 -2
BITMAP
00C0
F0C0
6000
61C0
60C0
60C0
60C0
62C0
FEC0
00C0
0380
ENDCHAR
STARTCHAR $01C9
ENCODING 457
SWIDTH 720 0
DWIDTH 8 0
BBX 7 11 0 -2
BITMAP
E6
66
60
66
66
66
66
66
F6
06
1E
ENDCHAR
STARTCHAR $01CA
ENCODING 458
SWIDTH 1350 0
DWIDTH 15 0
BBX 15 10 0 -2
BITMAP
E1DE
308C
388C
5C8C
4E8C
478C
438C
E18C
000C
0078
ENDCHAR
STARTCHAR $01CB
ENCODING 459
SWIDTH 1260 0
DWIDTH 14 0
BBX 13 11 0 -2
BITMAP
0018
E1D8
3080
38B8
5C98
4E98
4798
4398
E198
0018
0078
ENDCHAR
STARTCHAR $01CC
ENCODING 460
SWIDTH 1080 0
DWIDTH 12 0
BBX 11 11 0 -2
BITMAP
0060
0060
0000
ECE0
7660
6660
6660
6660
FF60
0060
01E0
ENDCHAR
STARTCHAR $01CD
ENCODING 461
SWIDTH 810 0
DWIDTH 9 0
BBX 9 10 0 0
BITMAP
1C00
0000
1800
1C00
2C00
2C00
4600
7E00
4700
C780
ENDCHAR
STARTCHAR $01CE
ENCODING 462
SWIDTH 630 0
DWIDTH 7 0
BBX 7 9 0 0
BITMAP
28
30
00
78
4C
7C
4C
CC
7E
ENDCHAR
STARTCHAR $01CF
ENCODING 463
SWIDTH 450 0
DWIDTH 5 0
BBX 4 10 1 0
BITMAP
A0
40
F0
60
60
60
60
60
60
F0
ENDCHAR
STARTCHAR $01D0
ENCODING 464
SWIDTH 360 0
DWIDTH 4 0
BBX 4 9 0 0
BITMAP
90
60
00
E0
60
60
60
60
F0
ENDCHAR
STARTCHAR $01D1
ENCODING 465
SWIDTH 900 0
DWIDTH 10 0
BBX 9 10 0 0
BITMAP
1C00
0000
3E00
6300
6180
E180
E180
6180
6300
3E00
ENDCHAR
STARTCHAR $01D2
ENCODING 466
SWIDTH 630 0
DWIDTH 7 0
BBX 7 9 0 0
BITMAP
28
18
00
3C
66
E6
E6
66
3C
ENDCHAR
STARTCHAR $01D3
ENCODING 467
SWIDTH 900 0
DWIDTH 10 0
BBX 9 10 0 0
BITMAP
0E00
0000
F980
6100
6100
6100
6100
7100
3100
1E00
ENDCHAR
STARTCHAR $01D4
ENCODING 468
SWIDTH 720 0
DWIDTH 8 0
BBX 8 9 0 0
BITMAP
28
18
00
EE
66
66
66
66
3F
ENDCHAR
STARTCHAR $01D5
ENCODING 469
SWIDTH 900 0
DWIDTH 10 0
BBX 9 11 0 0
BITMAP
1E00
1A00
1A00
F980
6100
6100
6100
6100
7100
3100
1E00
ENDCHAR
STARTCHAR $01D6
ENCODING 470
SWIDTH 720 0
DWIDTH 8 0
BBX 8 10 0 0
BITMAP
38
2C
2C
00
EE
66
66
66
66
3F
ENDCHAR
STARTCHAR $01D7
ENCODING 471
SWIDTH 900 0
DWIDTH 10 0
BBX 9 11 0 0
BITMAP
0400
1A00
1A00
F980
6100
6100
6100
6100
7100
3100
1E00
ENDCHAR
STARTCHAR $01D8
ENCODING 472
SWIDTH 720 0
DWIDTH 8 0
BBX 8 10 0 0
BITMAP
08
2C
2C
00
EE
66
66
66
66
3F
ENDCHAR
STARTCHAR $01D9
ENCODING 473
SWIDTH 900 0
DWIDTH 10 0
BBX 9 11 0 0
BITMAP
0E00
1A00
1A00
F980
6100
6100
6100
6100
7100
3100
1E00
ENDCHAR
STARTCHAR $01DA
ENCODING 474
SWIDTH 720 0
DWIDTH 8 0
BBX 8 10 0 0
BITMAP
38
2C
2C
00
EE
66
66
66
66
3F
ENDCHAR
STARTCHAR $01DB
ENCODING 475
SWIDTH 900 0
DWIDTH 10 0
BBX 9 11 0 0
BITMAP
0800
1A00
1A00
F980
6100
6100
6100
6100
7100
3100
1E00
ENDCHAR
STARTCHAR $01DC
ENCODING 476
SWIDTH 720 0
DWIDTH 8 0
BBX 8 10 0 0
BITMAP
10
2C
2C
00
EE
66
66
66
66
3F
ENDCHAR
STARTCHAR $01DD
ENCODING 477
SWIDTH 630 0
DWIDTH 7 0
BBX 5 6 1 0
BITMAP
70
98
18
F8
D8
F8
ENDCHAR
STARTCHAR $01DE
ENCODING 478
SWIDTH 810 0
DWIDTH 9 0
BBX 9 11 0 0
BITMAP
3C00
3400
3400
1800
1C00
2C00
2C00
4600
7E00
4700
C780
ENDCHAR
STARTCHAR $01DF
ENCODING 479
SWIDTH 630 0
DWIDTH 7 0
BBX 7 10 0 0
BITMAP
38
68
68
00
78
4C
7C
4C
CC
7E
ENDCHAR
STARTCHAR $01E0
ENCODING 480
SWIDTH 810 0
DWIDTH 9 0
BBX 9 11 0 0
BITMAP
3C00
1800
1800
1800
1C00
2C00
2C00
4600
7E00
4700
C780
ENDCHAR
STARTCHAR $01E1
ENCODING 481
SWIDTH 630 0
DWIDTH 7 0
BBX 7 10 0 0
BITMAP
38
10
10
00
78
4C
7C
4C
CC
7E
ENDCHAR
STARTCHAR $01E2
ENCODING 482
SWIDTH 990 0
DWIDTH 11 0
BBX 11 10 0 0
BITMAP
0700
0000
3FE0
1620
2600
2780
4600
7E00
8620
CFE0
ENDCHAR
STARTCHAR $01E3
ENCODING 483
SWIDTH 990 0
DWIDTH 11 0
BBX 10 8 0 0
BITMAP
1E00
0000
7B80
4CC0
7FC0
4C00
CE40
7380
ENDCHAR
STARTCHAR $01E4
ENCODING 484
SWIDTH 900 0
DWIDTH 10 0
BBX 9 8 0 0
BITMAP
3F00
6100
6000
E000
E380
6180
6780
3F00
ENDCHAR
STARTCHAR $01E5
ENCODING 485
SWIDTH 720 0
DWIDTH 8 0
BBX 7 8 0 -2
BITMAP
36
6E
E6
66
6E
36
FE
7C
ENDCHAR
STARTCHAR $01E6
ENCODING 486
SWIDTH 810 0
DWIDTH 9 0
BBX 9 10 0 0
BITMAP
1C00
0000
3E00
7100
6000
E000
E380
6180
7180
3E00
ENDCHAR
STARTCHAR $01E7
ENCODING 487
SWIDTH 720 0
DWIDTH 8 0
BBX 7 11 0 -2
BITMAP
28
18
00
76
6E
E6
E6
66
7E
44
7C
ENDCHAR
STARTCHAR $01E8
ENCODING 488
SWIDTH 900 0
DWIDTH 10 0
BBX 9 10 1 0
BITMAP
1400
0800
F700
6400
6800
7000
7C00
6E00
6700
F380
ENDCHAR
STARTCHAR $01E9
ENCODING 489
SWIDTH 720 0
DWIDTH 8 0
BBX 8 10 0 0
BITMAP
E0
E0
60
60
66
64
68
7C
66
F7
ENDCHAR
STARTCHAR $01EA
ENCODING 490
SWIDTH 900 0
DWIDTH 10 0
BBX 9 10 0 -2
BITMAP
3E00
6300
6180
E180
E180
6180
6300
3E00
0800
0C00
ENDCHAR
STARTCHAR $01EB
ENCODING 491
SWIDTH 630 0
DWIDTH 7 0
BBX 7 8 0 -2
BITMAP
3C
66
E6
E6
66
3C
10
18
ENDCHAR
STARTCHAR $01EC
ENCODING 492
SWIDTH 900 0
DWIDTH 10 0
BBX 9 12 0 -2
BITMAP
1C00
0000
3E00
6300
6180
E180
E180
6180
6300
3E00
0800
0C00
ENDCHAR
STARTCHAR $01ED
ENCODING 493
SWIDTH 630 0
DWIDTH 7 0
BBX 7 10 0 -2
BITMAP
38
00
3C
66
E6
E6
66
3C
10
18
ENDCHAR
STARTCHAR $01EE
ENCODING 494
SWIDTH 630 0
DWIDTH 7 0
BBX 7 10 0 0
BITMAP
28
10
7C
18
38
30
0C
0E
8C
FC
ENDCHAR
STARTCHAR $01EF
ENCODING 495
SWIDTH 540 0
DWIDTH 6 0
BBX 7 11 0 -2
BITMAP
48
30
00
7C
18
38
30
0C
0E
8C
FC
ENDCHAR
STARTCHAR $01F0
ENCODING 496
SWIDTH 360 0
DWIDTH 4 0
BBX 5 11 -1 -2
BITMAP
48
30
00
70
30
30
30
30
30
30
F0
ENDCHAR
STARTCHAR $01F1
ENCODING 497
SWIDTH 1620 0
DWIDTH 18 0
BBX 16 8 1 0
BITMAP
FC7F
6647
6306
630C
6318
6338
6631
FC7F
ENDCHAR
STARTCHAR $01F2
ENCODING 498
SWIDTH 1440 0
DWIDTH 16 0
BBX 14 8 1 0
BITMAP
FC00
6600
637C
634C
6318
6330
6634
FC7C
ENDCHAR
STARTCHAR $01F3
ENCODING 499
SWIDTH 1260 0
DWIDTH 14 0
BBX 14 9 0 0
BITMAP
0E00
0600
0600
76FC
6E98
E630
E660
6664
7EFC
ENDCHAR
STARTCHAR $01F4
ENCODING 500
SWIDTH 810 0
DWIDTH 9 0
BBX 9 10 0 0
BITMAP
0C00
0000
3E00
7100
6000
E000
E380
6180
7180
3E00
ENDCHAR
STARTCHAR $01F5
ENCODING 501
SWIDTH 720 0
DWIDTH 8 0
BBX 7 11 0 -2
BITMAP
08
10
00
76
6E
E6
E6
66
7E
44
7C
ENDCHAR
STARTCHAR $01F6
ENCODING 502
SWIDTH 1170 0
DWIDTH 13 0
BBX 12 8 1 0
BITMAP
F780
6300
6330
7F10
6310
6310
6310
F1E0
ENDCHAR
STARTCHAR $01F7
ENCODING 503
SWIDTH 810 0
DWIDTH 9 0
BBX 8 10 1 -2
BITMAP
FE
67
67
66
64
68
70
60
60
E0
ENDCHAR
STARTCHAR $01F8
ENCODING 504
SWIDTH 900 0
DWIDTH 10 0
BBX 10 10 0 0
BITMAP
0800
0000
E1C0
3080
3880
5C80
4E80
4780
4380
E180
ENDCHAR
STARTCHAR $01F9
ENCODING 505
SWIDTH 720 0
DWIDTH 8 0
BBX 8 9 0 0
BITMAP
20
10
00
EC
76
66
66
66
FF
ENDCHAR
STARTCHAR $01FA
ENCODING 506
SWIDTH 810 0
DWIDTH 9 0
BBX 9 10 0 0
BITMAP
0C00
1C00
1400
1C00
2C00
2C00
2600
7E00
4700
C780
ENDCHAR
STARTCHAR $01FB
ENCODING 507
SWIDTH 630 0
DWIDTH 7 0
BBX 7 10 0 0
BITMAP
18
38
28
30
78
4C
3C
6C
CC
7E
ENDCHAR
STARTCHAR $01FC
ENCODING 508
SWIDTH 990 0
DWIDTH 11 0
BBX 11 10 0 0
BITMAP
0200
0000
3FE0
1620
2600
2780
4600
7E00
8620
CFE0
ENDCHAR
STARTCHAR $01FD
ENCODING 509
SWIDTH 990 0
DWIDTH 11 0
BBX 10 9 0 0
BITMAP
0600
0400
0000
7B80
4CC0
7FC0
4C00
CE40
7380
ENDCHAR
STARTCHAR $01FE
ENCODING 510
SWIDTH 900 0
DWIDTH 10 0
BBX 9 10 0 0
BITMAP
0C00
0000
3E80
6300
6380
E580
6980
7180
6300
9E00
ENDCHAR
STARTCHAR $01FF
ENCODING 511
SWIDTH 630 0
DWIDTH 7 0
BBX 7 9 0 0
BITMAP
08
10
00
3A
64
EE
76
66
BC
ENDCHAR
STARTCHAR $0200
ENCODING 512
SWIDTH 810 0
DWIDTH 9 0
BBX 9 10 0 0
BITMAP
3800
0000
1800
1C00
2C00
2C00
4600
7E00
4700
C780
ENDCHAR
STARTCHAR $0201
ENCODING 513
SWIDTH 630 0
DWIDTH 7 0
BBX 7 9 0 0
BITMAP
50
28
00
78
4C
7C
4C
CC
7E
ENDCHAR
STARTCHAR $0202
ENCODING 514
SWIDTH 810 0
DWIDTH 9 0
BBX 9 10 0 0
BITMAP
1C00
0000
1800
1C00
2C00
2C00
4600
7E00
4700
C780
ENDCHAR
STARTCHAR $0203
ENCODING 515
SWIDTH 630 0
DWIDTH 7 0
BBX 7 9 0 0
BITMAP
10
68
00
78
4C
7C
4C
CC
7E
ENDCHAR
STARTCHAR $0204
ENCODING 516
SWIDTH 720 0
DWIDTH 8 0
BBX 7 10 1 0
BITMAP
78
00
FE
62
60
78
60
60
62
FE
ENDCHAR
STARTCHAR $0205
ENCODING 517
SWIDTH 630 0
DWIDTH 7 0
BBX 6 9 0 0
BITMAP
50
28
00
38
6C
FC
E0
64
38
ENDCHAR
STARTCHAR $0206
ENCODING 518
SWIDTH 720 0
DWIDTH 8 0
BBX 7 10 1 0
BITMAP
38
00
FE
62
60
78
60
60
62
FE
ENDCHAR
STARTCHAR $0207
ENCODING 519
SWIDTH 630 0
DWIDTH 7 0
BBX 6 9 0 0
BITMAP
10
28
00
38
6C
FC
E0
64
38
ENDCHAR
STARTCHAR $0208
ENCODING 520
SWIDTH 450 0
DWIDTH 5 0
BBX 4 10 1 0
BITMAP
E0
00
F0
60
60
60
60
60
60
F0
ENDCHAR
STARTCHAR $0209
ENCODING 521
SWIDTH 360 0
DWIDTH 4 0
BBX 4 9 0 0
BITMAP
A0
E0
00
E0
60
60
60
60
F0
ENDCHAR
STARTCHAR $020A
ENCODING 522
SWIDTH 450 0
DWIDTH 5 0
BBX 4 10 1 0
BITMAP
E0
00
F0
60
60
60
60
60
60
F0
ENDCHAR
STARTCHAR $020B
ENCODING 523
SWIDTH 360 0
DWIDTH 4 0
BBX 4 8 0 1
BITMAP
F0
00
E0
60
60
60
60
F0
ENDCHAR
STARTCHAR $020C
ENCODING 524
SWIDTH 900 0
DWIDTH 10 0
BBX 9 10 0 0
BITMAP
1400
0000
3E00
6300
6180
E180
E180
6180
6300
3E00
ENDCHAR
STARTCHAR $020D
ENCODING 525
SWIDTH 630 0
DWIDTH 7 0
BBX 7 9 0 0
BITMAP
70
28
00
3C
66
E6
E6
66
3C
ENDCHAR
STARTCHAR $020E
ENCODING 526
SWIDTH 900 0
DWIDTH 10 0
BBX 9 10 0 0
BITMAP
1C00
0000
3E00
6300
6180
E180
E180
6180
6300
3E00
ENDCHAR
STARTCHAR $020F
ENCODING 527
SWIDTH 630 0
DWIDTH 7 0
BBX 7 9 0 0
BITMAP
10
28
00
3C
66
E6
E6
66
3C
ENDCHAR
STARTCHAR $0210
ENCODING 528
SWIDTH 810 0
DWIDTH 9 0
BBX 8 10 1 0
BITMAP
38
00
FC
66
66
66
78
6C
66
F7
ENDCHAR
STARTCHAR $0211
ENCODING 529
SWIDTH 540 0
DWIDTH 6 0
BBX 6 9 0 0
BITMAP
50
28
00
EC
74
60
60
60
F0
ENDCHAR
STARTCHAR $0212
ENCODING 530
SWIDTH 810 0
DWIDTH 9 0
BBX 8 10 1 0
BITMAP
38
00
FC
66
66
66
78
6C
66
F7
ENDCHAR
STARTCHAR $0213
ENCODING 531
SWIDTH 540 0
DWIDTH 6 0
BBX 6 9 0 0
BITMAP
10
28
00
EC
74
60
60
60
F0
ENDCHAR
STARTCHAR $0214
ENCODING 532
SWIDTH 900 0
DWIDTH 10 0
BBX 9 10 0 0
BITMAP
1400
0000
F980
6100
6100
6100
6100
7100
3100
1E00
ENDCHAR
STARTCHAR $0215
ENCODING 533
SWIDTH 720 0
DWIDTH 8 0
BBX 8 9 0 0
BITMAP
78
28
00
EE
66
66
66
66
3F
ENDCHAR
STARTCHAR $0216
ENCODING 534
SWIDTH 900 0
DWIDTH 10 0
BBX 9 10 0 0
BITMAP
0E00
0000
F980
6100
6100
6100
6100
7100
3100
1E00
ENDCHAR
STARTCHAR $0217
ENCODING 535
SWIDTH 720 0
DWIDTH 8 0
BBX 8 9 0 0
BITMAP
10
2C
00
EE
66
66
66
66
3F
ENDCHAR
STARTCHAR $0218
ENCODING 536
SWIDTH 720 0
DWIDTH 8 0
BBX 6 10 1 -3
BITMAP
7C
84
C0
F8
7C
0C
8C
78
00
30
ENDCHAR
STARTCHAR $0219
ENCODING 537
SWIDTH 540 0
DWIDTH 6 0
BBX 6 8 0 -3
BITMAP
78
C8
70
3C
8C
78
00
30
ENDCHAR
STARTCHAR $021A
ENCODING 538
SWIDTH 720 0
DWIDTH 8 0
BBX 8 11 0 -3
BITMAP
FF
99
18
18
18
18
18
3C
00
08
10
ENDCHAR
STARTCHAR $021B
ENCODING 539
SWIDTH 450 0
DWIDTH 5 0
BBX 5 10 0 -3
BITMAP
60
60
F8
60
60
60
68
78
00
30
ENDCHAR
STARTCHAR $021C
ENCODING 540
SWIDTH 720 0
DWIDTH 8 0
BBX 6 10 1 -2
BITMAP
F8
9C
1C
18
38
5C
0C
18
30
C0
ENDCHAR
STARTCHAR $021D
ENCODING 541
SWIDTH 630 0
DWIDTH 7 0
BBX 5 8 1 -2
BITMAP
F0
98
18
30
F8
18
30
C0
ENDCHAR
STARTCHAR $021E
ENCODING 542
SWIDTH 900 0
DWIDTH 10 0
BBX 9 10 1 0
BITMAP
1C00
0000
F780
6300
6300
7F00
6300
6300
6300
F780
ENDCHAR
STARTCHAR $021F
ENCODING 543
SWIDTH 720 0
DWIDTH 8 0
BBX 8 10 0 0
BITMAP
E0
E0
60
60
6C
76
66
66
66
FF
ENDCHAR
STARTCHAR $0220
ENCODING 544
SWIDTH 900 0
DWIDTH 10 0
BBX 9 10 0 -2
BITMAP
6F00
7300
7300
6300
6300
6300
6300
FB00
0300
0380
ENDCHAR
STARTCHAR $0221
ENCODING 545
SWIDTH 810 0
DWIDTH 9 0
BBX 8 9 0 -1
BITMAP
0E
06
36
6E
E6
E6
67
7F
08
ENDCHAR
STARTCHAR $0222
ENCODING 546
SWIDTH 720 0
DWIDTH 8 0
BBX 7 8 0 0
BITMAP
04
64
64
78
7E
46
C6
7C
ENDCHAR
STARTCHAR $0223
ENCODING 547
SWIDTH 630 0
DWIDTH 7 0
BBX 5 8 1 0
BITMAP
90
88
D0
70
B8
88
88
F8
ENDCHAR
STARTCHAR $0224
ENCODING 548
SWIDTH 720 0
DWIDTH 8 0
BBX 8 11 0 -3
BITMAP
7F
06
0C
1C
38
30
60
FF
03
02
04
ENDCHAR
STARTCHAR $0225
ENCODING 549
SWIDTH 540 0
DWIDTH 6 0
BBX 6 8 0 -3
BITMAP
7C
18
38
30
60
FC
0C
08
ENDCHAR
STARTCHAR $0226
ENCODING 550
SWIDTH 810 0
DWIDTH 9 0
BBX 9 10 0 0
BITMAP
1800
1800
1800
1C00
2C00
2C00
4600
7E00
4700
C780
ENDCHAR
STARTCHAR $0227
ENCODING 551
SWIDTH 630 0
DWIDTH 7 0
BBX 7 8 0 0
BITMAP
30
00
78
4C
7C
4C
CC
7E
ENDCHAR
STARTCHAR $0228
ENCODING 552
SWIDTH 720 0
DWIDTH 8 0
BBX 7 10 1 -2
BITMAP
FE
62
60
78
60
60
62
FE
10
30
ENDCHAR
STARTCHAR $0229
ENCODING 553
SWIDTH 630 0
DWIDTH 7 0
BBX 6 8 0 -2
BITMAP
38
6C
FC
E0
64
38
10
30
ENDCHAR
STARTCHAR $022A
ENCODING 554
SWIDTH 900 0
DWIDTH 10 0
BBX 9 11 0 0
BITMAP
1C00
1600
1600
3E00
6300
6180
E180
E180
6180
6300
3E00
ENDCHAR
STARTCHAR $022B
ENCODING 555
SWIDTH 630 0
DWIDTH 7 0
BBX 7 10 0 0
BITMAP
38
2C
2C
00
3C
66
E6
E6
66
3C
ENDCHAR
STARTCHAR $022C
ENCODING 556
SWIDTH 900 0
DWIDTH 10 0
BBX 9 11 0 0
BITMAP
1C00
1A00
1400
3E00
6300
6180
E180
E180
6180
6300
3E00
ENDCHAR
STARTCHAR $022D
ENCODING 557
SWIDTH 630 0
DWIDTH 7 0
BBX 7 9 0 0
BITMAP
38
34
08
3C
66
E6
E6
66
3C
ENDCHAR
STARTCHAR $022E
ENCODING 558
SWIDTH 900 0
DWIDTH 10 0
BBX 9 10 0 0
BITMAP
0800
0800
3E00
6300
6180
E180
E180
6180
6300
3E00
ENDCHAR
STARTCHAR $022F
ENCODING 559
SWIDTH 630 0
DWIDTH 7 0
BBX 7 8 0 0
BITMAP
10
00
3C
66
E6
E6
66
3C
ENDCHAR
STARTCHAR $0230
ENCODING 560
SWIDTH 900 0
DWIDTH 10 0
BBX 9 11 0 0
BITMAP
1C00
0800
0800
3E00
6300
6180
E180
E180
6180
6300
3E00
ENDCHAR
STARTCHAR $0231
ENCODING 561
SWIDTH 630 0
DWIDTH 7 0
BBX 7 10 0 0
BITMAP
38
10
10
00
3C
66
E6
E6
66
3C
ENDCHAR
STARTCHAR $0232
ENCODING 562
SWIDTH 720 0
DWIDTH 8 0
BBX 8 10 0 0
BITMAP
1C
00
F3
62
34
3C
18
18
18
3C
ENDCHAR
STARTCHAR $0233
ENCODING 563
SWIDTH 540 0
DWIDTH 6 0
BBX 7 10 0 -2
BITMAP
38
00
E6
64
68
38
30
10
A0
60
ENDCHAR
STARTCHAR $0234
ENCODING 564
SWIDTH 540 0
DWIDTH 6 0
BBX 5 9 1 -1
BITMAP
C0
C0
C0
C0
C0
C0
F8
68
50
ENDCHAR
STARTCHAR $0235
ENCODING 565
SWIDTH 900 0
DWIDTH 10 0
BBX 10 7 0 -1
BITMAP
EC00
7600
6600
6600
67C0
F340
0480
ENDCHAR
STARTCHAR $0236
ENCODING 566
SWIDTH 540 0
DWIDTH 6 0
BBX 6 8 0 -1
BITMAP
60
F8
60
60
60
7C
34
48
ENDCHAR
STARTCHAR $0237
ENCODING 567
SWIDTH 360 0
DWIDTH 4 0
BBX 4 8 -1 -2
BITMAP
70
30
30
30
30
30
30
F0
ENDCHAR
STARTCHAR $0238
ENCODING 568
SWIDTH 990 0
DWIDTH 11 0
BBX 11 8 0 0
BITMAP
0E00
0600
37C0
6E60
E660
E660
6660
7FC0
ENDCHAR
STARTCHAR $0239
ENCODING 569
SWIDTH 990 0
DWIDTH 11 0
BBX 11 8 0 -2
BITMAP
37C0
6E60
E660
E660
6660
7FC0
0600
0E00
ENDCHAR
STARTCHAR $023A
ENCODING 570
SWIDTH 810 0
DWIDTH 9 0
BBX 9 8 0 0
BITMAP
1900
1A00
2C00
2C00
3600
7E00
4700
C780
ENDCHAR
STARTCHAR $023B
ENCODING 571
SWIDTH 810 0
DWIDTH 9 0
BBX 8 8 0 0
BITMAP
3F
63
65
E8
F0
60
61
BE
ENDCHAR
STARTCHAR $023C
ENCODING 572
SWIDTH 630 0
DWIDTH 7 0
BBX 6 7 0 -1
BITMAP
3C
64
F8
E0
64
7C
80
ENDCHAR
STARTCHAR $023D
ENCODING 573
SWIDTH 720 0
DWIDTH 8 0
BBX 8 8 0 0
BITMAP
78
30
30
F8
30
30
31
7F
ENDCHAR
STARTCHAR $023E
ENCODING 574
SWIDTH 720 0
DWIDTH 8 0
BBX 8 8 0 0
BITMAP
FF
9B
1C
18
18
38
58
BC
ENDCHAR
STARTCHAR $023F
ENCODING 575
SWIDTH 540 0
DWIDTH 6 0
BBX 5 8 1 -2
BITMAP
F0
80
E0
78
18
B0
C0
70
ENDCHAR
STARTCHAR $0240
ENCODING 576
SWIDTH 540 0
DWIDTH 6 0
BBX 6 8 0 -2
BITMAP
7C
18
38
30
60
E0
30
1C
ENDCHAR
STARTCHAR $0241
ENCODING 577
SWIDTH 630 0
DWIDTH 7 0
BBX 6 8 1 0
BITMAP
F8
0C
0C
1C
70
60
60
F0
ENDCHAR
STARTCHAR $0242
ENCODING 578
SWIDTH 540 0
DWIDTH 6 0
BBX 5 6 1 0
BITMAP
F0
38
38
38
60
F0
ENDCHAR
STARTCHAR $0243
ENCODING 579
SWIDTH 810 0
DWIDTH 9 0
BBX 9 8 0 0
BITMAP
7F00
3300
3300
3E00
3300
FB80
3380
7F00
ENDCHAR
STARTCHAR $0244
ENCODING 580
SWIDTH 900 0
DWIDTH 10 0
BBX 9 8 0 0
BITMAP
F980
6100
6100
FF80
6100
7100
3100
3E00
ENDCHAR
STARTCHAR $0245
ENCODING 581
SWIDTH 810 0
DWIDTH 9 0
BBX 9 8 0 0
BITMAP
1800
1800
2C00
2C00
2600
4600
4700
C780
ENDCHAR
STARTCHAR $0246
ENCODING 582
SWIDTH 720 0
DWIDTH 8 0
BBX 7 8 1 0
BITMAP
FE
6A
68
78
78
70
72
FE
ENDCHAR
STARTCHAR $0247
ENCODING 583
SWIDTH 630 0
DWIDTH 7 0
BBX 6 7 0 -1
BITMAP
38
74
F4
F8
64
7C
20
ENDCHAR
STARTCHAR $0248
ENCODING 584
SWIDTH 450 0
DWIDTH 5 0
BBX 6 10 -1 -2
BITMAP
3C
18
18
7C
18
18
18
18
18
F0
ENDCHAR
STARTCHAR $0249
ENCODING 585
SWIDTH 360 0
DWIDTH 4 0
BBX 4 10 -1 -2
BITMAP
30
30
70
30
30
30
30
30
30
F0
ENDCHAR
STARTCHAR $024A
ENCODING 586
SWIDTH 810 0
DWIDTH 9 0
BBX 10 10 0 -2
BITMAP
3F80
6700
6300
E300
E300
6300
6700
3B00
0300
03C0
ENDCHAR
STARTCHAR $024B
ENCODING 587
SWIDTH 720 0
DWIDTH 8 0
BBX 9 8 0 -2
BITMAP
3600
6E00
E600
E600
6600
7E00
0600
0780
ENDCHAR
STARTCHAR $024C
ENCODING 588
SWIDTH 810 0
DWIDTH 9 0
BBX 8 8 1 0
BITMAP
FC
66
66
6C
FC
6C
66
F7
ENDCHAR
STARTCHAR $024D
ENCODING 589
SWIDTH 540 0
DWIDTH 6 0
BBX 6 6 0 0
BITMAP
EC
74
60
70
60
F0
ENDCHAR
STARTCHAR $024E
ENCODING 590
SWIDTH 720 0
DWIDTH 8 0
BBX 8 8 0 0
BITMAP
F3
62
BC
3C
18
18
18
3C
ENDCHAR
STARTCHAR $024F
ENCODING 591
SWIDTH 540 0
DWIDTH 6 0
BBX 7 8 0 -2
BITMAP
E6
64
FE
38
38
30
10
60
ENDCHAR
STARTCHAR $0250
ENCODING 592
SWIDTH 630 0
DWIDTH 7 0
BBX 7 6 0 0
BITMAP
EC
76
66
7C
60
3C
ENDCHAR
STARTCHAR $0251
ENCODING 593
SWIDTH 720 0
DWIDTH 8 0
BBX 7 6 0 0
BITMAP
36
6E
E6
E6
66
7E
ENDCHAR
STARTCHAR $0252
ENCODING 594
SWIDTH 720 0
DWIDTH 8 0
BBX 7 6 0 0
BITMAP
EC
76
66
66
66
FE
ENDCHAR
STARTCHAR $0253
ENCODING 595
SWIDTH 720 0
DWIDTH 8 0
BBX 7 8 0 0
BITMAP
78
60
7C
66
66
66
66
FC
ENDCHAR
STARTCHAR $0254
ENCODING 596
SWIDTH 630 0
DWIDTH 7 0
BBX 6 6 0 0
BITMAP
78
4C
0C
8C
4C
78
ENDCHAR
STARTCHAR $0255
ENCODING 597
SWIDTH 630 0
DWIDTH 7 0
BBX 6 7 0 -1
BITMAP
3C
64
E0
E0
7C
74
48
ENDCHAR
STARTCHAR $0256
ENCODING 598
SWIDTH 720 0
DWIDTH 8 0
BBX 9 10 0 -2
BITMAP
0E00
0600
3600
6E00
E600
E600
6600
7E00
0600
0780
ENDCHAR
STARTCHAR $0257
ENCODING 599
SWIDTH 720 0
DWIDTH 8 0
BBX 9 8 0 0
BITMAP
0780
0600
3600
6E00
E600
E600
6600
7E00
ENDCHAR
STARTCHAR $0258
ENCODING 600
SWIDTH 630 0
DWIDTH 7 0
BBX 5 6 1 0
BITMAP
70
D8
D8
38
98
F8
ENDCHAR
STARTCHAR $0259
ENCODING 601
SWIDTH 630 0
DWIDTH 7 0
BBX 5 6 1 0
BITMAP
70
98
18
F8
D8
F8
ENDCHAR
STARTCHAR $025A
ENCODING 602
SWIDTH 900 0
DWIDTH 10 0
BBX 9 6 1 0
BITMAP
7000
9E00
1980
7800
D800
F800
ENDCHAR
STARTCHAR $025B
ENCODING 603
SWIDTH 630 0
DWIDTH 7 0
BBX 5 6 1 0
BITMAP
F8
C0
60
C0
C0
F8
ENDCHAR
STARTCHAR $025C
ENCODING 604
SWIDTH 540 0
DWIDTH 6 0
BBX 6 6 0 0
BITMAP
78
0C
18
1C
0C
FC
ENDCHAR
STARTCHAR $025D
ENCODING 605
SWIDTH 900 0
DWIDTH 10 0
BBX 10 6 0 0
BITMAP
7800
0F00
18C0
1C00
0C00
FC00
ENDCHAR
STARTCHAR $025E
ENCODING 606
SWIDTH 720 0
DWIDTH 8 0
BBX 7 6 0 0
BITMAP
3E
66
66
EE
66
3E
ENDCHAR
STARTCHAR $025F
ENCODING 607
SWIDTH 360 0
DWIDTH 4 0
BBX 4 8 -1 -2
BITMAP
70
30
30
30
30
30
30
F0
ENDCHAR
STARTCHAR $0260
ENCODING 608
SWIDTH 720 0
DWIDTH 8 0
BBX 9 10 0 -2
BITMAP
0780
0600
3E00
6600
6600
E600
6600
7E00
0600
7C00
ENDCHAR
STARTCHAR $0261
ENCODING 609
SWIDTH 720 0
DWIDTH 8 0
BBX 7 8 0 -2
BITMAP
3E
66
66
E6
66
7E
06
7C
ENDCHAR
STARTCHAR $0262
ENCODING 610
SWIDTH 630 0
DWIDTH 7 0
BBX 6 6 0 0
BITMAP
3C
64
E0
EC
6C
7C
ENDCHAR
STARTCHAR $0263
ENCODING 611
SWIDTH 630 0
DWIDTH 7 0
BBX 6 8 0 -2
BITMAP
FC
68
38
18
38
4C
4C
7C
ENDCHAR
STARTCHAR $0264
ENCODING 612
SWIDTH 630 0
DWIDTH 7 0
BBX 7 6 0 0
BITMAP
42
B6
38
18
2C
3C
ENDCHAR
STARTCHAR $0265
ENCODING 613
SWIDTH 720 0
DWIDTH 8 0
BBX 7 8 0 -2
BITMAP
EE
66
66
66
66
7E
06
06
ENDCHAR
STARTCHAR $0266
ENCODING 614
SWIDTH 720 0
DWIDTH 8 0
BBX 8 8 0 0
BITMAP
78
60
6C
76
66
66
66
FF
ENDCHAR
STARTCHAR $0267
ENCODING 615
SWIDTH 720 0
DWIDTH 8 0
BBX 7 10 0 -2
BITMAP
78
60
6C
76
66
66
66
F6
06
1E
ENDCHAR
STARTCHAR $0268
ENCODING 616
SWIDTH 360 0
DWIDTH 4 0
BBX 4 8 0 0
BITMAP
60
60
E0
60
60
60
60
F0
ENDCHAR
STARTCHAR $0269
ENCODING 617
SWIDTH 360 0
DWIDTH 4 0
BBX 4 6 0 0
BITMAP
E0
60
60
60
60
70
ENDCHAR
STARTCHAR $026A
ENCODING 618
SWIDTH 360 0
DWIDTH 4 0
BBX 4 6 0 0
BITMAP
F0
60
60
60
60
F0
ENDCHAR
STARTCHAR $026B
ENCODING 619
SWIDTH 450 0
DWIDTH 5 0
BBX 4 8 0 0
BITMAP
60
60
60
F0
60
60
60
70
ENDCHAR
STARTCHAR $026C
ENCODING 620
SWIDTH 540 0
DWIDTH 6 0
BBX 5 8 0 0
BITMAP
30
10
70
90
78
10
10
38
ENDCHAR
STARTCHAR $026D
ENCODING 621
SWIDTH 360 0
DWIDTH 4 0
BBX 4 10 1 -2
BITMAP
C0
C0
C0
C0
C0
C0
C0
C0
C0
F0
ENDCHAR
STARTCHAR $026E
ENCODING 622
SWIDTH 810 0
DWIDTH 9 0
BBX 9 10 0 -2
BITMAP
6000
6000
7F00
6300
6600
6400
6380
F180
1180
1F00
ENDCHAR
STARTCHAR $026F
ENCODING 623
SWIDTH 1080 0
DWIDTH 12 0
BBX 11 6 0 0
BITMAP
EEC0
6640
6640
6640
66C0
7F60
ENDCHAR
STARTCHAR $0270
ENCODING 624
SWIDTH 1080 0
DWIDTH 12 0
BBX 11 8 0 -2
BITMAP
EEC0
6640
6640
6640
66C0
7F40
0040
0060
ENDCHAR
STARTCHAR $0271
ENCODING 625
SWIDTH 1080 0
DWIDTH 12 0
BBX 11 8 0 -2
BITMAP
EDC0
7640
6660
6660
6660
FF60
0060
01C0
ENDCHAR
STARTCHAR $0272
ENCODING 626
SWIDTH 720 0
DWIDTH 8 0
BBX 9 8 -1 -2
BITMAP
7600
3B00
3300
3300
3300
3780
3000
F000
ENDCHAR
STARTCHAR $0273
ENCODING 627
SWIDTH 720 0
DWIDTH 8 0
BBX 9 8 0 -2
BITMAP
EC00
7600
6600
6600
6600
F600
0600
0780
ENDCHAR
STARTCHAR $0274
ENCODING 628
SWIDTH 720 0
DWIDTH 8 0
BBX 6 6 1 0
BITMAP
CC
E8
F8
B8
98
C8
ENDCHAR
STARTCHAR $0275
ENCODING 629
SWIDTH 630 0
DWIDTH 7 0
BBX 7 6 0 0
BITMAP
38
64
66
FE
66
7C
ENDCHAR
STARTCHAR $0276
ENCODING 630
SWIDTH 1080 0
DWIDTH 12 0
BBX 10 6 1 0
BITMAP
3FC0
C640
C680
C780
C600
7FC0
ENDCHAR
STARTCHAR $0277
ENCODING 631
SWIDTH 900 0
DWIDTH 10 0
BBX 10 6 0 0
BITMAP
1F00
6180
60C0
ECC0
6CC0
7F80
ENDCHAR
STARTCHAR $0278
ENCODING 632
SWIDTH 810 0
DWIDTH 9 0
BBX 8 10 0 -2
BITMAP
1C
08
3E
6B
6B
EB
6B
6E
18
1C
ENDCHAR
STARTCHAR $0279
ENCODING 633
SWIDTH 540 0
DWIDTH 6 0
BBX 6 6 0 0
BITMAP
3C
18
18
18
98
FC
ENDCHAR
STARTCHAR $027A
ENCODING 634
SWIDTH 540 0
DWIDTH 6 0
BBX 6 8 0 0
BITMAP
18
18
18
18
18
18
98
FC
ENDCHAR
STARTCHAR $027B
ENCODING 635
SWIDTH 540 0
DWIDTH 6 0
BBX 7 8 0 -2
BITMAP
3C
18
18
18
98
F8
18
1E
ENDCHAR
STARTCHAR $027C
ENCODING 636
SWIDTH 540 0
DWIDTH 6 0
BBX 6 8 0 -2
BITMAP
EC
74
60
60
60
60
60
70
ENDCHAR
STARTCHAR $027D
ENCODING 637
SWIDTH 540 0
DWIDTH 6 0
BBX 6 8 0 -2
BITMAP
EC
74
60
60
60
60
60
78
ENDCHAR
STARTCHAR $027E
ENCODING 638
SWIDTH 450 0
DWIDTH 5 0
BBX 5 6 0 0
BITMAP
38
68
60
60
60
F0
ENDCHAR
STARTCHAR $027F
ENCODING 639
SWIDTH 450 0
DWIDTH 5 0
BBX 5 6 0 0
BITMAP
F0
B0
30
30
30
78
ENDCHAR
STARTCHAR $0280
ENCODING 640
SWIDTH 720 0
DWIDTH 8 0
BBX 8 6 0 0
BITMAP
FC
66
64
7C
6C
F7
ENDCHAR
STARTCHAR $0281
ENCODING 641
SWIDTH 720 0
DWIDTH 8 0
BBX 8 6 0 0
BITMAP
F7
66
6C
7C
66
FC
ENDCHAR
STARTCHAR $0282
ENCODING 642
SWIDTH 540 0
DWIDTH 6 0
BBX 5 8 1 -2
BITMAP
F0
80
E0
78
18
B0
C0
E0
ENDCHAR
STARTCHAR $0283
ENCODING 643
SWIDTH 360 0
DWIDTH 4 0
BBX 5 10 -1 -2
BITMAP
78
60
60
60
20
30
30
30
30
F0
ENDCHAR
STARTCHAR $0284
ENCODING 644
SWIDTH 450 0
DWIDTH 5 0
BBX 6 10 -1 -2
BITMAP
3C
30
70
30
30
30
30
30
30
F0
ENDCHAR
STARTCHAR $0285
ENCODING 645
SWIDTH 540 0
DWIDTH 6 0
BBX 6 8 0 -2
BITMAP
F0
98
18
30
30
30
30
3C
ENDCHAR
STARTCHAR $0286
ENCODING 646
SWIDTH 360 0
DWIDTH 4 0
BBX 5 10 -1 -2
BITMAP
78
60
60
60
20
30
30
30
70
F8
ENDCHAR
STARTCHAR $0287
ENCODING 647
SWIDTH 450 0
DWIDTH 5 0
BBX 5 8 0 -2
BITMAP
70
B0
30
30
30
78
30
30
ENDCHAR
STARTCHAR $0288
ENCODING 648
SWIDTH 450 0
DWIDTH 5 0
BBX 5 9 0 -2
BITMAP
60
F8
60
60
60
60
60
60
78
ENDCHAR
STARTCHAR $0289
ENCODING 649
SWIDTH 720 0
DWIDTH 8 0
BBX 8 6 0 0
BITMAP
EE
66
66
7E
66
7F
ENDCHAR
STARTCHAR $028A
ENCODING 650
SWIDTH 630 0
DWIDTH 7 0
BBX 7 6 0 0
BITMAP
EE
64
66
E6
66
3C
ENDCHAR
STARTCHAR $028B
ENCODING 651
SWIDTH 720 0
DWIDTH 8 0
BBX 7 6 0 0
BITMAP
E0
64
66
66
66
3C
ENDCHAR
STARTCHAR $028C
ENCODING 652
SWIDTH 630 0
DWIDTH 7 0
BBX 7 6 0 0
BITMAP
18
18
28
2C
4C
EE
ENDCHAR
STARTCHAR $028D
ENCODING 653
SWIDTH 900 0
DWIDTH 10 0
BBX 10 6 0 0
BITMAP
1300
3300
3D80
5D80
4D80
E9C0
ENDCHAR
STARTCHAR $028E
ENCODING 654
SWIDTH 630 0
DWIDTH 7 0
BBX 7 8 0 0
BITMAP
0E
10
10
18
38
2C
4C
EE
ENDCHAR
STARTCHAR $028F
ENCODING 655
SWIDTH 720 0
DWIDTH 8 0
BBX 6 6 1 0
BITMAP
FC
68
78
30
30
78
ENDCHAR
STARTCHAR $0290
ENCODING 656
SWIDTH 540 0
DWIDTH 6 0
BBX 8 8 0 -2
BITMAP
7C
18
38
30
60
FC
0C
0F
ENDCHAR
STARTCHAR $0291
ENCODING 657
SWIDTH 540 0
DWIDTH 6 0
BBX 6 7 0 -1
BITMAP
7C
18
38
30
7C
FC
10
ENDCHAR
STARTCHAR $0292
ENCODING 658
SWIDTH 540 0
DWIDTH 6 0
BBX 7 8 0 -2
BITMAP
7C
18
38
30
0C
0E
8C
FC
ENDCHAR
STARTCHAR $0293
ENCODING 659
SWIDTH 540 0
DWIDTH 6 0
BBX 6 8 1 -2
BITMAP
F8
30
70
60
18
1C
F8
F8
ENDCHAR
STARTCHAR $0294
ENCODING 660
SWIDTH 540 0
DWIDTH 6 0
BBX 6 8 0 0
BITMAP
F8
0C
0C
18
30
30
30
78
ENDCHAR
STARTCHAR $0295
ENCODING 661
SWIDTH 540 0
DWIDTH 6 0
BBX 6 8 0 0
BITMAP
7C
C0
40
60
30
30
30
38
ENDCHAR
STARTCHAR $0296
ENCODING 662
SWIDTH 540 0
DWIDTH 6 0
BBX 6 8 0 0
BITMAP
70
30
30
30
18
0C
8C
F8
ENDCHAR
STARTCHAR $0297
ENCODING 663
SWIDTH 540 0
DWIDTH 6 0
BBX 4 10 1 -2
BITMAP
F0
C0
C0
C0
C0
C0
C0
C0
C0
F0
ENDCHAR
STARTCHAR $0298
ENCODING 664
SWIDTH 900 0
DWIDTH 10 0
BBX 9 8 0 0
BITMAP
3E00
6300
6180
E980
E980
6180
6300
3E00
ENDCHAR
STARTCHAR $0299
ENCODING 665
SWIDTH 720 0
DWIDTH 8 0
BBX 7 6 0 0
BITMAP
FC
66
7C
66
66
FE
ENDCHAR
STARTCHAR $029A
ENCODING 666
SWIDTH 720 0
DWIDTH 8 0
BBX 7 6 0 0
BITMAP
7C
E6
66
76
E6
7C
ENDCHAR
STARTCHAR $029B
ENCODING 667
SWIDTH 720 0
DWIDTH 8 0
BBX 8 8 0 0
BITMAP
07
0C
3C
64
E0
EC
6C
7C
ENDCHAR
STARTCHAR $029C
ENCODING 668
SWIDTH 720 0
DWIDTH 8 0
BBX 8 6 0 0
BITMAP
FF
66
66
7E
66
FF
ENDCHAR
STARTCHAR $029D
ENCODING 669
SWIDTH 360 0
DWIDTH 4 0
BBX 4 10 0 -2
BITMAP
60
20
60
60
60
60
60
60
E0
F0
ENDCHAR
STARTCHAR $029E
ENCODING 670
SWIDTH 720 0
DWIDTH 8 0
BBX 8 8 0 -2
BITMAP
F7
66
36
1E
16
76
06
06
ENDCHAR
STARTCHAR $029F
ENCODING 671
SWIDTH 630 0
DWIDTH 7 0
BBX 5 6 1 0
BITMAP
F0
60
60
60
68
F8
ENDCHAR
STARTCHAR $02A0
ENCODING 672
SWIDTH 720 0
DWIDTH 8 0
BBX 9 10 0 -2
BITMAP
0780
0600
3600
6E00
E600
E600
6600
7E00
0600
0E00
ENDCHAR
STARTCHAR $02A1
ENCODING 673
SWIDTH 540 0
DWIDTH 6 0
BBX 6 8 0 0
BITMAP
F8
0C
0C
18
30
78
30
78
ENDCHAR
STARTCHAR $02A2
ENCODING 674
SWIDTH 540 0
DWIDTH 6 0
BBX 6 8 0 0
BITMAP
7C
C0
40
60
30
38
30
38
ENDCHAR
STARTCHAR $02A3
ENCODING 675
SWIDTH 1080 0
DWIDTH 12 0
BBX 12 8 0 0
BITMAP
0E00
0600
37F0
6E60
E660
E6C0
6790
7FF0
ENDCHAR
STARTCHAR $02A4
ENCODING 676
SWIDTH 1170 0
DWIDTH 13 0
BBX 13 10 0 -2
BITMAP
0E00
0600
37F0
6E60
E660
E6C0
6630
7E38
0238
03F0
ENDCHAR
STARTCHAR $02A5
ENCODING 677
SWIDTH 1080 0
DWIDTH 12 0
BBX 12 9 0 -1
BITMAP
0E00
0600
37F0
6E60
E660
E6C0
67F0
7FF0
0040
ENDCHAR
STARTCHAR $02A6
ENCODING 678
SWIDTH 900 0
DWIDTH 10 0
BBX 10 7 0 0
BITMAP
6000
FFC0
6440
6700
63C0
60C0
7F80
ENDCHAR
STARTCHAR $02A7
ENCODING 679
SWIDTH 720 0
DWIDTH 8 0
BBX 8 10 0 -2
BITMAP
07
6C
FC
66
66
66
66
6E
16
1E
ENDCHAR
STARTCHAR $02A8
ENCODING 680
SWIDTH 900 0
DWIDTH 10 0
BBX 10 7 0 0
BITMAP
6000
FB80
6640
6C00
6C00
6FC0
7FC0
ENDCHAR
STARTCHAR $02A9
ENCODING 681
SWIDTH 990 0
DWIDTH 11 0
BBX 11 10 0 -2
BITMAP
7800
6000
FEC0
6760
6660
6660
6660
FF60
0060
01E0
ENDCHAR
STARTCHAR $02AA
ENCODING 682
SWIDTH 900 0
DWIDTH 10 0
BBX 9 8 0 0
BITMAP
6000
6000
6780
6C80
6F00
6780
6180
FF80
ENDCHAR
STARTCHAR $02AB
ENCODING 683
SWIDTH 810 0
DWIDTH 9 0
BBX 8 8 0 0
BITMAP
60
60
7F
63
66
6C
6C
FF
ENDCHAR
STARTCHAR $02AC
ENCODING 684
SWIDTH 630 0
DWIDTH 7 0
BBX 5 7 1 0
BITMAP
90
F8
58
00
B0
D8
50
ENDCHAR
STARTCHAR $02AD
ENCODING 685
SWIDTH 450 0
DWIDTH 5 0
BBX 4 6 0 1
BITMAP
F0
90
00
00
F0
90
ENDCHAR
STARTCHAR $02AE
ENCODING 686
SWIDTH 630 0
DWIDTH 7 0
BBX 8 10 -1 -2
BITMAP
F0
30
37
33
33
33
33
3F
03
03
ENDCHAR
STARTCHAR $02AF
ENCODING 687
SWIDTH 720 0
DWIDTH 8 0
BBX 10 10 -1 -2
BITMAP
F000
3000
3700
3300
3300
3300
3300
3F00
0300
03C0
ENDCHAR
STARTCHAR $02B0
ENCODING 688
SWIDTH 540 0
DWIDTH 6 0
BBX 4 4 1 4
BITMAP
80
F0
90
90
ENDCHAR
STARTCHAR $02B1
ENCODING 689
SWIDTH 540 0
DWIDTH 6 0
BBX 4 4 1 4
BITMAP
C0
F0
B0
B0
ENDCHAR
STARTCHAR $02B2
ENCODING 690
SWIDTH 270 0
DWIDTH 3 0
BBX 3 6 0 2
BITMAP
20
20
20
20
20
C0
ENDCHAR
STARTCHAR $02B3
ENCODING 691
SWIDTH 450 0
DWIDTH 5 0
BBX 4 3 0 4
BITMAP
F0
40
40
ENDCHAR
STARTCHAR $02B4
ENCODING 692
SWIDTH 450 0
DWIDTH 5 0
BBX 4 3 0 4
BITMAP
30
30
F0
ENDCHAR
STARTCHAR $02B5
ENCODING 693
SWIDTH 450 0
DWIDTH 5 0
BBX 5 5 0 2
BITMAP
30
30
B0
70
18
ENDCHAR
STARTCHAR $02B6
ENCODING 694
SWIDTH 540 0
DWIDTH 6 0
BBX 4 3 1 4
BITMAP
90
A0
F0
ENDCHAR
STARTCHAR $02B7
ENCODING 695
SWIDTH 630 0
DWIDTH 7 0
BBX 7 4 0 3
BITMAP
E6
5C
2C
28
ENDCHAR
STARTCHAR $02B8
ENCODING 696
SWIDTH 450 0
DWIDTH 5 0
BBX 5 5 0 2
BITMAP
E8
70
30
20
20
ENDCHAR
STARTCHAR $02B9
ENCODING 697
SWIDTH 270 0
DWIDTH 3 0
BBX 1 3 1 6
BITMAP
80
80
80
ENDCHAR
STARTCHAR $02BA
ENCODING 698
SWIDTH 540 0
DWIDTH 6 0
BBX 4 3 1 6
BITMAP
90
B0
A0
ENDCHAR
STARTCHAR $02BB
ENCODING 699
SWIDTH 360 0
DWIDTH 4 0
BBX 2 3 1 5
BITMAP
40
C0
80
ENDCHAR
STARTCHAR $02BC
ENCODING 700
SWIDTH 360 0
DWIDTH 4 0
BBX 2 3 1 5
BITMAP
40
C0
80
ENDCHAR
STARTCHAR $02BD
ENCODING 701
SWIDTH 360 0
DWIDTH 4 0
BBX 2 3 1 5
BITMAP
80
80
40
ENDCHAR
STARTCHAR $02BE
ENCODING 702
SWIDTH 360 0
DWIDTH 4 0
BBX 2 3 1 5
BITMAP
C0
40
80
ENDCHAR
STARTCHAR $02BF
ENCODING 703
SWIDTH 360 0
DWIDTH 4 0
BBX 2 3 1 5
BITMAP
C0
80
40
ENDCHAR
STARTCHAR $02C0
ENCODING 704
SWIDTH 270 0
DWIDTH 3 0
BBX 2 4 1 4
BITMAP
C0
40
80
80
ENDCHAR
STARTCHAR $02C1
ENCODING 705
SWIDTH 270 0
DWIDTH 3 0
BBX 1 4 1 4
BITMAP
80
80
80
80
ENDCHAR
STARTCHAR $02C2
ENCODING 706
SWIDTH 540 0
DWIDTH 6 0
BBX 3 3 1 6
BITMAP
20
C0
60
ENDCHAR
STARTCHAR $02C3
ENCODING 707
SWIDTH 540 0
DWIDTH 6 0
BBX 3 3 1 6
BITMAP
C0
20
C0
ENDCHAR
STARTCHAR $02C4
ENCODING 708
SWIDTH 540 0
DWIDTH 6 0
BBX 3 3 1 6
BITMAP
40
60
A0
ENDCHAR
STARTCHAR $02C5
ENCODING 709
SWIDTH 540 0
DWIDTH 6 0
BBX 3 3 1 6
BITMAP
A0
60
40
ENDCHAR
STARTCHAR $02C6
ENCODING 710
SWIDTH 540 0
DWIDTH 6 0
BBX 3 2 1 7
BITMAP
60
A0
ENDCHAR
STARTCHAR $02C7
ENCODING 711
SWIDTH 540 0
DWIDTH 6 0
BBX 3 2 1 7
BITMAP
A0
60
ENDCHAR
STARTCHAR $02C8
ENCODING 712
SWIDTH 270 0
DWIDTH 3 0
BBX 1 2 1 6
BITMAP
80
80
ENDCHAR
STARTCHAR $02C9
ENCODING 713
SWIDTH 540 0
DWIDTH 6 0
BBX 3 1 1 7
BITMAP
E0
ENDCHAR
STARTCHAR $02CA
ENCODING 714
SWIDTH 540 0
DWIDTH 6 0
BBX 2 2 2 7
BITMAP
40
80
ENDCHAR
STARTCHAR $02CB
ENCODING 715
SWIDTH 540 0
DWIDTH 6 0
BBX 2 2 1 7
BITMAP
C0
40
ENDCHAR
STARTCHAR $02CC
ENCODING 716
SWIDTH 270 0
DWIDTH 3 0
BBX 1 3 1 -1
BITMAP
80
80
80
ENDCHAR
STARTCHAR $02CD
ENCODING 717
SWIDTH 540 0
DWIDTH 6 0
BBX 3 1 1 -2
BITMAP
E0
ENDCHAR
STARTCHAR $02D0
ENCODING 720
SWIDTH 360 0
DWIDTH 4 0
BBX 2 5 1 0
BITMAP
C0
00
00
00
C0
ENDCHAR
STARTCHAR $02D1
ENCODING 721
SWIDTH 360 0
DWIDTH 4 0
BBX 2 1 1 3
BITMAP
C0
ENDCHAR
STARTCHAR $02D2
ENCODING 722
SWIDTH 360 0
DWIDTH 4 0
BBX 2 3 1 3
BITMAP
C0
40
80
ENDCHAR
STARTCHAR $02D3
ENCODING 723
SWIDTH 360 0
DWIDTH 4 0
BBX 2 3 1 3
BITMAP
C0
80
40
ENDCHAR
STARTCHAR $02D6
ENCODING 726
SWIDTH 360 0
DWIDTH 4 0
BBX 2 3 1 2
BITMAP
80
C0
80
ENDCHAR
STARTCHAR $02D7
ENCODING 727
SWIDTH 360 0
DWIDTH 4 0
BBX 2 1 1 3
BITMAP
C0
ENDCHAR
STARTCHAR $02D8
ENCODING 728
SWIDTH 540 0
DWIDTH 6 0
BBX 4 2 1 7
BITMAP
90
E0
ENDCHAR
STARTCHAR $02D9
ENCODING 729
SWIDTH 540 0
DWIDTH 6 0
BBX 2 1 2 7
BITMAP
C0
ENDCHAR
STARTCHAR $02DA
ENCODING 730
SWIDTH 540 0
DWIDTH 6 0
BBX 3 3 1 7
BITMAP
60
A0
60
ENDCHAR
STARTCHAR $02DB
ENCODING 731
SWIDTH 540 0
DWIDTH 6 0
BBX 2 2 2 -2
BITMAP
80
C0
ENDCHAR
STARTCHAR $02DC
ENCODING 732
SWIDTH 540 0
DWIDTH 6 0
BBX 4 2 1 7
BITMAP
D0
20
ENDCHAR
STARTCHAR $02DD
ENCODING 733
SWIDTH 540 0
DWIDTH 6 0
BBX 4 2 1 7
BITMAP
50
A0
ENDCHAR
STARTCHAR $02DE
ENCODING 734
SWIDTH 450 0
DWIDTH 5 0
BBX 4 2 0 4
BITMAP
E0
10
ENDCHAR
STARTCHAR $02E0
ENCODING 736
SWIDTH 360 0
DWIDTH 4 0
BBX 4 5 0 2
BITMAP
D0
60
60
90
60
ENDCHAR
STARTCHAR $02E1
ENCODING 737
SWIDTH 270 0
DWIDTH 3 0
BBX 1 4 1 4
BITMAP
80
80
80
80
ENDCHAR
STARTCHAR $02E2
ENCODING 738
SWIDTH 360 0
DWIDTH 4 0
BBX 3 3 1 4
BITMAP
E0
C0
60
ENDCHAR
STARTCHAR $02E3
ENCODING 739
SWIDTH 450 0
DWIDTH 5 0
BBX 4 3 1 4
BITMAP
F0
40
A0
ENDCHAR
STARTCHAR $02E4
ENCODING 740
SWIDTH 270 0
DWIDTH 3 0
BBX 1 4 1 4
BITMAP
80
80
80
80
ENDCHAR
STARTCHAR $02E5
ENCODING 741
SWIDTH 540 0
DWIDTH 6 0
BBX 3 8 1 0
BITMAP
E0
20
20
20
20
20
20
20
ENDCHAR
STARTCHAR $02E6
ENCODING 742
SWIDTH 540 0
DWIDTH 6 0
BBX 3 8 1 0
BITMAP
20
20
E0
20
20
20
20
20
ENDCHAR
STARTCHAR $02E7
ENCODING 743
SWIDTH 540 0
DWIDTH 6 0
BBX 3 8 1 0
BITMAP
20
20
20
20
E0
20
20
20
ENDCHAR
STARTCHAR $02E8
ENCODING 744
SWIDTH 540 0
DWIDTH 6 0
BBX 3 8 1 0
BITMAP
20
20
20
20
20
E0
20
20
ENDCHAR
STARTCHAR $02E9
ENCODING 745
SWIDTH 540 0
DWIDTH 6 0
BBX 3 8 1 0
BITMAP
20
20
20
20
20
20
20
E0
ENDCHAR
STARTCHAR $02EC
ENCODING 748
SWIDTH 540 0
DWIDTH 6 0
BBX 3 3 1 -3
BITMAP
A0
60
40
ENDCHAR
STARTCHAR $02EE
ENCODING 750
SWIDTH 540 0
DWIDTH 6 0
BBX 4 3 1 5
BITMAP
50
D0
A0
ENDCHAR
STARTCHAR $02EF
ENCODING 751
SWIDTH 540 0
DWIDTH 6 0
BBX 3 2 1 -2
BITMAP
A0
60
ENDCHAR
STARTCHAR $02F0
ENCODING 752
SWIDTH 540 0
DWIDTH 6 0
BBX 3 3 1 -3
BITMAP
40
60
A0
ENDCHAR
STARTCHAR $02F3
ENCODING 755
SWIDTH 540 0
DWIDTH 6 0
BBX 3 3 1 -2
BITMAP
60
A0
60
ENDCHAR
STARTCHAR $02F7
ENCODING 759
SWIDTH 540 0
DWIDTH 6 0
BBX 4 2 1 -2
BITMAP
D0
20
ENDCHAR
STARTCHAR $0300
ENCODING 768
SWIDTH 0 0
DWIDTH 0 0
BBX 2 2 -4 7
BITMAP
80
40
ENDCHAR
STARTCHAR $0301
ENCODING 769
SWIDTH 0 0
DWIDTH 0 0
BBX 2 2 -3 7
BITMAP
C0
80
ENDCHAR
STARTCHAR $0302
ENCODING 770
SWIDTH 0 0
DWIDTH 0 0
BBX 3 2 -4 7
BITMAP
C0
A0
ENDCHAR
STARTCHAR $0303
ENCODING 771
SWIDTH 0 0
DWIDTH 0 0
BBX 4 2 -5 7
BITMAP
40
B0
ENDCHAR
STARTCHAR $0304
ENCODING 772
SWIDTH 0 0
DWIDTH 0 0
BBX 3 1 -4 7
BITMAP
E0
ENDCHAR
STARTCHAR $0305
ENCODING 773
SWIDTH 0 0
DWIDTH 0 0
BBX 6 1 -6 7
BITMAP
FC
ENDCHAR
STARTCHAR $0306
ENCODING 774
SWIDTH 0 0
DWIDTH 0 0
BBX 4 2 -5 7
BITMAP
90
70
ENDCHAR
STARTCHAR $0307
ENCODING 775
SWIDTH 0 0
DWIDTH 0 0
BBX 2 1 -4 7
BITMAP
C0
ENDCHAR
STARTCHAR $0308
ENCODING 776
SWIDTH 0 0
DWIDTH 0 0
BBX 4 2 -5 7
BITMAP
D0
D0
ENDCHAR
STARTCHAR $0309
ENCODING 777
SWIDTH 0 0
DWIDTH 0 0
BBX 2 2 -3 8
BITMAP
40
80
ENDCHAR
STARTCHAR $030A
ENCODING 778
SWIDTH 0 0
DWIDTH 0 0
BBX 3 3 -4 7
BITMAP
C0
A0
C0
ENDCHAR
STARTCHAR $030B
ENCODING 779
SWIDTH 0 0
DWIDTH 0 0
BBX 4 2 -4 7
BITMAP
F0
A0
ENDCHAR
STARTCHAR $030C
ENCODING 780
SWIDTH 0 0
DWIDTH 0 0
BBX 3 2 -4 7
BITMAP
A0
C0
ENDCHAR
STARTCHAR $030D
ENCODING 781
SWIDTH 0 0
DWIDTH 0 0
BBX 1 2 -3 7
BITMAP
80
80
ENDCHAR
STARTCHAR $030E
ENCODING 782
SWIDTH 0 0
DWIDTH 0 0
BBX 3 2 -4 7
BITMAP
A0
A0
ENDCHAR
STARTCHAR $030F
ENCODING 783
SWIDTH 0 0
DWIDTH 0 0
BBX 4 2 -5 7
BITMAP
A0
50
ENDCHAR
STARTCHAR $0310
ENCODING 784
SWIDTH 0 0
DWIDTH 0 0
BBX 4 2 -5 7
BITMAP
F0
70
ENDCHAR
STARTCHAR $0311
ENCODING 785
SWIDTH 0 0
DWIDTH 0 0
BBX 4 2 -5 7
BITMAP
20
D0
ENDCHAR
STARTCHAR $0312
ENCODING 786
SWIDTH 0 0
DWIDTH 0 0
BBX 1 1 -3 6
BITMAP
80
ENDCHAR
STARTCHAR $0313
ENCODING 787
SWIDTH 0 0
DWIDTH 0 0
BBX 2 2 -4 7
BITMAP
C0
40
ENDCHAR
STARTCHAR $0314
ENCODING 788
SWIDTH 0 0
DWIDTH 0 0
BBX 2 2 -4 7
BITMAP
C0
80
ENDCHAR
STARTCHAR $0315
ENCODING 789
SWIDTH 0 0
DWIDTH 0 0
BBX 2 2 -1 7
BITMAP
C0
80
ENDCHAR
STARTCHAR $0316
ENCODING 790
SWIDTH 0 0
DWIDTH 0 0
BBX 2 2 -4 -3
BITMAP
80
40
ENDCHAR
STARTCHAR $0317
ENCODING 791
SWIDTH 0 0
DWIDTH 0 0
BBX 2 2 -3 -3
BITMAP
C0
80
ENDCHAR
STARTCHAR $0318
ENCODING 792
SWIDTH 0 0
DWIDTH 0 0
BBX 2 3 -4 -4
BITMAP
40
C0
40
ENDCHAR
STARTCHAR $0319
ENCODING 793
SWIDTH 0 0
DWIDTH 0 0
BBX 2 3 -4 -4
BITMAP
80
C0
80
ENDCHAR
STARTCHAR $031A
ENCODING 794
SWIDTH 0 0
DWIDTH 0 0
BBX 3 2 -2 8
BITMAP
E0
60
ENDCHAR
STARTCHAR $031B
ENCODING 795
SWIDTH 0 0
DWIDTH 0 0
BBX 2 2 -1 4
BITMAP
40
C0
ENDCHAR
STARTCHAR $031C
ENCODING 796
SWIDTH 0 0
DWIDTH 0 0
BBX 2 3 -4 -4
BITMAP
40
80
40
ENDCHAR
STARTCHAR $031D
ENCODING 797
SWIDTH 0 0
DWIDTH 0 0
BBX 3 2 -4 -3
BITMAP
40
E0
ENDCHAR
STARTCHAR $031E
ENCODING 798
SWIDTH 0 0
DWIDTH 0 0
BBX 3 2 -4 -3
BITMAP
E0
40
ENDCHAR
STARTCHAR $031F
ENCODING 799
SWIDTH 0 0
DWIDTH 0 0
BBX 3 3 -4 -4
BITMAP
40
E0
40
ENDCHAR
STARTCHAR $0320
ENCODING 800
SWIDTH 0 0
DWIDTH 0 0
BBX 3 1 -4 -2
BITMAP
E0
ENDCHAR
STARTCHAR $0321
ENCODING 801
SWIDTH 0 0
DWIDTH 0 0
BBX 4 4 -5 -2
BITMAP
30
30
30
F0
ENDCHAR
STARTCHAR $0322
ENCODING 802
SWIDTH 0 0
DWIDTH 0 0
BBX 4 4 -5 -2
BITMAP
C0
C0
C0
F0
ENDCHAR
STARTCHAR $0323
ENCODING 803
SWIDTH 0 0
DWIDTH 0 0
BBX 2 1 -4 -2
BITMAP
C0
ENDCHAR
STARTCHAR $0324
ENCODING 804
SWIDTH 0 0
DWIDTH 0 0
BBX 4 2 -5 -2
BITMAP
D0
D0
ENDCHAR
STARTCHAR $0325
ENCODING 805
SWIDTH 0 0
DWIDTH 0 0
BBX 2 3 -4 -3
BITMAP
C0
C0
40
ENDCHAR
STARTCHAR $0326
ENCODING 806
SWIDTH 0 0
DWIDTH 0 0
BBX 1 1 -3 -3
BITMAP
80
ENDCHAR
STARTCHAR $0327
ENCODING 807
SWIDTH 0 0
DWIDTH 0 0
BBX 2 2 -4 -2
BITMAP
40
C0
ENDCHAR
STARTCHAR $0328
ENCODING 808
SWIDTH 0 0
DWIDTH 0 0
BBX 3 2 -4 -2
BITMAP
80
E0
ENDCHAR
STARTCHAR $0329
ENCODING 809
SWIDTH 0 0
DWIDTH 0 0
BBX 1 2 -3 -3
BITMAP
80
80
ENDCHAR
STARTCHAR $032A
ENCODING 810
SWIDTH 0 0
DWIDTH 0 0
BBX 3 2 -4 -3
BITMAP
E0
A0
ENDCHAR
STARTCHAR $032B
ENCODING 811
SWIDTH 0 0
DWIDTH 0 0
BBX 4 1 -5 -2
BITMAP
F0
ENDCHAR
STARTCHAR $032C
ENCODING 812
SWIDTH 0 0
DWIDTH 0 0
BBX 3 2 -4 -3
BITMAP
A0
C0
ENDCHAR
STARTCHAR $032D
ENCODING 813
SWIDTH 0 0
DWIDTH 0 0
BBX 3 2 -4 -3
BITMAP
C0
A0
ENDCHAR
STARTCHAR $032E
ENCODING 814
SWIDTH 0 0
DWIDTH 0 0
BBX 4 2 -5 -2
BITMAP
90
70
ENDCHAR
STARTCHAR $032F
ENCODING 815
SWIDTH 0 0
DWIDTH 0 0
BBX 3 1 -4 -2
BITMAP
E0
ENDCHAR
STARTCHAR $0330
ENCODING 816
SWIDTH 0 0
DWIDTH 0 0
BBX 4 2 -5 -2
BITMAP
50
B0
ENDCHAR
STARTCHAR $0331
ENCODING 817
SWIDTH 0 0
DWIDTH 0 0
BBX 3 1 -4 -2
BITMAP
E0
ENDCHAR
STARTCHAR $0332
ENCODING 818
SWIDTH 0 0
DWIDTH 0 0
BBX 6 1 -6 -3
BITMAP
FC
ENDCHAR
STARTCHAR $0333
ENCODING 819
SWIDTH 0 0
DWIDTH 0 0
BBX 6 2 -6 -3
BITMAP
FC
FC
ENDCHAR
STARTCHAR $0334
ENCODING 820
SWIDTH 0 0
DWIDTH 0 0
BBX 7 3 -8 2
BITMAP
02
FE
08
ENDCHAR
STARTCHAR $0335
ENCODING 821
SWIDTH 0 0
DWIDTH 0 0
BBX 2 1 -3 2
BITMAP
C0
ENDCHAR
STARTCHAR $0336
ENCODING 822
SWIDTH 0 0
DWIDTH 0 0
BBX 6 1 -7 2
BITMAP
FC
ENDCHAR
STARTCHAR $0337
ENCODING 823
SWIDTH 0 0
DWIDTH 0 0
BBX 6 6 -7 -1
BITMAP
04
08
10
20
40
80
ENDCHAR
STARTCHAR $0338
ENCODING 824
SWIDTH 0 0
DWIDTH 0 0
BBX 8 8 -9 0
BITMAP
01
02
04
08
10
20
40
80
ENDCHAR
STARTCHAR $0339
ENCODING 825
SWIDTH 0 0
DWIDTH 0 0
BBX 1 3 -3 -4
BITMAP
80
80
80
ENDCHAR
STARTCHAR $033A
ENCODING 826
SWIDTH 0 0
DWIDTH 0 0
BBX 3 2 -4 -3
BITMAP
A0
E0
ENDCHAR
STARTCHAR $033B
ENCODING 827
SWIDTH 0 0
DWIDTH 0 0
BBX 3 3 -4 -4
BITMAP
E0
A0
E0
ENDCHAR
STARTCHAR $033C
ENCODING 828
SWIDTH 0 0
DWIDTH 0 0
BBX 4 1 -5 -2
BITMAP
F0
ENDCHAR
STARTCHAR $033D
ENCODING 829
SWIDTH 0 0
DWIDTH 0 0
BBX 2 2 -4 6
BITMAP
C0
C0
ENDCHAR
STARTCHAR $033E
ENCODING 830
SWIDTH 0 0
DWIDTH 0 0
BBX 2 3 -4 7
BITMAP
40
C0
40
ENDCHAR
STARTCHAR $033F
ENCODING 831
SWIDTH 0 0
DWIDTH 0 0
BBX 6 2 -6 6
BITMAP
FC
FC
ENDCHAR
STARTCHAR $0343
ENCODING 835
SWIDTH 0 0
DWIDTH 0 0
BBX 2 2 -4 7
BITMAP
C0
40
ENDCHAR
STARTCHAR $0358
ENCODING 856
SWIDTH 0 0
DWIDTH 0 0
BBX 1 1 -1 7
BITMAP
80
ENDCHAR
STARTCHAR $0360
ENCODING 864
SWIDTH 0 0
DWIDTH 0 0
BBX 10 2 -5 8
BITMAP
7C40
8380
ENDCHAR
STARTCHAR $0361
ENCODING 865
SWIDTH 0 0
DWIDTH 0 0
BBX 10 2 -5 8
BITMAP
7F80
8040
ENDCHAR
STARTCHAR $0370
ENCODING 880
SWIDTH 810 0
DWIDTH 9 0
BBX 7 8 1 0
BITMAP
F0
60
62
7E
62
60
60
F0
ENDCHAR
STARTCHAR $0371
ENCODING 881
SWIDTH 540 0
DWIDTH 6 0
BBX 5 6 0 0
BITMAP
E0
60
60
78
60
60
ENDCHAR
STARTCHAR $0372
ENCODING 882
SWIDTH 810 0
DWIDTH 9 0
BBX 9 8 0 0
BITMAP
FF80
DB80
DB80
DB80
1800
1800
1800
3C00
ENDCHAR
STARTCHAR $0373
ENCODING 883
SWIDTH 810 0
DWIDTH 9 0
BBX 8 6 0 0
BITMAP
FF
DB
DB
18
18
3C
ENDCHAR
STARTCHAR $0374
ENCODING 884
SWIDTH 270 0
DWIDTH 3 0
BBX 1 3 1 6
BITMAP
80
80
80
ENDCHAR
STARTCHAR $0375
ENCODING 885
SWIDTH 270 0
DWIDTH 3 0
BBX 1 2 1 -2
BITMAP
80
80
ENDCHAR
STARTCHAR $0376
ENCODING 886
SWIDTH 990 0
DWIDTH 11 0
BBX 10 8 0 0
BITMAP
F880
3180
3380
3580
3980
3180
3180
23C0
ENDCHAR
STARTCHAR $0377
ENCODING 887
SWIDTH 720 0
DWIDTH 8 0
BBX 8 6 0 0
BITMAP
E2
66
6E
76
66
47
ENDCHAR
STARTCHAR $037A
ENCODING 890
SWIDTH 540 0
DWIDTH 6 0
BBX 1 1 2 -3
BITMAP
80
ENDCHAR
STARTCHAR $037B
ENCODING 891
SWIDTH 630 0
DWIDTH 7 0
BBX 6 6 0 0
BITMAP
78
8C
0C
0C
0C
78
ENDCHAR
STARTCHAR $037C
ENCODING 892
SWIDTH 630 0
DWIDTH 7 0
BBX 6 6 0 0
BITMAP
3C
64
F8
F8
64
38
ENDCHAR
STARTCHAR $037D
ENCODING 893
SWIDTH 630 0
DWIDTH 7 0
BBX 6 6 0 0
BITMAP
78
8C
2C
2C
0C
78
ENDCHAR
STARTCHAR $037E
ENCODING 894
SWIDTH 360 0
DWIDTH 4 0
BBX 2 8 1 -2
BITMAP
C0
C0
00
00
C0
C0
80
80
ENDCHAR
STARTCHAR $037F
ENCODING 895
SWIDTH 450 0
DWIDTH 5 0
BBX 6 10 -1 -2
BITMAP
3C
18
18
18
18
18
18
18
18
F0
ENDCHAR
STARTCHAR $0384
ENCODING 900
SWIDTH 540 0
DWIDTH 6 0
BBX 2 2 2 7
BITMAP
40
80
ENDCHAR
STARTCHAR $0385
ENCODING 901
SWIDTH 540 0
DWIDTH 6 0
BBX 4 4 1 7
BITMAP
20
40
B0
B0
ENDCHAR
STARTCHAR $0386
ENCODING 902
SWIDTH 810 0
DWIDTH 9 0
BBX 9 9 0 0
BITMAP
2000
5800
1C00
2C00
2C00
4600
7E00
4700
C780
ENDCHAR
STARTCHAR $0387
ENCODING 903
SWIDTH 360 0
DWIDTH 4 0
BBX 2 2 1 3
BITMAP
C0
C0
ENDCHAR
STARTCHAR $0388
ENCODING 904
SWIDTH 900 0
DWIDTH 10 0
BBX 10 9 0 0
BITMAP
4000
9FC0
0C40
0C00
0F00
0C00
0C00
0C40
1FC0
ENDCHAR
STARTCHAR $0389
ENCODING 905
SWIDTH 1080 0
DWIDTH 12 0
BBX 12 9 0 0
BITMAP
4000
9EF0
0C60
0C60
0FE0
0C60
0C60
0C60
1EF0
ENDCHAR
STARTCHAR $038A
ENCODING 906
SWIDTH 630 0
DWIDTH 7 0
BBX 7 9 0 0
BITMAP
40
9E
0C
0C
0C
0C
0C
0C
1E
ENDCHAR
STARTCHAR $038C
ENCODING 908
SWIDTH 900 0
DWIDTH 10 0
BBX 9 9 0 0
BITMAP
4000
9E00
7380
6180
6180
6180
6180
7380
1E00
ENDCHAR
STARTCHAR $038E
ENCODING 910
SWIDTH 900 0
DWIDTH 10 0
BBX 11 9 0 0
BITMAP
4000
9CE0
0C40
0C80
0700
0300
0300
0300
0F80
ENDCHAR
STARTCHAR $038F
ENCODING 911
SWIDTH 900 0
DWIDTH 10 0
BBX 10 9 0 0
BITMAP
4000
9F00
7180
6180
61C0
6180
6180
3100
7BC0
ENDCHAR
STARTCHAR $0390
ENCODING 912
SWIDTH 450 0
DWIDTH 5 0
BBX 5 11 0 0
BITMAP
30
20
D0
D0
00
E0
60
60
60
60
38
ENDCHAR
STARTCHAR $0391
ENCODING 913
SWIDTH 810 0
DWIDTH 9 0
BBX 9 8 0 0
BITMAP
1800
1C00
2C00
2C00
4600
7E00
4700
C780
ENDCHAR
STARTCHAR $0392
ENCODING 914
SWIDTH 810 0
DWIDTH 9 0
BBX 8 8 1 0
BITMAP
FE
66
66
7C
66
67
67
FE
ENDCHAR
STARTCHAR $0393
ENCODING 915
SWIDTH 720 0
DWIDTH 8 0
BBX 7 8 1 0
BITMAP
FE
62
60
60
60
60
60
F0
ENDCHAR
STARTCHAR $0394
ENCODING 916
SWIDTH 810 0
DWIDTH 9 0
BBX 7 8 1 0
BITMAP
30
30
58
58
4C
8C
8E
FE
ENDCHAR
STARTCHAR $0395
ENCODING 917
SWIDTH 720 0
DWIDTH 8 0
BBX 7 8 1 0
BITMAP
FE
62
60
78
60
60
62
FE
ENDCHAR
STARTCHAR $0396
ENCODING 918
SWIDTH 720 0
DWIDTH 8 0
BBX 8 8 0 0
BITMAP
7F
86
0C
18
18
30
61
FF
ENDCHAR
STARTCHAR $0397
ENCODING 919
SWIDTH 900 0
DWIDTH 10 0
BBX 9 8 1 0
BITMAP
F780
6300
6300
7F00
6300
6300
6300
F780
ENDCHAR
STARTCHAR $0398
ENCODING 920
SWIDTH 900 0
DWIDTH 10 0
BBX 9 8 0 0
BITMAP
3E00
6300
7180
FD80
F580
6180
6300
3E00
ENDCHAR
STARTCHAR $0399
ENCODING 921
SWIDTH 450 0
DWIDTH 5 0
BBX 4 8 1 0
BITMAP
F0
60
60
60
60
60
60
F0
ENDCHAR
STARTCHAR $039A
ENCODING 922
SWIDTH 900 0
DWIDTH 10 0
BBX 9 8 1 0
BITMAP
F700
6400
6800
7000
7C00
6E00
6700
F380
ENDCHAR
STARTCHAR $039B
ENCODING 923
SWIDTH 810 0
DWIDTH 9 0
BBX 9 8 0 0
BITMAP
1800
1800
2C00
2C00
2600
4600
4700
C780
ENDCHAR
STARTCHAR $039C
ENCODING 924
SWIDTH 1080 0
DWIDTH 12 0
BBX 12 8 0 0
BITMAP
F0F0
70E0
5960
5960
4E60
4E60
4C60
E0F0
ENDCHAR
STARTCHAR $039D
ENCODING 925
SWIDTH 900 0
DWIDTH 10 0
BBX 10 8 0 0
BITMAP
E1C0
3080
3880
5C80
4E80
4780
4380
E180
ENDCHAR
STARTCHAR $039E
ENCODING 926
SWIDTH 720 0
DWIDTH 8 0
BBX 6 8 1 0
BITMAP
FC
84
48
78
48
00
FC
FC
ENDCHAR
STARTCHAR $039F
ENCODING 927
SWIDTH 900 0
DWIDTH 10 0
BBX 9 8 0 0
BITMAP
3E00
6300
6180
E180
E180
6180
6300
3E00
ENDCHAR
STARTCHAR $03A0
ENCODING 928
SWIDTH 900 0
DWIDTH 10 0
BBX 9 8 1 0
BITMAP
FF80
6300
6300
6300
6300
6300
6300
F780
ENDCHAR
STARTCHAR $03A1
ENCODING 929
SWIDTH 720 0
DWIDTH 8 0
BBX 7 8 1 0
BITMAP
FC
6E
66
6E
7C
60
60
F0
ENDCHAR
STARTCHAR $03A3
ENCODING 931
SWIDTH 720 0
DWIDTH 8 0
BBX 6 8 1 0
BITMAP
FC
64
30
18
10
20
7C
FC
ENDCHAR
STARTCHAR $03A4
ENCODING 932
SWIDTH 720 0
DWIDTH 8 0
BBX 8 8 0 0
BITMAP
FF
99
18
18
18
18
18
3C
ENDCHAR
STARTCHAR $03A5
ENCODING 933
SWIDTH 720 0
DWIDTH 8 0
BBX 8 8 0 0
BITMAP
F3
62
34
3C
18
18
18
3C
ENDCHAR
STARTCHAR $03A6
ENCODING 934
SWIDTH 900 0
DWIDTH 10 0
BBX 8 8 1 0
BITMAP
3C
7C
DB
DB
DB
DB
7C
3C
ENDCHAR
STARTCHAR $03A7
ENCODING 935
SWIDTH 810 0
DWIDTH 9 0
BBX 9 8 0 0
BITMAP
F700
7200
3400
1800
1C00
2E00
4600
E780
ENDCHAR
STARTCHAR $03A8
ENCODING 936
SWIDTH 900 0
DWIDTH 10 0
BBX 10 8 0 0
BITMAP
DEC0
6D80
6D80
6D80
6D80
3F00
0C00
1E00
ENDCHAR
STARTCHAR $03A9
ENCODING 937
SWIDTH 900 0
DWIDTH 10 0
BBX 8 8 1 0
BITMAP
7C
E7
C3
C3
C3
C3
66
EF
ENDCHAR
STARTCHAR $03AA
ENCODING 938
SWIDTH 450 0
DWIDTH 5 0
BBX 4 10 1 0
BITMAP
B0
B0
F0
60
60
60
60
60
60
F0
ENDCHAR
STARTCHAR $03AB
ENCODING 939
SWIDTH 720 0
DWIDTH 8 0
BBX 8 10 0 0
BITMAP
34
34
F3
62
34
3C
18
18
18
3C
ENDCHAR
STARTCHAR $03AC
ENCODING 940
SWIDTH 720 0
DWIDTH 8 0
BBX 8 9 0 0
BITMAP
08
10
00
39
6E
E4
E6
66
7F
ENDCHAR
STARTCHAR $03AD
ENCODING 941
SWIDTH 630 0
DWIDTH 7 0
BBX 5 9 1 0
BITMAP
10
20
00
F8
C0
60
C0
C0
F8
ENDCHAR
STARTCHAR $03AE
ENCODING 942
SWIDTH 720 0
DWIDTH 8 0
BBX 7 11 0 -2
BITMAP
0C
08
00
EC
76
66
66
66
66
06
06
ENDCHAR
STARTCHAR $03AF
ENCODING 943
SWIDTH 450 0
DWIDTH 5 0
BBX 5 9 0 0
BITMAP
30
20
00
E0
60
60
60
60
38
ENDCHAR
STARTCHAR $03B0
ENCODING 944
SWIDTH 720 0
DWIDTH 8 0
BBX 7 11 0 0
BITMAP
08
10
2C
2C
00
EC
66
66
66
66
3C
ENDCHAR
STARTCHAR $03B1
ENCODING 945
SWIDTH 720 0
DWIDTH 8 0
BBX 8 6 0 0
BITMAP
39
6E
E4
E6
66
7F
ENDCHAR
STARTCHAR $03B2
ENCODING 946
SWIDTH 630 0
DWIDTH 7 0
BBX 6 10 1 -2
BITMAP
F8
D8
D8
F0
D8
DC
DC
F8
C0
C0
ENDCHAR
STARTCHAR $03B3
ENCODING 947
SWIDTH 630 0
DWIDTH 7 0
BBX 7 8 0 -2
BITMAP
E4
66
66
34
38
30
30
30
ENDCHAR
STARTCHAR $03B4
ENCODING 948
SWIDTH 630 0
DWIDTH 7 0
BBX 7 8 0 0
BITMAP
7C
60
38
64
66
E6
66
7C
ENDCHAR
STARTCHAR $03B5
ENCODING 949
SWIDTH 630 0
DWIDTH 7 0
BBX 5 6 1 0
BITMAP
F8
C0
60
C0
C0
F8
ENDCHAR
STARTCHAR $03B6
ENCODING 950
SWIDTH 630 0
DWIDTH 7 0
BBX 6 10 0 -2
BITMAP
FC
10
20
60
60
E0
60
70
0C
0C
ENDCHAR
STARTCHAR $03B7
ENCODING 951
SWIDTH 720 0
DWIDTH 8 0
BBX 7 8 0 -2
BITMAP
EC
76
66
66
66
66
06
06
ENDCHAR
STARTCHAR $03B8
ENCODING 952
SWIDTH 630 0
DWIDTH 7 0
BBX 7 8 0 0
BITMAP
7C
66
66
E6
FE
66
64
3C
ENDCHAR
STARTCHAR $03B9
ENCODING 953
SWIDTH 450 0
DWIDTH 5 0
BBX 5 6 0 0
BITMAP
E0
60
60
60
60
38
ENDCHAR
STARTCHAR $03BA
ENCODING 954
SWIDTH 720 0
DWIDTH 8 0
BBX 8 6 0 0
BITMAP
F6
64
68
7C
66
F7
ENDCHAR
STARTCHAR $03BB
ENCODING 955
SWIDTH 720 0
DWIDTH 8 0
BBX 7 8 0 0
BITMAP
60
10
18
18
38
34
64
F6
ENDCHAR
STARTCHAR $03BC
ENCODING 956
SWIDTH 720 0
DWIDTH 8 0
BBX 8 8 0 -2
BITMAP
EE
66
66
66
66
7F
60
60
ENDCHAR
STARTCHAR $03BD
ENCODING 957
SWIDTH 720 0
DWIDTH 8 0
BBX 7 6 0 0
BITMAP
EC
66
66
66
6C
78
ENDCHAR
STARTCHAR $03BE
ENCODING 958
SWIDTH 630 0
DWIDTH 7 0
BBX 6 10 0 -2
BITMAP
F8
20
20
18
60
E0
60
70
0C
0C
ENDCHAR
STARTCHAR $03BF
ENCODING 959
SWIDTH 630 0
DWIDTH 7 0
BBX 7 6 0 0
BITMAP
3C
66
E6
E6
66
3C
ENDCHAR
STARTCHAR $03C0
ENCODING 960
SWIDTH 720 0
DWIDTH 8 0
BBX 8 6 0 0
BITMAP
FF
66
66
66
66
FF
ENDCHAR
STARTCHAR $03C1
ENCODING 961
SWIDTH 630 0
DWIDTH 7 0
BBX 6 8 1 -2
BITMAP
78
CC
CC
CC
CC
F8
C0
C0
ENDCHAR
STARTCHAR $03C2
ENCODING 962
SWIDTH 630 0
DWIDTH 7 0
BBX 6 8 0 -2
BITMAP
3C
64
E0
E0
60
70
0C
0C
ENDCHAR
STARTCHAR $03C3
ENCODING 963
SWIDTH 720 0
DWIDTH 8 0
BBX 8 6 0 0
BITMAP
3F
64
66
E6
66
7C
ENDCHAR
STARTCHAR $03C4
ENCODING 964
SWIDTH 630 0
DWIDTH 7 0
BBX 7 6 0 0
BITMAP
FE
98
18
18
18
1C
ENDCHAR
STARTCHAR $03C5
ENCODING 965
SWIDTH 720 0
DWIDTH 8 0
BBX 7 6 0 0
BITMAP
EC
66
66
66
66
3C
ENDCHAR
STARTCHAR $03C6
ENCODING 966
SWIDTH 900 0
DWIDTH 10 0
BBX 8 8 1 -2
BITMAP
4E
DB
DB
DB
DB
7E
18
18
ENDCHAR
STARTCHAR $03C7
ENCODING 967
SWIDTH 630 0
DWIDTH 7 0
BBX 7 8 0 -2
BITMAP
CE
2C
1C
18
38
30
68
6E
ENDCHAR
STARTCHAR $03C8
ENCODING 968
SWIDTH 900 0
DWIDTH 10 0
BBX 10 8 0 -2
BITMAP
CC40
6C80
6D80
6D80
6D80
3F00
0C00
0C00
ENDCHAR
STARTCHAR $03C9
ENCODING 969
SWIDTH 900 0
DWIDTH 10 0
BBX 10 6 0 0
BITMAP
2100
60C0
ECC0
ECC0
6CC0
3F80
ENDCHAR
STARTCHAR $03CA
ENCODING 970
SWIDTH 450 0
DWIDTH 5 0
BBX 5 9 0 0
BITMAP
D0
D0
00
E0
60
60
60
60
38
ENDCHAR
STARTCHAR $03CB
ENCODING 971
SWIDTH 720 0
DWIDTH 8 0
BBX 7 9 0 0
BITMAP
2C
2C
00
EC
66
66
66
66
3C
ENDCHAR
STARTCHAR $03CC
ENCODING 972
SWIDTH 630 0
DWIDTH 7 0
BBX 7 9 0 0
BITMAP
18
10
00
3C
66
E6
E6
66
3C
ENDCHAR
STARTCHAR $03CD
ENCODING 973
SWIDTH 720 0
DWIDTH 8 0
BBX 7 9 0 0
BITMAP
08
10
00
EC
66
66
66
66
3C
ENDCHAR
STARTCHAR $03CE
ENCODING 974
SWIDTH 900 0
DWIDTH 10 0
BBX 10 9 0 0
BITMAP
0600
0400
0000
2100
60C0
ECC0
ECC0
6CC0
3F80
ENDCHAR
STARTCHAR $03CF
ENCODING 975
SWIDTH 900 0
DWIDTH 10 0
BBX 8 10 1 -3
BITMAP
F7
64
68
78
78
6C
66
F7
0E
04
ENDCHAR
STARTCHAR $03D0
ENCODING 976
SWIDTH 630 0
DWIDTH 7 0
BBX 7 8 0 0
BITMAP
7C
64
6C
FC
E6
66
66
3C
ENDCHAR
STARTCHAR $03D1
ENCODING 977
SWIDTH 810 0
DWIDTH 9 0
BBX 8 8 0 0
BITMAP
1E
1E
FF
6F
67
66
26
3C
ENDCHAR
STARTCHAR $03D2
ENCODING 978
SWIDTH 720 0
DWIDTH 8 0
BBX 8 8 0 0
BITMAP
C7
25
38
18
18
18
18
3C
ENDCHAR
STARTCHAR $03D3
ENCODING 979
SWIDTH 990 0
DWIDTH 11 0
BBX 10 9 0 0
BITMAP
4000
98C0
0D40
0600
0600
0600
0600
0600
0F00
ENDCHAR
STARTCHAR $03D4
ENCODING 980
SWIDTH 720 0
DWIDTH 8 0
BBX 8 10 0 0
BITMAP
34
34
C7
25
38
18
18
18
18
3C
ENDCHAR
STARTCHAR $03D5
ENCODING 981
SWIDTH 900 0
DWIDTH 10 0
BBX 10 10 0 -2
BITMAP
0C00
0C00
3F00
6D80
6CC0
ECC0
6DC0
7F80
0C00
0C00
ENDCHAR
STARTCHAR $03D6
ENCODING 982
SWIDTH 900 0
DWIDTH 10 0
BBX 10 6 0 0
BITMAP
FFC0
60C0
ECC0
ECC0
6CC0
3F80
ENDCHAR
STARTCHAR $03D7
ENCODING 983
SWIDTH 630 0
DWIDTH 7 0
BBX 7 8 0 -2
BITMAP
66
B6
3C
38
6A
CE
04
1C
ENDCHAR
STARTCHAR $03D8
ENCODING 984
SWIDTH 900 0
DWIDTH 10 0
BBX 9 10 0 -2
BITMAP
3E00
6300
6180
E180
E180
6180
6300
3E00
0C00
0C00
ENDCHAR
STARTCHAR $03D9
ENCODING 985
SWIDTH 630 0
DWIDTH 7 0
BBX 7 8 0 -2
BITMAP
38
64
66
E6
66
6C
18
18
ENDCHAR
STARTCHAR $03DA
ENCODING 986
SWIDTH 810 0
DWIDTH 9 0
BBX 8 10 0 -2
BITMAP
3F
61
61
E0
E0
60
60
3C
03
03
ENDCHAR
STARTCHAR $03DB
ENCODING 987
SWIDTH 630 0
DWIDTH 7 0
BBX 6 9 0 -2
BITMAP
04
3C
60
E0
E0
60
70
0C
0C
ENDCHAR
STARTCHAR $03DC
ENCODING 988
SWIDTH 720 0
DWIDTH 8 0
BBX 7 8 1 0
BITMAP
FE
62
60
78
68
60
60
F0
ENDCHAR
STARTCHAR $03DD
ENCODING 989
SWIDTH 540 0
DWIDTH 6 0
BBX 6 10 -1 -2
BITMAP
1C
30
30
30
38
30
30
30
30
F0
ENDCHAR
STARTCHAR $03DE
ENCODING 990
SWIDTH 540 0
DWIDTH 6 0
BBX 5 8 1 0
BITMAP
80
88
98
F0
F0
90
10
18
ENDCHAR
STARTCHAR $03DF
ENCODING 991
SWIDTH 630 0
DWIDTH 7 0
BBX 5 8 1 0
BITMAP
40
40
80
F8
F8
10
10
10
ENDCHAR
STARTCHAR $03E0
ENCODING 992
SWIDTH 810 0
DWIDTH 9 0
BBX 7 10 1 -2
BITMAP
F8
8C
16
16
2E
56
96
A6
0E
0C
ENDCHAR
STARTCHAR $03E1
ENCODING 993
SWIDTH 630 0
DWIDTH 7 0
BBX 7 8 0 -2
BITMAP
F0
1C
1E
2E
56
56
06
04
ENDCHAR
STARTCHAR $03F0
ENCODING 1008
SWIDTH 630 0
DWIDTH 7 0
BBX 7 6 0 -1
BITMAP
66
B6
3C
38
6A
CE
ENDCHAR
STARTCHAR $03F1
ENCODING 1009
SWIDTH 630 0
DWIDTH 7 0
BBX 6 8 1 -2
BITMAP
78
CC
CC
CC
CC
F8
C0
F8
ENDCHAR
STARTCHAR $03F2
ENCODING 1010
SWIDTH 630 0
DWIDTH 7 0
BBX 6 6 0 0
BITMAP
3C
64
E0
E0
64
38
ENDCHAR
STARTCHAR $03F3
ENCODING 1011
SWIDTH 360 0
DWIDTH 4 0
BBX 4 11 -1 -2
BITMAP
30
30
00
70
30
30
30
30
30
30
F0
ENDCHAR
STARTCHAR $03F4
ENCODING 1012
SWIDTH 900 0
DWIDTH 10 0
BBX 9 8 0 0
BITMAP
3E00
6300
6180
FF80
E180
6180
6300
3E00
ENDCHAR
STARTCHAR $03F5
ENCODING 1013
SWIDTH 630 0
DWIDTH 7 0
BBX 6 6 0 0
BITMAP
3C
64
60
F0
64
7C
ENDCHAR
STARTCHAR $03F6
ENCODING 1014
SWIDTH 630 0
DWIDTH 7 0
BBX 6 6 0 0
BITMAP
78
8C
0C
3C
0C
78
ENDCHAR
STARTCHAR $03F7
ENCODING 1015
SWIDTH 720 0
DWIDTH 8 0
BBX 7 8 1 0
BITMAP
F0
7C
6E
66
6E
7C
60
F0
ENDCHAR
STARTCHAR $03F8
ENCODING 1016
SWIDTH 720 0
DWIDTH 8 0
BBX 6 10 1 -2
BITMAP
C0
C0
F8
CC
CC
CC
CC
F8
C0
C0
ENDCHAR
STARTCHAR $03F9
ENCODING 1017
SWIDTH 810 0
DWIDTH 9 0
BBX 8 8 0 0
BITMAP
3E
71
60
E0
E0
60
71
3E
ENDCHAR
STARTCHAR $03FA
ENCODING 1018
SWIDTH 1080 0
DWIDTH 12 0
BBX 12 8 0 0
BITMAP
F0F0
7960
5E60
4C60
4060
4060
4060
E0F0
ENDCHAR
STARTCHAR $03FB
ENCODING 1019
SWIDTH 810 0
DWIDTH 9 0
BBX 8 8 1 -2
BITMAP
82
C6
EE
D6
C6
C7
C0
C0
ENDCHAR
STARTCHAR $03FC
ENCODING 1020
SWIDTH 720 0
DWIDTH 8 0
BBX 7 8 0 -2
BITMAP
3C
66
66
66
66
7C
60
F8
ENDCHAR
STARTCHAR $03FD
ENCODING 1021
SWIDTH 810 0
DWIDTH 9 0
BBX 7 8 1 0
BITMAP
F8
8C
06
06
06
06
8C
78
ENDCHAR
STARTCHAR $03FE
ENCODING 1022
SWIDTH 810 0
DWIDTH 9 0
BBX 8 8 0 0
BITMAP
3E
71
60
EC
EC
60
71
3E
ENDCHAR
STARTCHAR $03FF
ENCODING 1023
SWIDTH 810 0
DWIDTH 9 0
BBX 7 8 1 0
BITMAP
F8
8C
06
26
26
06
8C
78
ENDCHAR
STARTCHAR $0400
ENCODING 1024
SWIDTH 720 0
DWIDTH 8 0
BBX 7 10 1 0
BITMAP
10
00
FE
62
60
78
60
60
62
FE
ENDCHAR
STARTCHAR $0401
ENCODING 1025
SWIDTH 720 0
DWIDTH 8 0
BBX 7 10 1 0
BITMAP
68
68
FE
62
60
78
60
60
62
FE
ENDCHAR
STARTCHAR $0402
ENCODING 1026
SWIDTH 900 0
DWIDTH 10 0
BBX 10 10 -1 -2
BITMAP
FF80
9880
1800
1F00
18C0
18C0
18C0
3CC0
00C0
07C0
ENDCHAR
STARTCHAR $0403
ENCODING 1027
SWIDTH 720 0
DWIDTH 8 0
BBX 6 10 1 0
BITMAP
10
00
FC
64
60
60
60
60
60
F0
ENDCHAR
STARTCHAR $0404
ENCODING 1028
SWIDTH 810 0
DWIDTH 9 0
BBX 8 8 0 0
BITMAP
3E
61
60
FC
E0
60
71
3E
ENDCHAR
STARTCHAR $0405
ENCODING 1029
SWIDTH 720 0
DWIDTH 8 0
BBX 6 8 1 0
BITMAP
7C
84
C0
F8
7C
0C
8C
78
ENDCHAR
STARTCHAR $0406
ENCODING 1030
SWIDTH 450 0
DWIDTH 5 0
BBX 4 8 1 0
BITMAP
F0
60
60
60
60
60
60
F0
ENDCHAR
STARTCHAR $0407
ENCODING 1031
SWIDTH 450 0
DWIDTH 5 0
BBX 4 10 1 0
BITMAP
A0
A0
F0
60
60
60
60
60
60
F0
ENDCHAR
STARTCHAR $0408
ENCODING 1032
SWIDTH 450 0
DWIDTH 5 0
BBX 6 10 -1 -2
BITMAP
3C
18
18
18
18
18
18
18
18
F0
ENDCHAR
STARTCHAR $0409
ENCODING 1033
SWIDTH 1170 0
DWIDTH 13 0
BBX 13 8 0 0
BITMAP
3F80
1300
1300
13C0
1330
1338
2338
E7F0
ENDCHAR
STARTCHAR $040A
ENCODING 1034
SWIDTH 1260 0
DWIDTH 14 0
BBX 12 8 1 0
BITMAP
F780
6300
6300
7FC0
6330
6330
6330
F7E0
ENDCHAR
STARTCHAR $040B
ENCODING 1035
SWIDTH 990 0
DWIDTH 11 0
BBX 11 8 -1 0
BITMAP
FF80
9880
1800
1F00
18C0
18C0
18C0
3DE0
ENDCHAR
STARTCHAR $040C
ENCODING 1036
SWIDTH 900 0
DWIDTH 10 0
BBX 9 10 1 0
BITMAP
0800
0000
F700
6200
6C00
7800
6C00
6E00
6700
F780
ENDCHAR
STARTCHAR $040D
ENCODING 1037
SWIDTH 900 0
DWIDTH 10 0
BBX 9 10 1 0
BITMAP
0800
0000
F780
6300
6700
6B00
7300
6300
6300
F780
ENDCHAR
STARTCHAR $040E
ENCODING 1038
SWIDTH 810 0
DWIDTH 9 0
BBX 9 11 0 0
BITMAP
1A00
1E00
0000
F380
7100
3200
3A00
1C00
0C00
0800
7000
ENDCHAR
STARTCHAR $040F
ENCODING 1039
SWIDTH 900 0
DWIDTH 10 0
BBX 9 10 1 -2
BITMAP
F780
6300
6300
6300
6300
6300
6300
FF80
0800
0800
ENDCHAR
STARTCHAR $0410
ENCODING 1040
SWIDTH 810 0
DWIDTH 9 0
BBX 9 8 0 0
BITMAP
0800
1C00
1C00
2E00
2600
7E00
4300
C780
ENDCHAR
STARTCHAR $0411
ENCODING 1041
SWIDTH 810 0
DWIDTH 9 0
BBX 8 8 1 0
BITMAP
FE
62
60
7C
67
67
67
FE
ENDCHAR
STARTCHAR $0412
ENCODING 1042
SWIDTH 810 0
DWIDTH 9 0
BBX 8 8 1 0
BITMAP
FE
66
66
7C
66
67
67
FE
ENDCHAR
STARTCHAR $0413
ENCODING 1043
SWIDTH 720 0
DWIDTH 8 0
BBX 6 8 1 0
BITMAP
FC
64
60
60
60
60
60
F0
ENDCHAR
STARTCHAR $0414
ENCODING 1044
SWIDTH 900 0
DWIDTH 10 0
BBX 8 10 1 -2
BITMAP
FF
46
46
46
46
46
46
FF
81
81
ENDCHAR
STARTCHAR $0415
ENCODING 1045
SWIDTH 720 0
DWIDTH 8 0
BBX 7 8 1 0
BITMAP
FE
62
60
78
60
60
62
FE
ENDCHAR
STARTCHAR $0416
ENCODING 1046
SWIDTH 1260 0
DWIDTH 14 0
BBX 14 8 0 0
BITMAP
779C
1310
0B20
0F60
1BE0
3B30
3318
F7BC
ENDCHAR
STARTCHAR $0417
ENCODING 1047
SWIDTH 720 0
DWIDTH 8 0
BBX 6 8 1 0
BITMAP
F8
8C
0C
78
0C
0C
8C
78
ENDCHAR
STARTCHAR $0418
ENCODING 1048
SWIDTH 900 0
DWIDTH 10 0
BBX 9 8 1 0
BITMAP
F780
6300
6700
6B00
7300
6300
6300
F780
ENDCHAR
STARTCHAR $0419
ENCODING 1049
SWIDTH 900 0
DWIDTH 10 0
BBX 9 11 1 0
BITMAP
3400
1C00
0000
F780
6300
6700
6B00
7300
6300
6300
F780
ENDCHAR
STARTCHAR $041A
ENCODING 1050
SWIDTH 900 0
DWIDTH 10 0
BBX 9 8 1 0
BITMAP
F700
6200
6C00
7800
6C00
6E00
6700
F780
ENDCHAR
STARTCHAR $041B
ENCODING 1051
SWIDTH 900 0
DWIDTH 10 0
BBX 9 8 0 0
BITMAP
3F80
1300
1300
1300
1300
1300
2300
E780
ENDCHAR
STARTCHAR $041C
ENCODING 1052
SWIDTH 1080 0
DWIDTH 12 0
BBX 12 8 0 0
BITMAP
F0F0
70E0
5960
5960
4E60
4E60
4C60
E0F0
ENDCHAR
STARTCHAR $041D
ENCODING 1053
SWIDTH 900 0
DWIDTH 10 0
BBX 9 8 1 0
BITMAP
F780
6300
6300
7F00
6300
6300
6300
F780
ENDCHAR
STARTCHAR $041E
ENCODING 1054
SWIDTH 900 0
DWIDTH 10 0
BBX 9 8 0 0
BITMAP
3E00
6300
6180
E180
E180
6180
6300
3E00
ENDCHAR
STARTCHAR $041F
ENCODING 1055
SWIDTH 900 0
DWIDTH 10 0
BBX 9 8 1 0
BITMAP
FF80
6300
6300
6300
6300
6300
6300
F780
ENDCHAR
STARTCHAR $0420
ENCODING 1056
SWIDTH 720 0
DWIDTH 8 0
BBX 7 8 1 0
BITMAP
FC
6E
66
6E
7C
60
60
F0
ENDCHAR
STARTCHAR $0421
ENCODING 1057
SWIDTH 810 0
DWIDTH 9 0
BBX 8 8 0 0
BITMAP
3E
71
60
E0
E0
60
71
3E
ENDCHAR
STARTCHAR $0422
ENCODING 1058
SWIDTH 720 0
DWIDTH 8 0
BBX 8 8 0 0
BITMAP
FF
99
18
18
18
18
18
3C
ENDCHAR
STARTCHAR $0423
ENCODING 1059
SWIDTH 810 0
DWIDTH 9 0
BBX 9 8 0 0
BITMAP
F380
7100
3200
3A00
1C00
0C00
0800
7000
ENDCHAR
STARTCHAR $0424
ENCODING 1060
SWIDTH 900 0
DWIDTH 10 0
BBX 9 8 1 0
BITMAP
3C00
1800
7F00
D980
D980
7F00
1800
3C00
ENDCHAR
STARTCHAR $0425
ENCODING 1061
SWIDTH 810 0
DWIDTH 9 0
BBX 9 8 0 0
BITMAP
F700
7200
3400
1800
1C00
2E00
4600
E780
ENDCHAR
STARTCHAR $0426
ENCODING 1062
SWIDTH 990 0
DWIDTH 11 0
BBX 9 10 1 -2
BITMAP
F780
6300
6300
6300
6300
6300
6300
FF80
0080
0080
ENDCHAR
STARTCHAR $0427
ENCODING 1063
SWIDTH 900 0
DWIDTH 10 0
BBX 9 8 0 0
BITMAP
F780
6300
6300
7300
3F00
0300
0300
0780
ENDCHAR
STARTCHAR $0428
ENCODING 1064
SWIDTH 1260 0
DWIDTH 14 0
BBX 13 8 0 0
BITMAP
FFF8
7330
7330
7330
7330
7330
7330
FFF8
ENDCHAR
STARTCHAR $0429
ENCODING 1065
SWIDTH 1260 0
DWIDTH 14 0
BBX 14 10 0 -2
BITMAP
FFF8
7330
7330
7330
7330
7330
7330
FFFC
0004
0004
ENDCHAR
STARTCHAR $042A
ENCODING 1066
SWIDTH 990 0
DWIDTH 11 0
BBX 10 8 0 0
BITMAP
FC00
9800
1800
1F00
19C0
18C0
18C0
3F80
ENDCHAR
STARTCHAR $042B
ENCODING 1067
SWIDTH 1170 0
DWIDTH 13 0
BBX 12 8 1 0
BITMAP
F0F0
6060
6060
7C60
6660
6760
6660
FCF0
ENDCHAR
STARTCHAR $042C
ENCODING 1068
SWIDTH 810 0
DWIDTH 9 0
BBX 8 8 1 0
BITMAP
F0
60
60
7C
66
67
66
FC
ENDCHAR
STARTCHAR $042D
ENCODING 1069
SWIDTH 810 0
DWIDTH 9 0
BBX 7 8 1 0
BITMAP
F8
8C
06
06
3E
06
8C
78
ENDCHAR
STARTCHAR $042E
ENCODING 1070
SWIDTH 1260 0
DWIDTH 14 0
BBX 12 8 1 0
BITMAP
F3E0
6630
6C30
6C30
7C30
6C30
6630
F3E0
ENDCHAR
STARTCHAR $042F
ENCODING 1071
SWIDTH 900 0
DWIDTH 10 0
BBX 9 8 0 0
BITMAP
3F80
6300
6300
1F00
3B00
3300
7300
F780
ENDCHAR
STARTCHAR $0430
ENCODING 1072
SWIDTH 630 0
DWIDTH 7 0
BBX 7 6 0 0
BITMAP
78
4C
7C
4C
CC
7E
ENDCHAR
STARTCHAR $0431
ENCODING 1073
SWIDTH 630 0
DWIDTH 7 0
BBX 7 9 0 0
BITMAP
02
3C
40
B8
E4
E6
E6
66
7C
ENDCHAR
STARTCHAR $0432
ENCODING 1074
SWIDTH 720 0
DWIDTH 8 0
BBX 7 6 0 0
BITMAP
FC
66
7C
66
66
FE
ENDCHAR
STARTCHAR $0433
ENCODING 1075
SWIDTH 630 0
DWIDTH 7 0
BBX 6 6 0 0
BITMAP
FC
64
60
60
60
F0
ENDCHAR
STARTCHAR $0434
ENCODING 1076
SWIDTH 630 0
DWIDTH 7 0
BBX 7 8 0 -2
BITMAP
7E
4C
4C
4C
4C
FE
82
82
ENDCHAR
STARTCHAR $0435
ENCODING 1077
SWIDTH 630 0
DWIDTH 7 0
BBX 6 6 0 0
BITMAP
38
6C
FC
E0
64
38
ENDCHAR
STARTCHAR $0436
ENCODING 1078
SWIDTH 990 0
DWIDTH 11 0
BBX 11 6 0 0
BITMAP
6EC0
2680
1700
3F80
66C0
EEE0
ENDCHAR
STARTCHAR $0437
ENCODING 1079
SWIDTH 630 0
DWIDTH 7 0
BBX 6 6 1 0
BITMAP
F0
18
18
38
0C
F8
ENDCHAR
STARTCHAR $0438
ENCODING 1080
SWIDTH 720 0
DWIDTH 8 0
BBX 8 6 0 0
BITMAP
FF
66
6E
76
66
FF
ENDCHAR
STARTCHAR $0439
ENCODING 1081
SWIDTH 720 0
DWIDTH 8 0
BBX 8 9 0 0
BITMAP
34
1C
00
FF
66
6E
76
66
FF
ENDCHAR
STARTCHAR $043A
ENCODING 1082
SWIDTH 720 0
DWIDTH 8 0
BBX 8 6 0 0
BITMAP
F6
64
68
7C
66
F7
ENDCHAR
STARTCHAR $043B
ENCODING 1083
SWIDTH 720 0
DWIDTH 8 0
BBX 7 6 0 0
BITMAP
7E
26
26
26
26
CE
ENDCHAR
STARTCHAR $043C
ENCODING 1084
SWIDTH 900 0
DWIDTH 10 0
BBX 9 6 0 0
BITMAP
F380
7300
7700
5F00
5B00
E380
ENDCHAR
STARTCHAR $043D
ENCODING 1085
SWIDTH 720 0
DWIDTH 8 0
BBX 8 6 0 0
BITMAP
FF
66
66
7E
66
FF
ENDCHAR
STARTCHAR $043E
ENCODING 1086
SWIDTH 630 0
DWIDTH 7 0
BBX 7 6 0 0
BITMAP
3C
66
E6
E6
66
3C
ENDCHAR
STARTCHAR $043F
ENCODING 1087
SWIDTH 720 0
DWIDTH 8 0
BBX 8 6 0 0
BITMAP
FF
66
66
66
66
FF
ENDCHAR
STARTCHAR $0440
ENCODING 1088
SWIDTH 720 0
DWIDTH 8 0
BBX 7 8 0 -2
BITMAP
FC
66
66
66
66
7C
60
F0
ENDCHAR
STARTCHAR $0441
ENCODING 1089
SWIDTH 630 0
DWIDTH 7 0
BBX 6 6 0 0
BITMAP
3C
64
E0
E0
64
38
ENDCHAR
STARTCHAR $0442
ENCODING 1090
SWIDTH 630 0
DWIDTH 7 0
BBX 6 6 0 0
BITMAP
FC
B0
30
30
30
38
ENDCHAR
STARTCHAR $0443
ENCODING 1091
SWIDTH 630 0
DWIDTH 7 0
BBX 7 8 0 -2
BITMAP
E6
64
24
38
18
10
90
60
ENDCHAR
STARTCHAR $0444
ENCODING 1092
SWIDTH 900 0
DWIDTH 10 0
BBX 9 10 0 -2
BITMAP
0C00
0C00
3F00
6D80
6D80
ED80
6D80
7F00
0C00
0C00
ENDCHAR
STARTCHAR $0445
ENCODING 1093
SWIDTH 630 0
DWIDTH 7 0
BBX 7 6 0 0
BITMAP
FC
68
30
38
58
DE
ENDCHAR
STARTCHAR $0446
ENCODING 1094
SWIDTH 720 0
DWIDTH 8 0
BBX 8 8 0 -2
BITMAP
FF
66
66
66
66
FF
01
01
ENDCHAR
STARTCHAR $0447
ENCODING 1095
SWIDTH 720 0
DWIDTH 8 0
BBX 8 6 0 0
BITMAP
FF
66
66
3E
06
0F
ENDCHAR
STARTCHAR $0448
ENCODING 1096
SWIDTH 1080 0
DWIDTH 12 0
BBX 11 6 0 0
BITMAP
FFE0
6660
6660
6660
6660
FFE0
ENDCHAR
STARTCHAR $0449
ENCODING 1097
SWIDTH 1080 0
DWIDTH 12 0
BBX 12 8 0 -2
BITMAP
FFE0
6660
6660
6660
6660
FFF0
0010
0010
ENDCHAR
STARTCHAR $044A
ENCODING 1098
SWIDTH 720 0
DWIDTH 8 0
BBX 8 6 0 0
BITMAP
F8
B0
30
3F
33
7E
ENDCHAR
STARTCHAR $044B
ENCODING 1099
SWIDTH 990 0
DWIDTH 11 0
BBX 11 6 0 0
BITMAP
F1E0
60C0
60C0
7EC0
66C0
FDE0
ENDCHAR
STARTCHAR $044C
ENCODING 1100
SWIDTH 630 0
DWIDTH 7 0
BBX 7 6 0 0
BITMAP
F0
60
60
7E
66
FC
ENDCHAR
STARTCHAR $044D
ENCODING 1101
SWIDTH 630 0
DWIDTH 7 0
BBX 6 6 0 0
BITMAP
78
8C
0C
3C
0C
78
ENDCHAR
STARTCHAR $044E
ENCODING 1102
SWIDTH 990 0
DWIDTH 11 0
BBX 10 6 1 0
BITMAP
E700
CC80
D8C0
F8C0
CCC0
EF80
ENDCHAR
STARTCHAR $044F
ENCODING 1103
SWIDTH 720 0
DWIDTH 8 0
BBX 8 6 0 0
BITMAP
3F
66
66
3E
36
EF
ENDCHAR
STARTCHAR $0450
ENCODING 1104
SWIDTH 630 0
DWIDTH 7 0
BBX 6 9 0 0
BITMAP
20
10
00
38
6C
FC
E0
64
38
ENDCHAR
STARTCHAR $0451
ENCODING 1105
SWIDTH 630 0
DWIDTH 7 0
BBX 6 9 0 0
BITMAP
28
28
00
38
6C
FC
E0
64
38
ENDCHAR
STARTCHAR $0452
ENCODING 1106
SWIDTH 720 0
DWIDTH 8 0
BBX 7 10 0 -2
BITMAP
60
60
F8
60
7E
66
66
F6
06
08
ENDCHAR
STARTCHAR $0453
ENCODING 1107
SWIDTH 630 0
DWIDTH 7 0
BBX 6 9 0 0
BITMAP
18
10
00
FC
64
60
60
60
F0
ENDCHAR
STARTCHAR $0454
ENCODING 1108
SWIDTH 630 0
DWIDTH 7 0
BBX 6 6 0 0
BITMAP
3C
64
60
F0
64
7C
ENDCHAR
STARTCHAR $0455
ENCODING 1109
SWIDTH 540 0
DWIDTH 6 0
BBX 6 6 0 0
BITMAP
78
C8
70
3C
8C
78
ENDCHAR
STARTCHAR $0456
ENCODING 1110
SWIDTH 360 0
DWIDTH 4 0
BBX 4 9 0 0
BITMAP
60
60
00
E0
60
60
60
60
F0
ENDCHAR
STARTCHAR $0457
ENCODING 1111
SWIDTH 360 0
DWIDTH 4 0
BBX 4 9 0 0
BITMAP
D0
D0
00
E0
60
60
60
60
F0
ENDCHAR
STARTCHAR $0458
ENCODING 1112
SWIDTH 360 0
DWIDTH 4 0
BBX 4 11 -1 -2
BITMAP
30
30
00
70
30
30
30
30
30
30
F0
ENDCHAR
STARTCHAR $0459
ENCODING 1113
SWIDTH 990 0
DWIDTH 11 0
BBX 10 6 0 0
BITMAP
7E00
2600
2600
27C0
26C0
CFC0
ENDCHAR
STARTCHAR $045A
ENCODING 1114
SWIDTH 990 0
DWIDTH 11 0
BBX 11 6 0 0
BITMAP
FF00
6600
6600
7FC0
6660
FFC0
ENDCHAR
STARTCHAR $045B
ENCODING 1115
SWIDTH 720 0
DWIDTH 8 0
BBX 8 8 0 0
BITMAP
60
60
F8
60
7E
66
66
FF
ENDCHAR
STARTCHAR $045C
ENCODING 1116
SWIDTH 720 0
DWIDTH 8 0
BBX 8 9 0 0
BITMAP
08
10
00
F6
64
68
7C
66
F7
ENDCHAR
STARTCHAR $045D
ENCODING 1117
SWIDTH 720 0
DWIDTH 8 0
BBX 8 9 0 0
BITMAP
10
08
00
FF
66
6E
76
66
FF
ENDCHAR
STARTCHAR $045E
ENCODING 1118
SWIDTH 630 0
DWIDTH 7 0
BBX 7 11 0 -2
BITMAP
28
38
00
E6
64
24
38
18
10
90
60
ENDCHAR
STARTCHAR $045F
ENCODING 1119
SWIDTH 720 0
DWIDTH 8 0
BBX 8 7 0 -2
BITMAP
FF
66
66
66
66
FF
10
ENDCHAR
STARTCHAR $0462
ENCODING 1122
SWIDTH 900 0
DWIDTH 10 0
BBX 9 8 0 0
BITMAP
7800
FC00
B000
3E00
3380
3180
3180
7F00
ENDCHAR
STARTCHAR $0463
ENCODING 1123
SWIDTH 720 0
DWIDTH 8 0
BBX 7 8 0 0
BITMAP
60
20
F8
A8
20
3E
26
7E
ENDCHAR
STARTCHAR $0464
ENCODING 1124
SWIDTH 1170 0
DWIDTH 13 0
BBX 11 8 1 0
BITMAP
F3E0
6620
6C00
6C00
7F80
6C00
6620
F3E0
ENDCHAR
STARTCHAR $0465
ENCODING 1125
SWIDTH 990 0
DWIDTH 11 0
BBX 9 6 1 0
BITMAP
E780
CC80
DC00
FA00
CC80
EF00
ENDCHAR
STARTCHAR $046A
ENCODING 1130
SWIDTH 1260 0
DWIDTH 14 0
BBX 14 8 0 0
BITMAP
1FF0
0E20
0740
0FC0
1B60
3B30
3318
F7BC
ENDCHAR
STARTCHAR $046B
ENCODING 1131
SWIDTH 990 0
DWIDTH 11 0
BBX 11 6 0 0
BITMAP
3F80
1900
0E00
3780
66C0
EEE0
ENDCHAR
STARTCHAR $046C
ENCODING 1132
SWIDTH 1620 0
DWIDTH 18 0
BBX 17 8 1 0
BITMAP
F7FC00
638800
61D000
7FF800
636C00
666E00
6C6600
FEF780
ENDCHAR
STARTCHAR $046D
ENCODING 1133
SWIDTH 1260 0
DWIDTH 14 0
BBX 13 6 1 0
BITMAP
EFE0
C640
C380
FDE0
CDB0
FFB8
ENDCHAR
STARTCHAR $0470
ENCODING 1136
SWIDTH 1080 0
DWIDTH 12 0
BBX 11 8 1 0
BITMAP
1E60
CC80
EC80
6D00
6D00
3F00
0C00
1E00
ENDCHAR
STARTCHAR $0471
ENCODING 1137
SWIDTH 1080 0
DWIDTH 12 0
BBX 12 10 0 -2
BITMAP
0600
0600
E630
6640
6640
3680
3680
1F00
0600
0600
ENDCHAR
STARTCHAR $0472
ENCODING 1138
SWIDTH 900 0
DWIDTH 10 0
BBX 9 8 0 0
BITMAP
3E00
6300
6180
FF80
E180
6180
6300
3E00
ENDCHAR
STARTCHAR $0473
ENCODING 1139
SWIDTH 630 0
DWIDTH 7 0
BBX 7 6 0 0
BITMAP
38
6C
66
FE
64
7C
ENDCHAR
STARTCHAR $0474
ENCODING 1140
SWIDTH 900 0
DWIDTH 10 0
BBX 10 8 0 0
BITMAP
F1C0
6100
3200
3200
3A00
1C00
1C00
0800
ENDCHAR
STARTCHAR $0475
ENCODING 1141
SWIDTH 720 0
DWIDTH 8 0
BBX 8 6 0 0
BITMAP
E3
64
64
38
38
18
ENDCHAR
STARTCHAR $0476
ENCODING 1142
SWIDTH 900 0
DWIDTH 10 0
BBX 10 10 0 0
BITMAP
1C00
0000
F1C0
6100
3200
3200
3A00
1C00
1C00
0800
ENDCHAR
STARTCHAR $0477
ENCODING 1143
SWIDTH 720 0
DWIDTH 8 0
BBX 8 9 0 0
BITMAP
28
18
00
E3
64
64
38
38
18
ENDCHAR
STARTCHAR $048C
ENCODING 1164
SWIDTH 810 0
DWIDTH 9 0
BBX 9 8 0 0
BITMAP
7800
F800
3000
3E00
3300
3380
3380
7F00
ENDCHAR
STARTCHAR $048D
ENCODING 1165
SWIDTH 630 0
DWIDTH 7 0
BBX 7 8 0 0
BITMAP
60
60
F0
60
60
7E
66
FC
ENDCHAR
STARTCHAR $0490
ENCODING 1168
SWIDTH 720 0
DWIDTH 8 0
BBX 7 10 1 0
BITMAP
02
02
FE
60
60
60
60
60
60
F0
ENDCHAR
STARTCHAR $0491
ENCODING 1169
SWIDTH 630 0
DWIDTH 7 0
BBX 6 7 0 0
BITMAP
04
FC
60
60
60
60
F0
ENDCHAR
STARTCHAR $0492
ENCODING 1170
SWIDTH 720 0
DWIDTH 8 0
BBX 7 8 0 0
BITMAP
7E
30
30
FC
30
30
30
78
ENDCHAR
STARTCHAR $0493
ENCODING 1171
SWIDTH 630 0
DWIDTH 7 0
BBX 6 6 0 0
BITMAP
FC
64
60
70
60
F0
ENDCHAR
STARTCHAR $0494
ENCODING 1172
SWIDTH 900 0
DWIDTH 10 0
BBX 8 10 1 -2
BITMAP
FE
62
60
7C
66
63
63
F3
03
1E
ENDCHAR
STARTCHAR $0495
ENCODING 1173
SWIDTH 720 0
DWIDTH 8 0
BBX 7 8 0 -2
BITMAP
FC
60
78
66
66
F6
06
1E
ENDCHAR
STARTCHAR $0496
ENCODING 1174
SWIDTH 1260 0
DWIDTH 14 0
BBX 14 9 0 -2
BITMAP
779C
1310
0B20
0F60
1BE0
3B30
3318
F7BC
0004
ENDCHAR
STARTCHAR $0497
ENCODING 1175
SWIDTH 990 0
DWIDTH 11 0
BBX 11 8 0 -2
BITMAP
6EC0
2680
1700
3F80
66C0
EEE0
0020
0020
ENDCHAR
STARTCHAR $0498
ENCODING 1176
SWIDTH 720 0
DWIDTH 8 0
BBX 6 10 1 -2
BITMAP
F8
8C
0C
78
0C
0C
8C
78
10
30
ENDCHAR
STARTCHAR $0499
ENCODING 1177
SWIDTH 630 0
DWIDTH 7 0
BBX 6 8 1 -2
BITMAP
F0
18
18
38
0C
98
60
60
ENDCHAR
STARTCHAR $049A
ENCODING 1178
SWIDTH 900 0
DWIDTH 10 0
BBX 9 10 1 -2
BITMAP
F700
6400
6800
7800
7C00
6E00
6600
F780
0080
0080
ENDCHAR
STARTCHAR $049B
ENCODING 1179
SWIDTH 720 0
DWIDTH 8 0
BBX 8 8 0 -2
BITMAP
F6
64
68
7C
66
F7
01
01
ENDCHAR
STARTCHAR $049E
ENCODING 1182
SWIDTH 900 0
DWIDTH 10 0
BBX 10 8 0 0
BITMAP
7B80
FA00
3400
3C00
3E00
3700
3300
7BC0
ENDCHAR
STARTCHAR $049F
ENCODING 1183
SWIDTH 720 0
DWIDTH 8 0
BBX 8 8 0 0
BITMAP
60
F8
66
64
68
7C
66
F7
ENDCHAR
STARTCHAR $04A0
ENCODING 1184
SWIDTH 990 0
DWIDTH 11 0
BBX 11 8 0 0
BITMAP
FCE0
9880
1900
1B00
1F00
1980
19C0
3DE0
ENDCHAR
STARTCHAR $04A1
ENCODING 1185
SWIDTH 810 0
DWIDTH 9 0
BBX 9 6 0 0
BITMAP
FB00
B200
3400
3E00
3300
7B80
ENDCHAR
STARTCHAR $04A2
ENCODING 1186
SWIDTH 990 0
DWIDTH 11 0
BBX 9 10 1 -2
BITMAP
F780
6300
6300
7F00
6300
6300
6300
F780
0080
0080
ENDCHAR
STARTCHAR $04A3
ENCODING 1187
SWIDTH 720 0
DWIDTH 8 0
BBX 8 8 0 -2
BITMAP
FF
66
66
7E
66
FF
01
01
ENDCHAR
STARTCHAR $04A4
ENCODING 1188
SWIDTH 1170 0
DWIDTH 13 0
BBX 12 8 1 0
BITMAP
F7F0
6310
6300
7F00
6300
6300
6300
F780
ENDCHAR
STARTCHAR $04A5
ENCODING 1189
SWIDTH 990 0
DWIDTH 11 0
BBX 10 6 0 0
BITMAP
FFC0
6640
6600
7E00
6600
FF00
ENDCHAR
STARTCHAR $04A6
ENCODING 1190
SWIDTH 1350 0
DWIDTH 15 0
BBX 13 10 1 -2
BITMAP
FF80
6300
6300
63E0
6338
6318
6318
F798
0018
00F0
ENDCHAR
STARTCHAR $04A7
ENCODING 1191
SWIDTH 1080 0
DWIDTH 12 0
BBX 11 8 0 -2
BITMAP
FF00
6600
6780
66C0
6660
FF60
0060
00E0
ENDCHAR
STARTCHAR $04AA
ENCODING 1194
SWIDTH 810 0
DWIDTH 9 0
BBX 8 10 0 -2
BITMAP
3E
71
60
E0
E0
60
71
3E
04
1C
ENDCHAR
STARTCHAR $04AB
ENCODING 1195
SWIDTH 630 0
DWIDTH 7 0
BBX 6 8 0 -2
BITMAP
3C
64
E0
E0
64
38
10
38
ENDCHAR
STARTCHAR $04AC
ENCODING 1196
SWIDTH 720 0
DWIDTH 8 0
BBX 8 9 0 -2
BITMAP
FF
99
18
18
18
18
18
3C
04
ENDCHAR
STARTCHAR $04AD
ENCODING 1197
SWIDTH 630 0
DWIDTH 7 0
BBX 6 7 0 -2
BITMAP
FC
B0
30
30
30
38
08
ENDCHAR
STARTCHAR $04AE
ENCODING 1198
SWIDTH 720 0
DWIDTH 8 0
BBX 8 8 0 0
BITMAP
F3
62
34
3C
18
18
18
3C
ENDCHAR
STARTCHAR $04AF
ENCODING 1199
SWIDTH 540 0
DWIDTH 6 0
BBX 7 8 0 -2
BITMAP
E6
64
68
38
38
30
30
38
ENDCHAR
STARTCHAR $04B0
ENCODING 1200
SWIDTH 720 0
DWIDTH 8 0
BBX 8 8 0 0
BITMAP
F3
62
34
3C
18
3C
18
3C
ENDCHAR
STARTCHAR $04B1
ENCODING 1201
SWIDTH 540 0
DWIDTH 6 0
BBX 7 8 0 -2
BITMAP
E6
64
68
38
38
30
78
38
ENDCHAR
STARTCHAR $04B2
ENCODING 1202
SWIDTH 900 0
DWIDTH 10 0
BBX 9 10 0 -2
BITMAP
F700
7200
3400
1800
1C00
2E00
2600
E780
0080
0080
ENDCHAR
STARTCHAR $04B3
ENCODING 1203
SWIDTH 630 0
DWIDTH 7 0
BBX 7 8 0 -2
BITMAP
FC
68
38
38
58
DE
02
02
ENDCHAR
STARTCHAR $04B4
ENCODING 1204
SWIDTH 990 0
DWIDTH 11 0
BBX 11 10 0 -2
BITMAP
FDE0
B580
3180
3180
3180
3180
3180
7FE0
0020
0020
ENDCHAR
STARTCHAR $04B5
ENCODING 1205
SWIDTH 810 0
DWIDTH 9 0
BBX 9 8 0 -2
BITMAP
FF00
BB00
3300
3300
3300
7F80
0080
0080
ENDCHAR
STARTCHAR $04B6
ENCODING 1206
SWIDTH 900 0
DWIDTH 10 0
BBX 10 10 0 -2
BITMAP
F780
6300
6300
3300
1F00
0300
0300
07C0
0040
0040
ENDCHAR
STARTCHAR $04B7
ENCODING 1207
SWIDTH 720 0
DWIDTH 8 0
BBX 8 8 0 -2
BITMAP
FF
66
66
3E
06
0F
01
01
ENDCHAR
STARTCHAR $04BA
ENCODING 1210
SWIDTH 900 0
DWIDTH 10 0
BBX 9 8 0 0
BITMAP
F800
6000
6000
7E00
6300
6300
6300
F780
ENDCHAR
STARTCHAR $04BB
ENCODING 1211
SWIDTH 720 0
DWIDTH 8 0
BBX 8 9 0 0
BITMAP
E0
60
60
6C
76
66
66
66
FF
ENDCHAR
STARTCHAR $04C0
ENCODING 1216
SWIDTH 450 0
DWIDTH 5 0
BBX 4 8 1 0
BITMAP
F0
60
60
60
60
60
60
F0
ENDCHAR
STARTCHAR $04C1
ENCODING 1217
SWIDTH 1260 0
DWIDTH 14 0
BBX 14 10 0 0
BITMAP
0480
0300
779C
1310
0B20
0F60
1BE0
3B30
3318
F7BC
ENDCHAR
STARTCHAR $04C2
ENCODING 1218
SWIDTH 990 0
DWIDTH 11 0
BBX 11 9 0 0
BITMAP
0A00
0E00
0000
6EC0
2680
1700
3F80
66C0
EEE0
ENDCHAR
STARTCHAR $04C3
ENCODING 1219
SWIDTH 900 0
DWIDTH 10 0
BBX 8 10 1 -2
BITMAP
F7
64
68
7C
66
63
63
F3
03
1E
ENDCHAR
STARTCHAR $04C4
ENCODING 1220
SWIDTH 720 0
DWIDTH 8 0
BBX 7 8 0 -2
BITMAP
F6
64
68
76
66
F6
06
1E
ENDCHAR
STARTCHAR $04C7
ENCODING 1223
SWIDTH 900 0
DWIDTH 10 0
BBX 9 10 1 -2
BITMAP
F780
6300
6300
7F00
6300
6300
6300
F300
0300
1E00
ENDCHAR
STARTCHAR $04C8
ENCODING 1224
SWIDTH 720 0
DWIDTH 8 0
BBX 8 8 0 -2
BITMAP
FF
66
66
7E
66
F6
06
1E
ENDCHAR
STARTCHAR $04CB
ENCODING 1227
SWIDTH 900 0
DWIDTH 10 0
BBX 9 10 0 -2
BITMAP
F780
6300
6300
3300
1F00
0300
0300
0780
0400
0400
ENDCHAR
STARTCHAR $04CC
ENCODING 1228
SWIDTH 720 0
DWIDTH 8 0
BBX 8 8 0 -2
BITMAP
FF
66
66
3E
06
0F
08
08
ENDCHAR
STARTCHAR $04CF
ENCODING 1231
SWIDTH 360 0
DWIDTH 4 0
BBX 4 8 0 0
BITMAP
60
60
60
60
60
60
60
F0
ENDCHAR
STARTCHAR $04D0
ENCODING 1232
SWIDTH 810 0
DWIDTH 9 0
BBX 9 11 0 0
BITMAP
2400
1C00
0000
0800
1C00
1C00
2E00
2600
7E00
4300
C780
ENDCHAR
STARTCHAR $04D1
ENCODING 1233
SWIDTH 630 0
DWIDTH 7 0
BBX 7 9 0 0
BITMAP
48
38
00
78
4C
7C
4C
CC
7E
ENDCHAR
STARTCHAR $04D2
ENCODING 1234
SWIDTH 810 0
DWIDTH 9 0
BBX 9 10 0 0
BITMAP
3400
3400
0800
1C00
1C00
2E00
2600
7E00
4300
C780
ENDCHAR
STARTCHAR $04D3
ENCODING 1235
SWIDTH 630 0
DWIDTH 7 0
BBX 7 9 0 0
BITMAP
68
68
00
78
4C
7C
4C
CC
7E
ENDCHAR
STARTCHAR $04D4
ENCODING 1236
SWIDTH 990 0
DWIDTH 11 0
BBX 11 8 0 0
BITMAP
3FE0
1620
2600
2780
4600
7E00
8620
CFE0
ENDCHAR
STARTCHAR $04D5
ENCODING 1237
SWIDTH 990 0
DWIDTH 11 0
BBX 10 6 0 0
BITMAP
7B80
4CC0
7FC0
4C00
CE40
7380
ENDCHAR
STARTCHAR $04D6
ENCODING 1238
SWIDTH 720 0
DWIDTH 8 0
BBX 7 10 1 0
BITMAP
48
38
FE
62
60
78
60
60
62
FE
ENDCHAR
STARTCHAR $04D7
ENCODING 1239
SWIDTH 630 0
DWIDTH 7 0
BBX 6 9 0 0
BITMAP
48
38
00
38
6C
FC
E0
64
38
ENDCHAR
STARTCHAR $04D8
ENCODING 1240
SWIDTH 900 0
DWIDTH 10 0
BBX 9 8 0 0
BITMAP
3E00
2300
0180
0180
FF80
6180
6300
3E00
ENDCHAR
STARTCHAR $04D9
ENCODING 1241
SWIDTH 630 0
DWIDTH 7 0
BBX 5 6 1 0
BITMAP
70
98
18
F8
D8
F8
ENDCHAR
STARTCHAR $04DA
ENCODING 1242
SWIDTH 900 0
DWIDTH 10 0
BBX 9 10 0 0
BITMAP
1600
1600
3E00
2300
0180
0180
FF80
6180
6300
3E00
ENDCHAR
STARTCHAR $04DB
ENCODING 1243
SWIDTH 630 0
DWIDTH 7 0
BBX 5 9 1 0
BITMAP
50
50
00
70
98
18
F8
D8
F8
ENDCHAR
STARTCHAR $04DC
ENCODING 1244
SWIDTH 1260 0
DWIDTH 14 0
BBX 14 10 0 0
BITMAP
0680
0680
779C
1310
0B20
0F60
1BE0
3B30
3318
F7BC
ENDCHAR
STARTCHAR $04DD
ENCODING 1245
SWIDTH 990 0
DWIDTH 11 0
BBX 11 9 0 0
BITMAP
0A00
0A00
0000
6EC0
2680
1700
3F80
66C0
EEE0
ENDCHAR
STARTCHAR $04DE
ENCODING 1246
SWIDTH 720 0
DWIDTH 8 0
BBX 6 10 1 0
BITMAP
68
68
F8
8C
0C
78
0C
0C
8C
78
ENDCHAR
STARTCHAR $04DF
ENCODING 1247
SWIDTH 630 0
DWIDTH 7 0
BBX 6 9 1 0
BITMAP
58
58
00
F0
18
18
38
0C
F8
ENDCHAR
STARTCHAR $04E0
ENCODING 1248
SWIDTH 630 0
DWIDTH 7 0
BBX 7 8 0 0
BITMAP
7C
18
38
30
0C
0E
8C
FC
ENDCHAR
STARTCHAR $04E1
ENCODING 1249
SWIDTH 540 0
DWIDTH 6 0
BBX 7 8 0 -2
BITMAP
7C
18
38
30
0C
0E
8C
FC
ENDCHAR
STARTCHAR $04E2
ENCODING 1250
SWIDTH 900 0
DWIDTH 10 0
BBX 9 10 1 0
BITMAP
1C00
0000
F780
6300
6700
6B00
7300
6300
6300
F780
ENDCHAR
STARTCHAR $04E3
ENCODING 1251
SWIDTH 720 0
DWIDTH 8 0
BBX 8 8 0 0
BITMAP
3C
00
FF
66
6E
76
66
FF
ENDCHAR
STARTCHAR $04E4
ENCODING 1252
SWIDTH 900 0
DWIDTH 10 0
BBX 9 10 1 0
BITMAP
3400
3400
F780
6300
6700
6B00
7300
6300
6300
F780
ENDCHAR
STARTCHAR $04E5
ENCODING 1253
SWIDTH 720 0
DWIDTH 8 0
BBX 8 9 0 0
BITMAP
34
34
00
FF
66
6E
76
66
FF
ENDCHAR
STARTCHAR $04E6
ENCODING 1254
SWIDTH 900 0
DWIDTH 10 0
BBX 9 10 0 0
BITMAP
1600
1600
3E00
6300
6180
E180
E180
6180
6300
3E00
ENDCHAR
STARTCHAR $04E7
ENCODING 1255
SWIDTH 630 0
DWIDTH 7 0
BBX 7 9 0 0
BITMAP
2C
2C
00
3C
66
E6
E6
66
3C
ENDCHAR
STARTCHAR $04E8
ENCODING 1256
SWIDTH 900 0
DWIDTH 10 0
BBX 9 8 0 0
BITMAP
3E00
6300
6180
FF80
E180
6180
6300
3E00
ENDCHAR
STARTCHAR $04E9
ENCODING 1257
SWIDTH 630 0
DWIDTH 7 0
BBX 7 6 0 0
BITMAP
38
64
66
FE
66
7C
ENDCHAR
STARTCHAR $04EA
ENCODING 1258
SWIDTH 900 0
DWIDTH 10 0
BBX 9 10 0 0
BITMAP
1600
1600
3E00
6300
6180
FF80
E180
6180
6300
3E00
ENDCHAR
STARTCHAR $04EB
ENCODING 1259
SWIDTH 630 0
DWIDTH 7 0
BBX 7 9 0 0
BITMAP
2C
2C
00
38
64
66
FE
66
7C
ENDCHAR
STARTCHAR $04EC
ENCODING 1260
SWIDTH 810 0
DWIDTH 9 0
BBX 7 10 1 0
BITMAP
68
68
D8
8C
06
06
3E
06
8C
78
ENDCHAR
STARTCHAR $04ED
ENCODING 1261
SWIDTH 630 0
DWIDTH 7 0
BBX 6 9 0 0
BITMAP
68
68
00
78
8C
0C
3C
0C
78
ENDCHAR
STARTCHAR $04EE
ENCODING 1262
SWIDTH 810 0
DWIDTH 9 0
BBX 9 10 0 0
BITMAP
0E00
0000
F380
7100
3200
3A00
1C00
0C00
0800
7000
ENDCHAR
STARTCHAR $04EF
ENCODING 1263
SWIDTH 630 0
DWIDTH 7 0
BBX 7 10 0 -2
BITMAP
3C
00
E6
64
24
38
18
10
90
60
ENDCHAR
STARTCHAR $04F0
ENCODING 1264
SWIDTH 810 0
DWIDTH 9 0
BBX 9 10 0 0
BITMAP
1A00
1A00
F380
7100
3200
3A00
1C00
0C00
0800
7000
ENDCHAR
STARTCHAR $04F1
ENCODING 1265
SWIDTH 630 0
DWIDTH 7 0
BBX 7 11 0 -2
BITMAP
28
28
00
E6
64
24
38
18
10
90
60
ENDCHAR
STARTCHAR $04F2
ENCODING 1266
SWIDTH 810 0
DWIDTH 9 0
BBX 9 10 0 0
BITMAP
0F00
0000
F380
7100
3200
3A00
1C00
0C00
0800
7000
ENDCHAR
STARTCHAR $04F3
ENCODING 1267
SWIDTH 630 0
DWIDTH 7 0
BBX 7 11 0 -2
BITMAP
14
28
00
E6
64
24
38
18
10
90
60
ENDCHAR
STARTCHAR $04F4
ENCODING 1268
SWIDTH 900 0
DWIDTH 10 0
BBX 9 10 0 0
BITMAP
1600
1600
F780
6300
6300
7300
3F00
0300
0300
0780
ENDCHAR
STARTCHAR $04F5
ENCODING 1269
SWIDTH 720 0
DWIDTH 8 0
BBX 8 9 0 0
BITMAP
34
34
00
FF
66
66
3E
06
0F
ENDCHAR
STARTCHAR $04F6
ENCODING 1270
SWIDTH 720 0
DWIDTH 8 0
BBX 6 10 1 -2
BITMAP
FC
60
60
60
60
60
60
F0
10
10
ENDCHAR
STARTCHAR $04F7
ENCODING 1271
SWIDTH 630 0
DWIDTH 7 0
BBX 6 8 0 -2
BITMAP
FC
64
60
60
60
F0
10
10
ENDCHAR
STARTCHAR $04F8
ENCODING 1272
SWIDTH 1170 0
DWIDTH 13 0
BBX 12 10 1 0
BITMAP
1A00
1A00
F0F0
6060
6060
7C60
6660
6760
6660
FCF0
ENDCHAR
STARTCHAR $04F9
ENCODING 1273
SWIDTH 990 0
DWIDTH 11 0
BBX 11 9 0 0
BITMAP
1A00
1A00
0000
F1E0
60C0
60C0
7EC0
66C0
FDE0
ENDCHAR
STARTCHAR $0510
ENCODING 1296
SWIDTH 720 0
DWIDTH 8 0
BBX 6 8 1 0
BITMAP
7C
C0
C0
70
C0
C0
C4
78
ENDCHAR
STARTCHAR $0511
ENCODING 1297
SWIDTH 630 0
DWIDTH 7 0
BBX 6 6 0 0
BITMAP
3C
60
60
70
C0
7C
ENDCHAR
STARTCHAR $0512
ENCODING 1298
SWIDTH 900 0
DWIDTH 10 0
BBX 9 10 0 -2
BITMAP
3F80
1300
1300
1300
1300
1300
2300
E300
0300
0F00
ENDCHAR
STARTCHAR $0513
ENCODING 1299
SWIDTH 720 0
DWIDTH 8 0
BBX 7 8 0 -2
BITMAP
7E
26
26
26
26
C6
06
1C
ENDCHAR
STARTCHAR $0514
ENCODING 1300
SWIDTH 1260 0
DWIDTH 14 0
BBX 14 8 0 0
BITMAP
3FB8
1190
11E0
10C0
10E0
10F0
2130
E73C
ENDCHAR
STARTCHAR $0515
ENCODING 1301
SWIDTH 900 0
DWIDTH 10 0
BBX 10 6 0 0
BITMAP
7EC0
2680
2300
2300
2580
CDC0
ENDCHAR
STARTCHAR $051A
ENCODING 1306
SWIDTH 810 0
DWIDTH 9 0
BBX 9 10 0 -2
BITMAP
3E00
6300
6180
E180
E180
6180
6300
3E00
0400
0300
ENDCHAR
STARTCHAR $051B
ENCODING 1307
SWIDTH 630 0
DWIDTH 7 0
BBX 7 8 0 -2
BITMAP
76
6E
E6
E6
66
7E
06
0E
ENDCHAR
STARTCHAR $051C
ENCODING 1308
SWIDTH 990 0
DWIDTH 11 0
BBX 12 8 0 0
BITMAP
F330
6320
6720
35A0
35A0
39C0
39C0
18C0
ENDCHAR
STARTCHAR $051D
ENCODING 1309
SWIDTH 810 0
DWIDTH 9 0
BBX 10 6 0 0
BITMAP
E4C0
6C80
6E80
7700
3700
3200
ENDCHAR
STARTCHAR $0531
ENCODING 1329
SWIDTH 900 0
DWIDTH 10 0
BBX 10 8 0 0
BITMAP
FBC0
6180
6180
6180
6580
6580
3700
1FC0
ENDCHAR
STARTCHAR $0532
ENCODING 1330
SWIDTH 810 0
DWIDTH 9 0
BBX 9 8 0 0
BITMAP
3E00
2300
6300
6380
6000
7F80
6000
F800
ENDCHAR
STARTCHAR $0533
ENCODING 1331
SWIDTH 900 0
DWIDTH 10 0
BBX 10 8 0 0
BITMAP
7C00
6600
E600
6600
6600
3FC0
0600
0F00
ENDCHAR
STARTCHAR $0534
ENCODING 1332
SWIDTH 900 0
DWIDTH 10 0
BBX 10 8 0 0
BITMAP
3E00
6600
6600
E600
0600
07C0
0600
0F80
ENDCHAR
STARTCHAR $0535
ENCODING 1333
SWIDTH 810 0
DWIDTH 9 0
BBX 9 8 0 0
BITMAP
F800
6000
7F00
6180
6380
6300
3300
3E00
ENDCHAR
STARTCHAR $0536
ENCODING 1334
SWIDTH 810 0
DWIDTH 9 0
BBX 7 9 1 -1
BITMAP
7C
C6
C6
E6
06
06
CC
FE
02
ENDCHAR
STARTCHAR $0537
ENCODING 1335
SWIDTH 720 0
DWIDTH 8 0
BBX 8 9 0 -1
BITMAP
F8
60
7F
60
60
60
60
FE
02
ENDCHAR
STARTCHAR $0538
ENCODING 1336
SWIDTH 810 0
DWIDTH 9 0
BBX 9 9 0 -1
BITMAP
3E00
2300
6300
6380
6000
6000
6000
FF80
0100
ENDCHAR
STARTCHAR $0539
ENCODING 1337
SWIDTH 1080 0
DWIDTH 12 0
BBX 13 8 0 0
BITMAP
1F80
30C0
60C0
63F8
66D0
66C0
66C0
FF80
ENDCHAR
STARTCHAR $053A
ENCODING 1338
SWIDTH 900 0
DWIDTH 10 0
BBX 10 8 0 0
BITMAP
0E00
0600
3FC0
6600
6600
E600
6600
7C00
ENDCHAR
STARTCHAR $053B
ENCODING 1339
SWIDTH 810 0
DWIDTH 9 0
BBX 7 8 1 0
BITMAP
F0
60
7C
66
66
66
60
F0
ENDCHAR
STARTCHAR $053C
ENCODING 1340
SWIDTH 720 0
DWIDTH 8 0
BBX 7 8 1 -1
BITMAP
F0
60
60
60
60
60
60
FE
ENDCHAR
STARTCHAR $053D
ENCODING 1341
SWIDTH 1170 0
DWIDTH 13 0
BBX 12 8 1 0
BITMAP
F000
6000
7EF0
6C60
6C60
6C60
6C60
F7C0
ENDCHAR
STARTCHAR $053E
ENCODING 1342
SWIDTH 900 0
DWIDTH 10 0
BBX 8 8 1 0
BITMAP
DF
F8
66
C3
C3
C3
66
3C
ENDCHAR
STARTCHAR $053F
ENCODING 1343
SWIDTH 810 0
DWIDTH 9 0
BBX 9 8 0 0
BITMAP
F000
6000
6780
6300
2300
1F00
0300
0780
ENDCHAR
STARTCHAR $0540
ENCODING 1344
SWIDTH 720 0
DWIDTH 8 0
BBX 7 8 0 -1
BITMAP
0C
06
0E
30
C0
F0
7E
0E
ENDCHAR
STARTCHAR $0541
ENCODING 1345
SWIDTH 900 0
DWIDTH 10 0
BBX 8 8 1 0
BITMAP
7C
C6
C6
E7
06
FE
BF
F6
ENDCHAR
STARTCHAR $0542
ENCODING 1346
SWIDTH 900 0
DWIDTH 10 0
BBX 10 8 0 -1
BITMAP
3E00
6600
6600
E600
0600
0600
0600
0FC0
ENDCHAR
STARTCHAR $0543
ENCODING 1347
SWIDTH 810 0
DWIDTH 9 0
BBX 9 8 0 0
BITMAP
7300
1C00
1C00
1C00
2600
6700
6300
FF80
ENDCHAR
STARTCHAR $0544
ENCODING 1348
SWIDTH 990 0
DWIDTH 11 0
BBX 11 8 0 0
BITMAP
F7E0
6300
6300
6300
6300
6300
2300
3E00
ENDCHAR
STARTCHAR $0545
ENCODING 1349
SWIDTH 810 0
DWIDTH 9 0
BBX 8 8 1 0
BITMAP
7C
C6
06
FC
C6
C3
C7
7E
ENDCHAR
STARTCHAR $0546
ENCODING 1350
SWIDTH 900 0
DWIDTH 10 0
BBX 10 8 0 1
BITMAP
FC00
1800
1800
1800
19C0
1980
1980
0F00
ENDCHAR
STARTCHAR $0547
ENCODING 1351
SWIDTH 810 0
DWIDTH 9 0
BBX 7 8 1 0
BITMAP
F8
3E
62
C0
C6
C6
C6
7C
ENDCHAR
STARTCHAR $0548
ENCODING 1352
SWIDTH 900 0
DWIDTH 10 0
BBX 9 8 0 0
BITMAP
3E00
2300
6300
6300
6300
6300
6300
F780
ENDCHAR
STARTCHAR $0549
ENCODING 1353
SWIDTH 810 0
DWIDTH 9 0
BBX 7 9 1 -1
BITMAP
7C
C6
C6
E6
06
4C
70
38
08
ENDCHAR
STARTCHAR $054A
ENCODING 1354
SWIDTH 990 0
DWIDTH 11 0
BBX 11 8 0 0
BITMAP
3F80
6CC0
6CC0
ECC0
0CC0
00C0
00C0
01E0
ENDCHAR
STARTCHAR $054B
ENCODING 1355
SWIDTH 810 0
DWIDTH 9 0
BBX 8 9 1 -1
BITMAP
7C
C6
C6
F7
7E
0E
CC
FE
02
ENDCHAR
STARTCHAR $054C
ENCODING 1356
SWIDTH 990 0
DWIDTH 11 0
BBX 11 8 0 0
BITMAP
3E00
2300
6300
6300
6300
63E0
6300
FF80
ENDCHAR
STARTCHAR $054D
ENCODING 1357
SWIDTH 900 0
DWIDTH 10 0
BBX 9 8 0 0
BITMAP
F780
6300
6300
6300
6300
6300
2300
3E00
ENDCHAR
STARTCHAR $054E
ENCODING 1358
SWIDTH 900 0
DWIDTH 10 0
BBX 10 8 0 -1
BITMAP
0F80
0600
E600
6600
6600
6600
1E00
0FC0
ENDCHAR
STARTCHAR $054F
ENCODING 1359
SWIDTH 810 0
DWIDTH 9 0
BBX 7 8 1 0
BITMAP
7C
C6
E0
F8
3E
C6
C6
7C
ENDCHAR
STARTCHAR $0550
ENCODING 1360
SWIDTH 810 0
DWIDTH 9 0
BBX 9 8 0 0
BITMAP
3E00
2300
6300
6380
6000
6000
6000
F800
ENDCHAR
STARTCHAR $0551
ENCODING 1361
SWIDTH 810 0
DWIDTH 9 0
BBX 9 8 0 0
BITMAP
3E00
6300
7300
FC00
4300
6380
6300
3E00
ENDCHAR
STARTCHAR $0552
ENCODING 1362
SWIDTH 720 0
DWIDTH 8 0
BBX 8 8 0 0
BITMAP
F8
60
7F
61
60
60
60
F8
ENDCHAR
STARTCHAR $0553
ENCODING 1363
SWIDTH 990 0
DWIDTH 11 0
BBX 9 8 1 0
BITMAP
3C00
7F00
D980
D980
D980
D980
7E00
3C00
ENDCHAR
STARTCHAR $0554
ENCODING 1364
SWIDTH 900 0
DWIDTH 10 0
BBX 9 8 0 0
BITMAP
1F00
3180
3180
3180
3F00
B000
7F80
7800
ENDCHAR
STARTCHAR $0555
ENCODING 1365
SWIDTH 900 0
DWIDTH 10 0
BBX 9 8 0 0
BITMAP
3E00
6300
6180
E180
E180
6180
6300
3E00
ENDCHAR
STARTCHAR $0556
ENCODING 1366
SWIDTH 990 0
DWIDTH 11 0
BBX 9 8 1 0
BITMAP
7E00
DC00
7E00
1D80
1D80
1D80
DD80
7F00
ENDCHAR
STARTCHAR $0559
ENCODING 1369
SWIDTH 270 0
DWIDTH 3 0
BBX 2 3 1 5
BITMAP
C0
80
40
ENDCHAR
STARTCHAR $055A
ENCODING 1370
SWIDTH 270 0
DWIDTH 3 0
BBX 3 3 0 4
BITMAP
60
60
C0
ENDCHAR
STARTCHAR $055B
ENCODING 1371
SWIDTH 270 0
DWIDTH 3 0
BBX 2 2 1 7
BITMAP
C0
80
ENDCHAR
STARTCHAR $055C
ENCODING 1372
SWIDTH 360 0
DWIDTH 4 0
BBX 4 2 0 8
BITMAP
70
80
ENDCHAR
STARTCHAR $055D
ENCODING 1373
SWIDTH 360 0
DWIDTH 4 0
BBX 3 2 0 7
BITMAP
C0
60
ENDCHAR
STARTCHAR $055E
ENCODING 1374
SWIDTH 450 0
DWIDTH 5 0
BBX 5 2 0 7
BITMAP
78
B8
ENDCHAR
STARTCHAR $055F
ENCODING 1375
SWIDTH 540 0
DWIDTH 6 0
BBX 5 1 0 7
BITMAP
F8
ENDCHAR
STARTCHAR $0561
ENCODING 1377
SWIDTH 1080 0
DWIDTH 12 0
BBX 11 6 0 0
BITMAP
EEC0
6640
6640
6640
66C0
7F60
ENDCHAR
STARTCHAR $0562
ENCODING 1378
SWIDTH 720 0
DWIDTH 8 0
BBX 7 8 0 -2
BITMAP
EC
76
66
66
60
7E
60
60
ENDCHAR
STARTCHAR $0563
ENCODING 1379
SWIDTH 810 0
DWIDTH 9 0
BBX 8 8 1 -2
BITMAP
6E
DC
CC
CC
CC
FF
0C
0C
ENDCHAR
STARTCHAR $0564
ENCODING 1380
SWIDTH 810 0
DWIDTH 9 0
BBX 8 8 1 -2
BITMAP
D8
EC
CC
CC
CC
EF
0C
0C
ENDCHAR
STARTCHAR $0565
ENCODING 1381
SWIDTH 720 0
DWIDTH 8 0
BBX 7 8 1 0
BITMAP
C0
C0
FC
C0
CC
CC
CC
FE
ENDCHAR
STARTCHAR $0566
ENCODING 1382
SWIDTH 720 0
DWIDTH 8 0
BBX 7 8 1 -2
BITMAP
6E
DC
CC
CC
CC
FC
0C
0E
ENDCHAR
STARTCHAR $0567
ENCODING 1383
SWIDTH 630 0
DWIDTH 7 0
BBX 7 8 0 0
BITMAP
60
60
7E
60
60
60
60
FC
ENDCHAR
STARTCHAR $0568
ENCODING 1384
SWIDTH 720 0
DWIDTH 8 0
BBX 8 8 0 -2
BITMAP
EC
76
66
66
66
6F
60
7E
ENDCHAR
STARTCHAR $0569
ENCODING 1385
SWIDTH 900 0
DWIDTH 10 0
BBX 10 8 0 -2
BITMAP
EF00
7180
6180
6FC0
6D80
6D00
6200
6000
ENDCHAR
STARTCHAR $056A
ENCODING 1386
SWIDTH 720 0
DWIDTH 8 0
BBX 8 8 1 0
BITMAP
1C
0C
7F
CC
CC
CC
C8
78
ENDCHAR
STARTCHAR $056B
ENCODING 1387
SWIDTH 720 0
DWIDTH 8 0
BBX 7 10 1 -2
BITMAP
C0
C0
D8
EC
CC
CC
CC
DE
C0
C0
ENDCHAR
STARTCHAR $056C
ENCODING 1388
SWIDTH 360 0
DWIDTH 4 0
BBX 5 8 0 -2
BITMAP
E0
60
60
60
60
60
60
78
ENDCHAR
STARTCHAR $056D
ENCODING 1389
SWIDTH 1080 0
DWIDTH 12 0
BBX 11 10 1 -2
BITMAP
C000
C000
D9C0
ECC0
CCC0
CCC0
CCC0
CFE0
C000
C000
ENDCHAR
STARTCHAR $056E
ENCODING 1390
SWIDTH 720 0
DWIDTH 8 0
BBX 6 8 1 1
BITMAP
60
70
7C
DC
CC
CC
CC
78
ENDCHAR
STARTCHAR $056F
ENCODING 1391
SWIDTH 720 0
DWIDTH 8 0
BBX 6 10 1 -2
BITMAP
C0
C0
DC
CC
CC
CC
CC
FC
0C
0C
ENDCHAR
STARTCHAR $0570
ENCODING 1392
SWIDTH 720 0
DWIDTH 8 0
BBX 7 8 1 0
BITMAP
C0
C0
D8
EC
CC
CC
CC
FE
ENDCHAR
STARTCHAR $0571
ENCODING 1393
SWIDTH 720 0
DWIDTH 8 0
BBX 6 9 1 0
BITMAP
40
C8
F0
30
58
C8
CC
DC
EC
ENDCHAR
STARTCHAR $0572
ENCODING 1394
SWIDTH 720 0
DWIDTH 8 0
BBX 7 8 1 -2
BITMAP
D8
EC
CC
CC
CC
EC
0C
0E
ENDCHAR
STARTCHAR $0573
ENCODING 1395
SWIDTH 720 0
DWIDTH 8 0
BBX 7 8 1 0
BITMAP
3C
60
F0
D8
CC
CC
CC
FE
ENDCHAR
STARTCHAR $0574
ENCODING 1396
SWIDTH 720 0
DWIDTH 8 0
BBX 8 8 0 0
BITMAP
0F
0C
E6
66
66
66
66
7F
ENDCHAR
STARTCHAR $0575
ENCODING 1397
SWIDTH 360 0
DWIDTH 4 0
BBX 3 8 0 -2
BITMAP
E0
60
60
60
60
60
60
E0
ENDCHAR
STARTCHAR $0576
ENCODING 1398
SWIDTH 720 0
DWIDTH 8 0
BBX 7 8 1 0
BITMAP
F0
80
DC
CC
CC
CC
CC
FE
ENDCHAR
STARTCHAR $0577
ENCODING 1399
SWIDTH 450 0
DWIDTH 5 0
BBX 5 8 0 -2
BITMAP
70
98
18
18
10
20
40
F8
ENDCHAR
STARTCHAR $0578
ENCODING 1400
SWIDTH 720 0
DWIDTH 8 0
BBX 7 6 1 0
BITMAP
D8
EC
CC
CC
CC
FE
ENDCHAR
STARTCHAR $0579
ENCODING 1401
SWIDTH 450 0
DWIDTH 5 0
BBX 4 8 0 -2
BITMAP
20
40
70
30
20
40
C0
F0
ENDCHAR
STARTCHAR $057A
ENCODING 1402
SWIDTH 1080 0
DWIDTH 12 0
BBX 11 8 0 -2
BITMAP
EEC0
6640
6640
6640
66C0
7F40
0040
00E0
ENDCHAR
STARTCHAR $057B
ENCODING 1403
SWIDTH 630 0
DWIDTH 7 0
BBX 6 8 1 -2
BITMAP
78
CC
CC
E8
70
20
40
F8
ENDCHAR
STARTCHAR $057C
ENCODING 1404
SWIDTH 720 0
DWIDTH 8 0
BBX 7 6 1 0
BITMAP
D8
EC
CC
CC
CC
FE
ENDCHAR
STARTCHAR $057D
ENCODING 1405
SWIDTH 720 0
DWIDTH 8 0
BBX 8 6 0 0
BITMAP
EE
66
66
66
66
7F
ENDCHAR
STARTCHAR $057E
ENCODING 1406
SWIDTH 720 0
DWIDTH 8 0
BBX 8 10 0 -2
BITMAP
06
06
E6
66
66
66
66
7E
06
07
ENDCHAR
STARTCHAR $057F
ENCODING 1407
SWIDTH 990 0
DWIDTH 11 0
BBX 11 6 0 0
BITMAP
EFC0
66C0
6640
6640
6640
7E60
ENDCHAR
STARTCHAR $0580
ENCODING 1408
SWIDTH 720 0
DWIDTH 8 0
BBX 8 8 0 -2
BITMAP
EC
76
66
66
66
6F
60
60
ENDCHAR
STARTCHAR $0581
ENCODING 1409
SWIDTH 720 0
DWIDTH 8 0
BBX 7 8 1 -2
BITMAP
6E
DC
CC
CC
CC
FC
0C
F8
ENDCHAR
STARTCHAR $0582
ENCODING 1410
SWIDTH 450 0
DWIDTH 5 0
BBX 5 6 1 0
BITMAP
C0
C0
C0
C0
C0
F8
ENDCHAR
STARTCHAR $0583
ENCODING 1411
SWIDTH 990 0
DWIDTH 11 0
BBX 11 10 0 -2
BITMAP
0600
0600
E7C0
66C0
6640
6640
6640
7E60
0600
0E00
ENDCHAR
STARTCHAR $0584
ENCODING 1412
SWIDTH 720 0
DWIDTH 8 0
BBX 7 8 0 -2
BITMAP
EC
76
66
66
66
7E
60
FE
ENDCHAR
STARTCHAR $0585
ENCODING 1413
SWIDTH 720 0
DWIDTH 8 0
BBX 6 6 1 0
BITMAP
78
CC
CC
CC
CC
78
ENDCHAR
STARTCHAR $0586
ENCODING 1414
SWIDTH 990 0
DWIDTH 11 0
BBX 10 10 0 -2
BITMAP
7E00
6C00
3E00
0D80
0CC0
ECC0
6CC0
3F00
0C00
0E00
ENDCHAR
STARTCHAR $0587
ENCODING 1415
SWIDTH 810 0
DWIDTH 9 0
BBX 8 8 1 0
BITMAP
C0
C0
DC
CC
CC
CC
CC
FF
ENDCHAR
STARTCHAR $0589
ENCODING 1417
SWIDTH 360 0
DWIDTH 4 0
BBX 2 5 1 0
BITMAP
80
80
00
00
C0
ENDCHAR
STARTCHAR $058A
ENCODING 1418
SWIDTH 360 0
DWIDTH 4 0
BBX 4 2 0 2
BITMAP
F0
70
ENDCHAR
STARTCHAR $0E3F
ENCODING 3647
SWIDTH 720 0
DWIDTH 8 0
BBX 7 9 0 -2
BITMAP
10
FE
76
76
6E
76
76
FE
10
ENDCHAR
STARTCHAR $10A0
ENCODING 4256
SWIDTH 720 0
DWIDTH 8 0
BBX 7 9 1 0
BITMAP
FC
CC
E0
C0
C0
C0
FC
0C
1E
ENDCHAR
STARTCHAR $10A1
ENCODING 4257
SWIDTH 900 0
DWIDTH 10 0
BBX 9 9 1 0
BITMAP
CE00
C600
C600
7E00
0600
0600
0F00
0100
0380
ENDCHAR
STARTCHAR $10A2
ENCODING 4258
SWIDTH 900 0
DWIDTH 10 0
BBX 8 10 1 -1
BITMAP
FC
CC
CC
EC
0C
0C
0E
01
01
07
ENDCHAR
STARTCHAR $10A3
ENCODING 4259
SWIDTH 900 0
DWIDTH 10 0
BBX 8 9 1 0
BITMAP
FF
99
3C
C2
C3
C3
C3
C3
7E
ENDCHAR
STARTCHAR $10A4
ENCODING 4260
SWIDTH 810 0
DWIDTH 9 0
BBX 7 9 1 0
BITMAP
FC
CC
CC
EC
0C
0C
0C
0C
0E
ENDCHAR
STARTCHAR $10A5
ENCODING 4261
SWIDTH 1080 0
DWIDTH 12 0
BBX 10 9 1 0
BITMAP
FC00
CC00
CC00
EF80
0CC0
0CC0
0CC0
0C00
0E00
ENDCHAR
STARTCHAR $10A6
ENCODING 4262
SWIDTH 990 0
DWIDTH 11 0
BBX 9 9 1 0
BITMAP
C000
C000
3800
1F00
1980
1980
1980
1980
0F80
ENDCHAR
STARTCHAR $10A7
ENCODING 4263
SWIDTH 1170 0
DWIDTH 13 0
BBX 12 9 1 0
BITMAP
3E00
4600
C780
C660
C660
C660
C670
6600
3F00
ENDCHAR
STARTCHAR $10A8
ENCODING 4264
SWIDTH 630 0
DWIDTH 7 0
BBX 5 9 1 0
BITMAP
C0
C0
38
18
18
18
18
18
38
ENDCHAR
STARTCHAR $10A9
ENCODING 4265
SWIDTH 810 0
DWIDTH 9 0
BBX 7 9 1 0
BITMAP
C0
C0
FC
C6
C6
C6
7E
06
0E
ENDCHAR
STARTCHAR $10AA
ENCODING 4266
SWIDTH 1080 0
DWIDTH 12 0
BBX 10 9 1 0
BITMAP
FC00
CC00
CC00
CF80
0CC0
0CC0
0CC0
0CC0
0F80
ENDCHAR
STARTCHAR $10AB
ENCODING 4267
SWIDTH 1080 0
DWIDTH 12 0
BBX 9 9 1 0
BITMAP
6000
7C00
0C00
7F80
CD80
CD80
CD80
CD80
F800
ENDCHAR
STARTCHAR $10AC
ENCODING 4268
SWIDTH 810 0
DWIDTH 9 0
BBX 7 9 1 0
BITMAP
FC
CE
C0
FC
CC
C4
C4
C4
EE
ENDCHAR
STARTCHAR $10AD
ENCODING 4269
SWIDTH 1080 0
DWIDTH 12 0
BBX 11 9 1 0
BITMAP
7E00
C300
C100
C180
C180
C180
C360
4340
3FC0
ENDCHAR
STARTCHAR $10AE
ENCODING 4270
SWIDTH 990 0
DWIDTH 11 0
BBX 9 9 1 0
BITMAP
C000
C000
3380
3300
3300
3300
3300
3300
1F00
ENDCHAR
STARTCHAR $10AF
ENCODING 4271
SWIDTH 900 0
DWIDTH 10 0
BBX 8 9 1 0
BITMAP
C3
C3
73
33
33
0F
03
03
07
ENDCHAR
STARTCHAR $10B0
ENCODING 4272
SWIDTH 1080 0
DWIDTH 12 0
BBX 11 9 1 0
BITMAP
0C00
0C00
0C00
CF80
CCC0
CCC0
CCE0
CC00
7800
ENDCHAR
STARTCHAR $10B1
ENCODING 4273
SWIDTH 810 0
DWIDTH 9 0
BBX 7 9 1 0
BITMAP
C0
C0
C0
CE
CC
CC
CC
CC
7C
ENDCHAR
STARTCHAR $10B2
ENCODING 4274
SWIDTH 720 0
DWIDTH 8 0
BBX 7 9 1 0
BITMAP
FC
C6
C6
FC
C0
C0
FC
0C
1E
ENDCHAR
STARTCHAR $10B3
ENCODING 4275
SWIDTH 1080 0
DWIDTH 12 0
BBX 10 10 1 -1
BITMAP
7E00
C300
C300
C180
C180
C180
C300
43C0
3E40
00C0
ENDCHAR
STARTCHAR $10B4
ENCODING 4276
SWIDTH 990 0
DWIDTH 11 0
BBX 9 9 1 0
BITMAP
7F00
D980
D980
D980
D980
D980
7E00
1800
1C00
ENDCHAR
STARTCHAR $10B5
ENCODING 4277
SWIDTH 1080 0
DWIDTH 12 0
BBX 10 9 1 0
BITMAP
0C00
0C00
CC00
CF80
7CC0
0CC0
0DC0
0C00
1E00
ENDCHAR
STARTCHAR $10B6
ENCODING 4278
SWIDTH 810 0
DWIDTH 9 0
BBX 7 9 1 0
BITMAP
7C
C6
C6
C6
C6
C6
C6
C6
EE
ENDCHAR
STARTCHAR $10B7
ENCODING 4279
SWIDTH 810 0
DWIDTH 9 0
BBX 8 9 1 0
BITMAP
C6
C6
C6
C6
66
1E
06
06
0F
ENDCHAR
STARTCHAR $10B8
ENCODING 4280
SWIDTH 810 0
DWIDTH 9 0
BBX 7 9 1 0
BITMAP
C6
C6
C6
7E
06
46
C6
C6
7C
ENDCHAR
STARTCHAR $10B9
ENCODING 4281
SWIDTH 810 0
DWIDTH 9 0
BBX 8 9 1 0
BITMAP
C0
C0
F8
C4
C6
C6
C6
C6
EF
ENDCHAR
STARTCHAR $10BA
ENCODING 4282
SWIDTH 900 0
DWIDTH 10 0
BBX 9 9 0 0
BITMAP
3E00
6300
C380
C000
C000
C380
C180
6180
3F80
ENDCHAR
STARTCHAR $10BB
ENCODING 4283
SWIDTH 1080 0
DWIDTH 12 0
BBX 10 9 1 0
BITMAP
0C00
0C00
0C00
7F80
CC80
CCC0
CCC0
CCC0
7800
ENDCHAR
STARTCHAR $10BC
ENCODING 4284
SWIDTH 720 0
DWIDTH 8 0
BBX 7 9 1 0
BITMAP
FE
C6
C6
F8
C0
FC
CC
C0
E0
ENDCHAR
STARTCHAR $10BD
ENCODING 4285
SWIDTH 810 0
DWIDTH 9 0
BBX 7 9 1 0
BITMAP
FC
CC
C0
F8
06
C6
C6
C6
7C
ENDCHAR
STARTCHAR $10BE
ENCODING 4286
SWIDTH 810 0
DWIDTH 9 0
BBX 7 9 1 0
BITMAP
C6
C6
C6
FE
C0
C0
FC
0C
0E
ENDCHAR
STARTCHAR $10BF
ENCODING 4287
SWIDTH 1080 0
DWIDTH 12 0
BBX 11 9 1 0
BITMAP
C000
FF80
06C0
0660
0640
7F80
C600
C600
EE00
ENDCHAR
STARTCHAR $10C0
ENCODING 4288
SWIDTH 1080 0
DWIDTH 12 0
BBX 11 9 1 0
BITMAP
FC00
CC00
CC00
CDE0
0CC0
0CC0
0CC0
0CC0
0FC0
ENDCHAR
STARTCHAR $10C1
ENCODING 4289
SWIDTH 810 0
DWIDTH 9 0
BBX 7 9 1 0
BITMAP
C0
F8
C4
C6
CE
C0
C0
C0
E0
ENDCHAR
STARTCHAR $10C2
ENCODING 4290
SWIDTH 900 0
DWIDTH 10 0
BBX 8 9 1 0
BITMAP
3E
30
30
0E
E3
C3
C3
63
3E
ENDCHAR
STARTCHAR $10C3
ENCODING 4291
SWIDTH 810 0
DWIDTH 9 0
BBX 7 9 1 0
BITMAP
0E
E6
C6
C6
66
1E
06
06
0E
ENDCHAR
STARTCHAR $10C4
ENCODING 4292
SWIDTH 900 0
DWIDTH 10 0
BBX 8 9 1 0
BITMAP
C7
C6
C6
FF
18
18
18
18
38
ENDCHAR
STARTCHAR $10C5
ENCODING 4293
SWIDTH 1080 0
DWIDTH 12 0
BBX 10 9 1 0
BITMAP
0FC0
0CC0
0FC0
0C00
3FC0
CC80
CC80
CC80
7840
ENDCHAR
STARTCHAR $10D0
ENCODING 4304
SWIDTH 630 0
DWIDTH 7 0
BBX 5 7 1 0
BITMAP
60
60
30
98
98
98
F0
ENDCHAR
STARTCHAR $10D1
ENCODING 4305
SWIDTH 630 0
DWIDTH 7 0
BBX 5 9 1 0
BITMAP
40
60
20
70
98
98
98
D8
70
ENDCHAR
STARTCHAR $10D2
ENCODING 4306
SWIDTH 630 0
DWIDTH 7 0
BBX 7 8 0 -2
BITMAP
78
6C
18
38
44
C6
46
7C
ENDCHAR
STARTCHAR $10D3
ENCODING 4307
SWIDTH 900 0
DWIDTH 10 0
BBX 8 8 1 -2
BITMAP
FE
DB
9B
9B
DB
64
78
44
ENDCHAR
STARTCHAR $10D4
ENCODING 4308
SWIDTH 630 0
DWIDTH 7 0
BBX 6 8 0 -2
BITMAP
78
4C
6C
0C
6C
CC
CC
7C
ENDCHAR
STARTCHAR $10D5
ENCODING 4309
SWIDTH 630 0
DWIDTH 7 0
BBX 6 8 0 -2
BITMAP
78
4C
6C
18
2C
4C
CC
7C
ENDCHAR
STARTCHAR $10D6
ENCODING 4310
SWIDTH 630 0
DWIDTH 7 0
BBX 7 9 0 0
BITMAP
F0
D2
D4
7C
64
66
66
64
3C
ENDCHAR
STARTCHAR $10D7
ENCODING 4311
SWIDTH 900 0
DWIDTH 10 0
BBX 8 6 1 0
BITMAP
7F
D9
99
99
DB
76
ENDCHAR
STARTCHAR $10D8
ENCODING 4312
SWIDTH 630 0
DWIDTH 7 0
BBX 5 6 1 0
BITMAP
70
98
98
98
98
D0
ENDCHAR
STARTCHAR $10D9
ENCODING 4313
SWIDTH 630 0
DWIDTH 7 0
BBX 6 8 0 -2
BITMAP
38
08
08
38
0C
CC
CC
7C
ENDCHAR
STARTCHAR $10DA
ENCODING 4314
SWIDTH 1080 0
DWIDTH 12 0
BBX 11 8 1 -2
BITMAP
FDC0
9260
9260
C040
C0C0
7000
7E00
0300
ENDCHAR
STARTCHAR $10DB
ENCODING 4315
SWIDTH 630 0
DWIDTH 7 0
BBX 5 9 1 0
BITMAP
F8
88
88
78
D8
88
88
D8
70
ENDCHAR
STARTCHAR $10DC
ENCODING 4316
SWIDTH 630 0
DWIDTH 7 0
BBX 5 10 1 0
BITMAP
08
F8
80
80
F0
D8
88
88
D8
70
ENDCHAR
STARTCHAR $10DD
ENCODING 4317
SWIDTH 900 0
DWIDTH 10 0
BBX 8 7 1 -1
BITMAP
FE
9B
93
9B
C3
46
03
ENDCHAR
STARTCHAR $10DE
ENCODING 4318
SWIDTH 630 0
DWIDTH 7 0
BBX 5 9 1 0
BITMAP
60
18
18
30
18
D8
98
D8
70
ENDCHAR
STARTCHAR $10DF
ENCODING 4319
SWIDTH 630 0
DWIDTH 7 0
BBX 5 8 1 -2
BITMAP
18
E8
28
E8
08
C8
88
F8
ENDCHAR
STARTCHAR $10E0
ENCODING 4320
SWIDTH 900 0
DWIDTH 10 0
BBX 8 9 1 0
BITMAP
0C
78
C0
FE
DB
93
9B
C3
66
ENDCHAR
STARTCHAR $10E1
ENCODING 4321
SWIDTH 630 0
DWIDTH 7 0
BBX 7 9 0 0
BITMAP
E0
E0
60
68
68
66
66
26
3C
ENDCHAR
STARTCHAR $10E2
ENCODING 4322
SWIDTH 810 0
DWIDTH 9 0
BBX 8 10 0 -2
BITMAP
18
14
68
B6
5E
43
C3
43
63
3E
ENDCHAR
STARTCHAR $10E3
ENCODING 4323
SWIDTH 720 0
DWIDTH 8 0
BBX 8 8 0 -2
BITMAP
FE
EB
0B
03
13
33
32
3E
ENDCHAR
STARTCHAR $10E4
ENCODING 4324
SWIDTH 900 0
DWIDTH 10 0
BBX 8 8 1 -2
BITMAP
FE
9B
9B
9B
74
03
23
3E
ENDCHAR
STARTCHAR $10E5
ENCODING 4325
SWIDTH 630 0
DWIDTH 7 0
BBX 5 11 1 -2
BITMAP
38
08
08
78
C8
C8
08
48
88
88
F8
ENDCHAR
STARTCHAR $10E6
ENCODING 4326
SWIDTH 900 0
DWIDTH 10 0
BBX 8 8 1 -2
BITMAP
FF
99
99
C1
42
30
4C
04
ENDCHAR
STARTCHAR $10E7
ENCODING 4327
SWIDTH 630 0
DWIDTH 7 0
BBX 6 8 0 -2
BITMAP
6C
6C
6C
6C
1C
6C
CC
7C
ENDCHAR
STARTCHAR $10E8
ENCODING 4328
SWIDTH 630 0
DWIDTH 7 0
BBX 6 9 0 0
BITMAP
FC
D4
44
3C
6C
64
64
6C
38
ENDCHAR
STARTCHAR $10E9
ENCODING 4329
SWIDTH 630 0
DWIDTH 7 0
BBX 5 9 1 0
BITMAP
F0
90
A0
F0
D8
88
88
98
B0
ENDCHAR
STARTCHAR $10EA
ENCODING 4330
SWIDTH 720 0
DWIDTH 8 0
BBX 6 8 1 -2
BITMAP
78
CC
C4
D8
CC
C4
C4
7C
ENDCHAR
STARTCHAR $10EB
ENCODING 4331
SWIDTH 630 0
DWIDTH 7 0
BBX 5 9 1 0
BITMAP
18
08
08
78
D8
88
88
D8
70
ENDCHAR
STARTCHAR $10EC
ENCODING 4332
SWIDTH 630 0
DWIDTH 7 0
BBX 7 12 0 -3
BITMAP
7E
54
C0
78
6C
4C
6C
68
38
30
20
20
ENDCHAR
STARTCHAR $10ED
ENCODING 4333
SWIDTH 630 0
DWIDTH 7 0
BBX 5 11 1 -2
BITMAP
60
D0
10
D8
B0
F8
30
D0
98
98
F8
ENDCHAR
STARTCHAR $10EE
ENCODING 4334
SWIDTH 630 0
DWIDTH 7 0
BBX 7 9 0 0
BITMAP
E0
E8
70
7C
66
66
66
64
3C
ENDCHAR
STARTCHAR $10EF
ENCODING 4335
SWIDTH 720 0
DWIDTH 8 0
BBX 8 8 0 -2
BITMAP
67
D3
5E
18
2D
7F
10
F0
ENDCHAR
STARTCHAR $10F0
ENCODING 4336
SWIDTH 630 0
DWIDTH 7 0
BBX 5 9 1 0
BITMAP
78
18
30
18
18
B8
88
98
70
ENDCHAR
STARTCHAR $10F1
ENCODING 4337
SWIDTH 630 0
DWIDTH 7 0
BBX 6 9 1 1
BITMAP
E8
AC
EC
90
88
98
88
88
78
ENDCHAR
STARTCHAR $10F2
ENCODING 4338
SWIDTH 630 0
DWIDTH 7 0
BBX 5 7 1 -1
BITMAP
70
D8
98
98
D8
70
D8
ENDCHAR
STARTCHAR $10F3
ENCODING 4339
SWIDTH 630 0
DWIDTH 7 0
BBX 5 9 1 -2
BITMAP
80
88
F8
18
30
58
98
98
F8
ENDCHAR
STARTCHAR $10F4
ENCODING 4340
SWIDTH 630 0
DWIDTH 7 0
BBX 5 11 1 -2
BITMAP
F0
90
40
38
18
30
18
58
98
98
F8
ENDCHAR
STARTCHAR $10F5
ENCODING 4341
SWIDTH 630 0
DWIDTH 7 0
BBX 6 9 1 0
BITMAP
F8
98
D8
7C
18
FC
98
D8
70
ENDCHAR
STARTCHAR $10F6
ENCODING 4342
SWIDTH 900 0
DWIDTH 10 0
BBX 9 10 1 -2
BITMAP
0800
0800
FF00
D980
9980
9980
D980
7F00
1800
1800
ENDCHAR
STARTCHAR $10F7
ENCODING 4343
SWIDTH 630 0
DWIDTH 7 0
BBX 6 8 1 -2
BITMAP
70
C8
18
70
C8
8C
8C
F8
ENDCHAR
STARTCHAR $10F8
ENCODING 4344
SWIDTH 630 0
DWIDTH 7 0
BBX 5 8 1 -2
BITMAP
90
98
98
D8
A0
90
98
F8
ENDCHAR
STARTCHAR $10F9
ENCODING 4345
SWIDTH 630 0
DWIDTH 7 0
BBX 6 8 1 -2
BITMAP
78
CC
8C
8C
58
20
48
78
ENDCHAR
STARTCHAR $10FA
ENCODING 4346
SWIDTH 630 0
DWIDTH 7 0
BBX 5 7 1 -1
BITMAP
F0
98
98
C0
60
B0
10
ENDCHAR
STARTCHAR $10FB
ENCODING 4347
SWIDTH 540 0
DWIDTH 6 0
BBX 5 6 1 0
BITMAP
C0
80
18
18
C0
C0
ENDCHAR
STARTCHAR $10FC
ENCODING 4348
SWIDTH 360 0
DWIDTH 4 0
BBX 4 6 0 4
BITMAP
50
E0
C0
E0
F0
F0
ENDCHAR
STARTCHAR $1D00
ENCODING 7424
SWIDTH 630 0
DWIDTH 7 0
BBX 7 6 0 0
BITMAP
18
18
28
2C
5C
EE
ENDCHAR
STARTCHAR $1D01
ENCODING 7425
SWIDTH 900 0
DWIDTH 10 0
BBX 9 6 0 0
BITMAP
3F80
1C00
2D00
2E00
5C00
FF80
ENDCHAR
STARTCHAR $1D02
ENCODING 7426
SWIDTH 900 0
DWIDTH 10 0
BBX 10 6 0 0
BITMAP
7B80
8CC0
0CC0
FF80
CC00
7F80
ENDCHAR
STARTCHAR $1D03
ENCODING 7427
SWIDTH 720 0
DWIDTH 8 0
BBX 7 6 0 0
BITMAP
FC
66
7C
66
66
FC
ENDCHAR
STARTCHAR $1D04
ENCODING 7428
SWIDTH 630 0
DWIDTH 7 0
BBX 6 6 0 0
BITMAP
3C
64
E0
E0
64
7C
ENDCHAR
STARTCHAR $1D05
ENCODING 7429
SWIDTH 630 0
DWIDTH 7 0
BBX 7 6 0 0
BITMAP
F8
66
66
66
66
FC
ENDCHAR
STARTCHAR $1D06
ENCODING 7430
SWIDTH 630 0
DWIDTH 7 0
BBX 7 6 0 0
BITMAP
F8
66
66
76
66
FC
ENDCHAR
STARTCHAR $1D07
ENCODING 7431
SWIDTH 630 0
DWIDTH 7 0
BBX 6 6 0 0
BITMAP
FC
60
68
70
60
FC
ENDCHAR
STARTCHAR $1D08
ENCODING 7432
SWIDTH 540 0
DWIDTH 6 0
BBX 5 6 0 0
BITMAP
70
98
18
30
18
F8
ENDCHAR
STARTCHAR $1D09
ENCODING 7433
SWIDTH 360 0
DWIDTH 4 0
BBX 3 9 0 -3
BITMAP
E0
40
40
40
40
60
00
60
40
ENDCHAR
STARTCHAR $1D0A
ENCODING 7434
SWIDTH 540 0
DWIDTH 6 0
BBX 6 6 0 0
BITMAP
7C
18
18
18
18
F0
ENDCHAR
STARTCHAR $1D0B
ENCODING 7435
SWIDTH 720 0
DWIDTH 8 0
BBX 8 6 0 0
BITMAP
F6
64
68
7C
66
F7
ENDCHAR
STARTCHAR $1D0C
ENCODING 7436
SWIDTH 630 0
DWIDTH 7 0
BBX 6 6 0 0
BITMAP
78
34
38
70
B4
7C
ENDCHAR
STARTCHAR $1D0D
ENCODING 7437
SWIDTH 900 0
DWIDTH 10 0
BBX 9 6 0 0
BITMAP
F380
7300
7700
5F00
5B00
E380
ENDCHAR
STARTCHAR $1D0E
ENCODING 7438
SWIDTH 720 0
DWIDTH 8 0
BBX 8 6 0 0
BITMAP
F3
66
6E
76
66
4F
ENDCHAR
STARTCHAR $1D0F
ENCODING 7439
SWIDTH 630 0
DWIDTH 7 0
BBX 7 6 0 0
BITMAP
3C
66
E6
E6
66
3C
ENDCHAR
STARTCHAR $1D10
ENCODING 7440
SWIDTH 630 0
DWIDTH 7 0
BBX 5 6 1 0
BITMAP
F0
98
18
18
18
F0
ENDCHAR
STARTCHAR $1D11
ENCODING 7441
SWIDTH 630 0
DWIDTH 7 0
BBX 6 6 0 0
BITMAP
38
7C
84
84
7C
7C
ENDCHAR
STARTCHAR $1D12
ENCODING 7442
SWIDTH 630 0
DWIDTH 7 0
BBX 6 6 0 0
BITMAP
38
7C
44
84
84
4C
ENDCHAR
STARTCHAR $1D13
ENCODING 7443
SWIDTH 630 0
DWIDTH 7 0
BBX 7 7 0 -1
BITMAP
BC
7C
62
92
7C
7C
02
ENDCHAR
STARTCHAR $1D14
ENCODING 7444
SWIDTH 990 0
DWIDTH 11 0
BBX 10 6 0 0
BITMAP
7380
8CC0
0CC0
FCC0
CCC0
7F80
ENDCHAR
STARTCHAR $1D15
ENCODING 7445
SWIDTH 630 0
DWIDTH 7 0
BBX 6 6 0 0
BITMAP
28
44
78
7C
CC
7C
ENDCHAR
STARTCHAR $1D16
ENCODING 7446
SWIDTH 630 0
DWIDTH 7 0
BBX 6 3 1 3
BITMAP
70
C8
CC
ENDCHAR
STARTCHAR $1D17
ENCODING 7447
SWIDTH 630 0
DWIDTH 7 0
BBX 7 3 0 0
BITMAP
E6
66
7C
ENDCHAR
STARTCHAR $1D18
ENCODING 7448
SWIDTH 540 0
DWIDTH 6 0
BBX 6 6 0 0
BITMAP
F8
6C
6C
70
60
F0
ENDCHAR
STARTCHAR $1D19
ENCODING 7449
SWIDTH 810 0
DWIDTH 9 0
BBX 7 6 1 0
BITMAP
3E
6C
6C
3C
6C
DE
ENDCHAR
STARTCHAR $1D1A
ENCODING 7450
SWIDTH 810 0
DWIDTH 9 0
BBX 7 6 1 0
BITMAP
DE
6C
6C
7C
6C
7E
ENDCHAR
STARTCHAR $1D1B
ENCODING 7451
SWIDTH 630 0
DWIDTH 7 0
BBX 6 6 0 0
BITMAP
FC
B0
30
30
30
38
ENDCHAR
STARTCHAR $1D1C
ENCODING 7452
SWIDTH 630 0
DWIDTH 7 0
BBX 7 6 0 0
BITMAP
F6
64
64
64
64
3C
ENDCHAR
STARTCHAR $1D1D
ENCODING 7453
SWIDTH 630 0
DWIDTH 7 0
BBX 6 6 1 0
BITMAP
F8
F8
08
04
FC
F8
ENDCHAR
STARTCHAR $1D1E
ENCODING 7454
SWIDTH 900 0
DWIDTH 10 0
BBX 8 6 1 0
BITMAP
1F
9F
81
01
9F
1F
ENDCHAR
STARTCHAR $1D1F
ENCODING 7455
SWIDTH 630 0
DWIDTH 7 0
BBX 6 10 1 -3
BITMAP
F8
F8
88
04
FC
F8
08
04
FC
F8
ENDCHAR
STARTCHAR $1D20
ENCODING 7456
SWIDTH 540 0
DWIDTH 6 0
BBX 7 6 0 0
BITMAP
E6
64
68
68
38
30
ENDCHAR
STARTCHAR $1D21
ENCODING 7457
SWIDTH 810 0
DWIDTH 9 0
BBX 10 6 0 0
BITMAP
E4C0
6C80
6E80
7700
3700
3200
ENDCHAR
STARTCHAR $1D22
ENCODING 7458
SWIDTH 540 0
DWIDTH 6 0
BBX 6 6 0 0
BITMAP
7C
98
10
30
64
FC
ENDCHAR
STARTCHAR $1D23
ENCODING 7459
SWIDTH 540 0
DWIDTH 6 0
BBX 6 6 0 0
BITMAP
7C
18
38
1C
0C
FC
ENDCHAR
STARTCHAR $1D24
ENCODING 7460
SWIDTH 540 0
DWIDTH 6 0
BBX 6 8 0 0
BITMAP
78
0C
0C
38
30
60
E0
7C
ENDCHAR
STARTCHAR $1D25
ENCODING 7461
SWIDTH 810 0
DWIDTH 9 0
BBX 9 6 0 0
BITMAP
1C00
3E00
3E00
3E00
9C80
FF80
ENDCHAR
STARTCHAR $1D26
ENCODING 7462
SWIDTH 540 0
DWIDTH 6 0
BBX 6 6 0 0
BITMAP
FC
64
60
60
60
F0
ENDCHAR
STARTCHAR $1D27
ENCODING 7463
SWIDTH 630 0
DWIDTH 7 0
BBX 7 6 0 0
BITMAP
18
18
28
2C
4C
EE
ENDCHAR
STARTCHAR $1D28
ENCODING 7464
SWIDTH 720 0
DWIDTH 8 0
BBX 8 6 0 0
BITMAP
FF
66
66
66
66
FF
ENDCHAR
STARTCHAR $1D29
ENCODING 7465
SWIDTH 540 0
DWIDTH 6 0
BBX 6 6 0 0
BITMAP
F8
6C
6C
70
60
F0
ENDCHAR
STARTCHAR $1D2A
ENCODING 7466
SWIDTH 810 0
DWIDTH 9 0
BBX 9 6 0 0
BITMAP
DF80
6D00
6D00
6D00
1E00
1E00
ENDCHAR
STARTCHAR $1D2B
ENCODING 7467
SWIDTH 720 0
DWIDTH 8 0
BBX 7 6 0 0
BITMAP
7E
26
26
26
26
CE
ENDCHAR
STARTCHAR $1D2C
ENCODING 7468
SWIDTH 450 0
DWIDTH 5 0
BBX 5 4 0 4
BITMAP
20
30
50
B8
ENDCHAR
STARTCHAR $1D2D
ENCODING 7469
SWIDTH 630 0
DWIDTH 7 0
BBX 7 4 0 4
BITMAP
3E
54
9C
FE
ENDCHAR
STARTCHAR $1D2E
ENCODING 7470
SWIDTH 540 0
DWIDTH 6 0
BBX 4 4 1 4
BITMAP
F0
90
F0
F0
ENDCHAR
STARTCHAR $1D2F
ENCODING 7471
SWIDTH 540 0
DWIDTH 6 0
BBX 4 4 1 4
BITMAP
F0
90
F0
F0
ENDCHAR
STARTCHAR $1D30
ENCODING 7472
SWIDTH 540 0
DWIDTH 6 0
BBX 5 4 1 4
BITMAP
F0
98
98
F0
ENDCHAR
STARTCHAR $1D31
ENCODING 7473
SWIDTH 450 0
DWIDTH 5 0
BBX 4 4 1 4
BITMAP
F0
80
C0
F0
ENDCHAR
STARTCHAR $1D32
ENCODING 7474
SWIDTH 450 0
DWIDTH 5 0
BBX 4 4 0 4
BITMAP
F0
50
70
F0
ENDCHAR
STARTCHAR $1D33
ENCODING 7475
SWIDTH 540 0
DWIDTH 6 0
BBX 5 4 0 4
BITMAP
78
C0
C8
78
ENDCHAR
STARTCHAR $1D34
ENCODING 7476
SWIDTH 630 0
DWIDTH 7 0
BBX 5 4 1 4
BITMAP
98
98
F8
98
ENDCHAR
STARTCHAR $1D35
ENCODING 7477
SWIDTH 270 0
DWIDTH 3 0
BBX 1 4 1 4
BITMAP
80
80
80
80
ENDCHAR
STARTCHAR $1D36
ENCODING 7478
SWIDTH 270 0
DWIDTH 3 0
BBX 2 6 0 2
BITMAP
40
40
40
40
40
80
ENDCHAR
STARTCHAR $1D37
ENCODING 7479
SWIDTH 540 0
DWIDTH 6 0
BBX 5 4 1 4
BITMAP
90
E0
A0
98
ENDCHAR
STARTCHAR $1D38
ENCODING 7480
SWIDTH 450 0
DWIDTH 5 0
BBX 4 4 1 4
BITMAP
80
80
80
F0
ENDCHAR
STARTCHAR $1D39
ENCODING 7481
SWIDTH 720 0
DWIDTH 8 0
BBX 7 4 0 4
BITMAP
66
AE
B6
16
ENDCHAR
STARTCHAR $1D3A
ENCODING 7482
SWIDTH 540 0
DWIDTH 6 0
BBX 5 4 0 4
BITMAP
40
A8
98
08
ENDCHAR
STARTCHAR $1D3B
ENCODING 7483
SWIDTH 630 0
DWIDTH 7 0
BBX 5 4 1 4
BITMAP
88
98
F8
98
ENDCHAR
STARTCHAR $1D3C
ENCODING 7484
SWIDTH 540 0
DWIDTH 6 0
BBX 6 4 0 4
BITMAP
78
CC
CC
78
ENDCHAR
STARTCHAR $1D3D
ENCODING 7485
SWIDTH 450 0
DWIDTH 5 0
BBX 4 4 0 4
BITMAP
50
70
70
F0
ENDCHAR
STARTCHAR $1D3E
ENCODING 7486
SWIDTH 450 0
DWIDTH 5 0
BBX 4 4 1 4
BITMAP
F0
90
E0
80
ENDCHAR
STARTCHAR $1D3F
ENCODING 7487
SWIDTH 540 0
DWIDTH 6 0
BBX 4 4 1 4
BITMAP
F0
90
E0
90
ENDCHAR
STARTCHAR $1D40
ENCODING 7488
SWIDTH 450 0
DWIDTH 5 0
BBX 5 4 0 4
BITMAP
70
C0
30
38
ENDCHAR
STARTCHAR $1D41
ENCODING 7489
SWIDTH 450 0
DWIDTH 5 0
BBX 4 4 0 4
BITMAP
F0
20
20
20
ENDCHAR
STARTCHAR $1D42
ENCODING 7490
SWIDTH 540 0
DWIDTH 6 0
BBX 4 4 1 4
BITMAP
80
90
90
F0
ENDCHAR
STARTCHAR $1D43
ENCODING 7491
SWIDTH 450 0
DWIDTH 5 0
BBX 4 3 0 4
BITMAP
70
70
F0
ENDCHAR
STARTCHAR $1D44
ENCODING 7492
SWIDTH 450 0
DWIDTH 5 0
BBX 4 3 0 4
BITMAP
F0
50
60
ENDCHAR
STARTCHAR $1D45
ENCODING 7493
SWIDTH 450 0
DWIDTH 5 0
BBX 5 3 0 4
BITMAP
78
D0
70
ENDCHAR
STARTCHAR $1D46
ENCODING 7494
SWIDTH 630 0
DWIDTH 7 0
BBX 6 3 1 4
BITMAP
F8
2C
F0
ENDCHAR
STARTCHAR $1D47
ENCODING 7495
SWIDTH 450 0
DWIDTH 5 0
BBX 4 4 1 4
BITMAP
80
E0
90
F0
ENDCHAR
STARTCHAR $1D48
ENCODING 7496
SWIDTH 450 0
DWIDTH 5 0
BBX 4 4 0 4
BITMAP
10
70
D0
70
ENDCHAR
STARTCHAR $1D49
ENCODING 7497
SWIDTH 450 0
DWIDTH 5 0
BBX 4 3 0 4
BITMAP
70
D0
70
ENDCHAR
STARTCHAR $1D4A
ENCODING 7498
SWIDTH 450 0
DWIDTH 5 0
BBX 3 3 1 4
BITMAP
E0
20
E0
ENDCHAR
STARTCHAR $1D4B
ENCODING 7499
SWIDTH 450 0
DWIDTH 5 0
BBX 4 3 0 4
BITMAP
70
40
F0
ENDCHAR
STARTCHAR $1D4C
ENCODING 7500
SWIDTH 450 0
DWIDTH 5 0
BBX 4 3 0 4
BITMAP
F0
30
30
ENDCHAR
STARTCHAR $1D4D
ENCODING 7501
SWIDTH 450 0
DWIDTH 5 0
BBX 5 5 0 2
BITMAP
78
D0
50
30
60
ENDCHAR
STARTCHAR $1D4E
ENCODING 7502
SWIDTH 270 0
DWIDTH 3 0
BBX 3 5 0 2
BITMAP
E0
40
40
00
40
ENDCHAR
STARTCHAR $1D4F
ENCODING 7503
SWIDTH 540 0
DWIDTH 6 0
BBX 4 4 1 4
BITMAP
80
B0
C0
B0
ENDCHAR
STARTCHAR $1D50
ENCODING 7504
SWIDTH 720 0
DWIDTH 8 0
BBX 7 3 0 4
BITMAP
F6
5A
5A
ENDCHAR
STARTCHAR $1D51
ENCODING 7505
SWIDTH 450 0
DWIDTH 5 0
BBX 5 5 0 2
BITMAP
F0
58
58
18
30
ENDCHAR
STARTCHAR $1D52
ENCODING 7506
SWIDTH 450 0
DWIDTH 5 0
BBX 5 3 0 4
BITMAP
70
D8
70
ENDCHAR
STARTCHAR $1D53
ENCODING 7507
SWIDTH 450 0
DWIDTH 5 0
BBX 3 3 1 4
BITMAP
E0
20
60
ENDCHAR
STARTCHAR $1D54
ENCODING 7508
SWIDTH 450 0
DWIDTH 5 0
BBX 5 2 0 5
BITMAP
70
D8
ENDCHAR
STARTCHAR $1D55
ENCODING 7509
SWIDTH 450 0
DWIDTH 5 0
BBX 3 1 1 4
BITMAP
E0
ENDCHAR
STARTCHAR $1D56
ENCODING 7510
SWIDTH 450 0
DWIDTH 5 0
BBX 5 5 0 2
BITMAP
F0
48
58
60
E0
ENDCHAR
STARTCHAR $1D57
ENCODING 7511
SWIDTH 360 0
DWIDTH 4 0
BBX 3 4 0 4
BITMAP
40
E0
40
40
ENDCHAR
STARTCHAR $1D58
ENCODING 7512
SWIDTH 540 0
DWIDTH 6 0
BBX 5 3 0 4
BITMAP
D8
58
78
ENDCHAR
STARTCHAR $1D59
ENCODING 7513
SWIDTH 450 0
DWIDTH 5 0
BBX 4 4 0 3
BITMAP
F0
90
F0
80
ENDCHAR
STARTCHAR $1D5A
ENCODING 7514
SWIDTH 720 0
DWIDTH 8 0
BBX 7 3 0 4
BITMAP
FE
5A
7E
ENDCHAR
STARTCHAR $1D5B
ENCODING 7515
SWIDTH 450 0
DWIDTH 5 0
BBX 5 3 0 4
BITMAP
F8
70
20
ENDCHAR
STARTCHAR $1D5C
ENCODING 7516
SWIDTH 540 0
DWIDTH 6 0
BBX 4 3 0 4
BITMAP
30
70
F0
ENDCHAR
STARTCHAR $1D5D
ENCODING 7517
SWIDTH 450 0
DWIDTH 5 0
BBX 4 6 0 2
BITMAP
F0
F0
D0
D0
E0
C0
ENDCHAR
STARTCHAR $1D5E
ENCODING 7518
SWIDTH 450 0
DWIDTH 5 0
BBX 3 5 1 2
BITMAP
A0
A0
C0
C0
80
ENDCHAR
STARTCHAR $1D5F
ENCODING 7519
SWIDTH 450 0
DWIDTH 5 0
BBX 4 4 0 4
BITMAP
60
70
D0
F0
ENDCHAR
STARTCHAR $1D60
ENCODING 7520
SWIDTH 540 0
DWIDTH 6 0
BBX 6 5 0 2
BITMAP
58
D4
5C
30
10
ENDCHAR
STARTCHAR $1D61
ENCODING 7521
SWIDTH 450 0
DWIDTH 5 0
BBX 4 5 0 2
BITMAP
D0
20
20
60
D0
ENDCHAR
STARTCHAR $1D62
ENCODING 7522
SWIDTH 270 0
DWIDTH 3 0
BBX 2 4 0 0
BITMAP
40
C0
40
40
ENDCHAR
STARTCHAR $1D63
ENCODING 7523
SWIDTH 450 0
DWIDTH 5 0
BBX 4 3 0 0
BITMAP
F0
40
40
ENDCHAR
STARTCHAR $1D64
ENCODING 7524
SWIDTH 540 0
DWIDTH 6 0
BBX 5 3 0 0
BITMAP
D8
58
78
ENDCHAR
STARTCHAR $1D65
ENCODING 7525
SWIDTH 450 0
DWIDTH 5 0
BBX 5 3 0 0
BITMAP
F8
70
20
ENDCHAR
STARTCHAR $1D66
ENCODING 7526
SWIDTH 450 0
DWIDTH 5 0
BBX 4 6 0 -2
BITMAP
F0
F0
D0
D0
E0
C0
ENDCHAR
STARTCHAR $1D67
ENCODING 7527
SWIDTH 450 0
DWIDTH 5 0
BBX 3 5 1 -2
BITMAP
A0
A0
C0
C0
80
ENDCHAR
STARTCHAR $1D68
ENCODING 7528
SWIDTH 450 0
DWIDTH 5 0
BBX 4 4 0 -1
BITMAP
70
D0
D0
E0
ENDCHAR
STARTCHAR $1D69
ENCODING 7529
SWIDTH 540 0
DWIDTH 6 0
BBX 6 5 0 -2
BITMAP
58
D4
5C
30
10
ENDCHAR
STARTCHAR $1D6A
ENCODING 7530
SWIDTH 450 0
DWIDTH 5 0
BBX 4 5 0 -2
BITMAP
D0
20
20
60
D0
ENDCHAR
STARTCHAR $1D6B
ENCODING 7531
SWIDTH 990 0
DWIDTH 11 0
BBX 11 6 0 0
BITMAP
EFC0
6660
6660
6780
6620
3BC0
ENDCHAR
STARTCHAR $1D77
ENCODING 7543
SWIDTH 630 0
DWIDTH 7 0
BBX 7 8 0 -2
BITMAP
3C
60
68
7C
66
66
66
FC
ENDCHAR
STARTCHAR $1D78
ENCODING 7544
SWIDTH 630 0
DWIDTH 7 0
BBX 5 4 1 4
BITMAP
98
98
F8
98
ENDCHAR
STARTCHAR $1D7B
ENCODING 7547
SWIDTH 360 0
DWIDTH 4 0
BBX 4 6 0 0
BITMAP
F0
60
60
60
60
F0
ENDCHAR
STARTCHAR $1D7C
ENCODING 7548
SWIDTH 360 0
DWIDTH 4 0
BBX 4 6 0 0
BITMAP
E0
60
60
70
60
70
ENDCHAR
STARTCHAR $1D7D
ENCODING 7549
SWIDTH 720 0
DWIDTH 8 0
BBX 7 8 0 -2
BITMAP
FC
66
66
7E
66
7C
60
60
ENDCHAR
STARTCHAR $1D7E
ENCODING 7550
SWIDTH 630 0
DWIDTH 7 0
BBX 7 6 0 0
BITMAP
F6
64
64
7C
64
3C
ENDCHAR
STARTCHAR $1D7F
ENCODING 7551
SWIDTH 630 0
DWIDTH 7 0
BBX 7 6 0 0
BITMAP
EE
64
66
FE
66
3C
ENDCHAR
STARTCHAR $1D85
ENCODING 7557
SWIDTH 360 0
DWIDTH 4 0
BBX 4 10 0 -2
BITMAP
60
60
60
60
60
60
60
F0
30
F0
ENDCHAR
STARTCHAR $1D9B
ENCODING 7579
SWIDTH 450 0
DWIDTH 5 0
BBX 5 3 0 4
BITMAP
F0
48
78
ENDCHAR
STARTCHAR $1D9C
ENCODING 7580
SWIDTH 450 0
DWIDTH 5 0
BBX 4 3 0 4
BITMAP
70
C0
70
ENDCHAR
STARTCHAR $1D9D
ENCODING 7581
SWIDTH 450 0
DWIDTH 5 0
BBX 4 4 0 3
BITMAP
70
C0
70
20
ENDCHAR
STARTCHAR $1D9E
ENCODING 7582
SWIDTH 450 0
DWIDTH 5 0
BBX 4 4 1 4
BITMAP
40
E0
B0
E0
ENDCHAR
STARTCHAR $1D9F
ENCODING 7583
SWIDTH 450 0
DWIDTH 5 0
BBX 4 3 0 4
BITMAP
30
30
F0
ENDCHAR
STARTCHAR $1DA0
ENCODING 7584
SWIDTH 360 0
DWIDTH 4 0
BBX 4 4 0 4
BITMAP
70
E0
40
40
ENDCHAR
STARTCHAR $1DA1
ENCODING 7585
SWIDTH 360 0
DWIDTH 4 0
BBX 3 5 0 2
BITMAP
60
20
20
20
C0
ENDCHAR
STARTCHAR $1DA2
ENCODING 7586
SWIDTH 450 0
DWIDTH 5 0
BBX 5 5 0 2
BITMAP
78
D0
50
30
60
ENDCHAR
STARTCHAR $1DA3
ENCODING 7587
SWIDTH 540 0
DWIDTH 6 0
BBX 5 5 0 2
BITMAP
F8
58
58
38
18
ENDCHAR
STARTCHAR $1DA4
ENCODING 7588
SWIDTH 270 0
DWIDTH 3 0
BBX 2 4 0 4
BITMAP
40
C0
40
40
ENDCHAR
STARTCHAR $1DA5
ENCODING 7589
SWIDTH 270 0
DWIDTH 3 0
BBX 2 3 0 4
BITMAP
C0
40
40
ENDCHAR
STARTCHAR $1DA6
ENCODING 7590
SWIDTH 270 0
DWIDTH 3 0
BBX 3 3 0 4
BITMAP
E0
40
40
ENDCHAR
STARTCHAR $1DA7
ENCODING 7591
SWIDTH 270 0
DWIDTH 3 0
BBX 3 3 0 4
BITMAP
E0
40
40
ENDCHAR
STARTCHAR $1DA8
ENCODING 7592
SWIDTH 360 0
DWIDTH 4 0
BBX 2 6 1 2
BITMAP
40
C0
40
40
C0
80
ENDCHAR
STARTCHAR $1DA9
ENCODING 7593
SWIDTH 360 0
DWIDTH 4 0
BBX 2 6 1 2
BITMAP
80
80
80
80
80
40
ENDCHAR
STARTCHAR $1DAA
ENCODING 7594
SWIDTH 360 0
DWIDTH 4 0
BBX 3 6 0 2
BITMAP
40
40
40
40
20
C0
ENDCHAR
STARTCHAR $1DAB
ENCODING 7595
SWIDTH 450 0
DWIDTH 5 0
BBX 3 3 0 4
BITMAP
E0
40
60
ENDCHAR
STARTCHAR $1DAC
ENCODING 7596
SWIDTH 720 0
DWIDTH 8 0
BBX 7 5 0 2
BITMAP
F6
5A
5A
02
0C
ENDCHAR
STARTCHAR $1DAD
ENCODING 7597
SWIDTH 720 0
DWIDTH 8 0
BBX 7 5 0 2
BITMAP
FE
5A
5A
26
02
ENDCHAR
STARTCHAR $1DAE
ENCODING 7598
SWIDTH 540 0
DWIDTH 6 0
BBX 5 5 0 2
BITMAP
78
28
28
20
C0
ENDCHAR
STARTCHAR $1DAF
ENCODING 7599
SWIDTH 540 0
DWIDTH 6 0
BBX 6 5 0 2
BITMAP
F0
58
58
18
0C
ENDCHAR
STARTCHAR $1DB0
ENCODING 7600
SWIDTH 450 0
DWIDTH 5 0
BBX 5 3 0 4
BITMAP
D8
70
10
ENDCHAR
STARTCHAR $1DB1
ENCODING 7601
SWIDTH 450 0
DWIDTH 5 0
BBX 5 3 0 4
BITMAP
70
D8
70
ENDCHAR
STARTCHAR $1DB2
ENCODING 7602
SWIDTH 540 0
DWIDTH 6 0
BBX 5 6 0 2
BITMAP
20
70
E8
68
30
30
ENDCHAR
STARTCHAR $1DB3
ENCODING 7603
SWIDTH 360 0
DWIDTH 4 0
BBX 4 5 0 2
BITMAP
70
60
90
E0
60
ENDCHAR
STARTCHAR $1DB4
ENCODING 7604
SWIDTH 360 0
DWIDTH 4 0
BBX 4 6 0 2
BITMAP
70
40
60
20
20
C0
ENDCHAR
STARTCHAR $1DB5
ENCODING 7605
SWIDTH 360 0
DWIDTH 4 0
BBX 3 6 0 2
BITMAP
40
E0
40
40
20
60
ENDCHAR
STARTCHAR $1DB6
ENCODING 7606
SWIDTH 540 0
DWIDTH 6 0
BBX 5 3 0 4
BITMAP
D8
58
78
ENDCHAR
STARTCHAR $1DB7
ENCODING 7607
SWIDTH 450 0
DWIDTH 5 0
BBX 4 3 1 4
BITMAP
C0
B0
E0
ENDCHAR
STARTCHAR $1DB8
ENCODING 7608
SWIDTH 360 0
DWIDTH 4 0
BBX 3 3 1 4
BITMAP
80
A0
E0
ENDCHAR
STARTCHAR $1DB9
ENCODING 7609
SWIDTH 450 0
DWIDTH 5 0
BBX 5 3 0 4
BITMAP
D0
58
78
ENDCHAR
STARTCHAR $1DBA
ENCODING 7610
SWIDTH 450 0
DWIDTH 5 0
BBX 3 3 1 4
BITMAP
40
60
A0
ENDCHAR
STARTCHAR $1DBB
ENCODING 7611
SWIDTH 450 0
DWIDTH 5 0
BBX 3 3 1 4
BITMAP
E0
40
C0
ENDCHAR
STARTCHAR $1DBC
ENCODING 7612
SWIDTH 540 0
DWIDTH 6 0
BBX 4 5 1 2
BITMAP
E0
40
80
60
30
ENDCHAR
STARTCHAR $1DBD
ENCODING 7613
SWIDTH 450 0
DWIDTH 5 0
BBX 3 3 1 3
BITMAP
E0
40
E0
ENDCHAR
STARTCHAR $1DBE
ENCODING 7614
SWIDTH 450 0
DWIDTH 5 0
BBX 4 5 0 2
BITMAP
70
20
10
90
60
ENDCHAR
STARTCHAR $1DBF
ENCODING 7615
SWIDTH 450 0
DWIDTH 5 0
BBX 4 4 0 4
BITMAP
70
50
F0
70
ENDCHAR
STARTCHAR $1DC4
ENCODING 7620
SWIDTH 0 0
DWIDTH 0 0
BBX 4 2 -4 7
BITMAP
10
E0
ENDCHAR
STARTCHAR $1DC5
ENCODING 7621
SWIDTH 0 0
DWIDTH 0 0
BBX 4 2 -5 7
BITMAP
80
70
ENDCHAR
STARTCHAR $1DC6
ENCODING 7622
SWIDTH 0 0
DWIDTH 0 0
BBX 3 2 -4 7
BITMAP
E0
20
ENDCHAR
STARTCHAR $1DC7
ENCODING 7623
SWIDTH 0 0
DWIDTH 0 0
BBX 4 2 -5 7
BITMAP
70
80
ENDCHAR
STARTCHAR $1DC8
ENCODING 7624
SWIDTH 0 0
DWIDTH 0 0
BBX 5 2 -5 7
BITMAP
30
E8
ENDCHAR
STARTCHAR $1DC9
ENCODING 7625
SWIDTH 0 0
DWIDTH 0 0
BBX 5 2 -5 7
BITMAP
48
B0
ENDCHAR
STARTCHAR $1E00
ENCODING 7680
SWIDTH 810 0
DWIDTH 9 0
BBX 9 11 0 -3
BITMAP
1800
1C00
2C00
2C00
4600
7E00
4700
C780
1800
1800
0800
ENDCHAR
STARTCHAR $1E01
ENCODING 7681
SWIDTH 630 0
DWIDTH 7 0
BBX 7 9 0 -3
BITMAP
78
4C
7C
4C
CC
7E
30
30
10
ENDCHAR
STARTCHAR $1E02
ENCODING 7682
SWIDTH 810 0
DWIDTH 9 0
BBX 8 10 1 0
BITMAP
10
10
FE
66
66
7C
66
67
67
FE
ENDCHAR
STARTCHAR $1E03
ENCODING 7683
SWIDTH 720 0
DWIDTH 8 0
BBX 7 10 0 0
BITMAP
60
E0
60
60
7C
66
66
66
66
FC
ENDCHAR
STARTCHAR $1E04
ENCODING 7684
SWIDTH 810 0
DWIDTH 9 0
BBX 8 10 1 -2
BITMAP
FE
66
66
7C
66
67
67
FE
00
10
ENDCHAR
STARTCHAR $1E05
ENCODING 7685
SWIDTH 720 0
DWIDTH 8 0
BBX 7 11 0 -2
BITMAP
E0
60
60
7C
66
66
66
66
FC
00
10
ENDCHAR
STARTCHAR $1E06
ENCODING 7686
SWIDTH 810 0
DWIDTH 9 0
BBX 8 10 1 -2
BITMAP
FE
66
66
7C
66
67
67
FE
00
38
ENDCHAR
STARTCHAR $1E07
ENCODING 7687
SWIDTH 720 0
DWIDTH 8 0
BBX 7 11 0 -2
BITMAP
E0
60
60
7C
66
66
66
66
FC
00
38
ENDCHAR
STARTCHAR $1E08
ENCODING 7688
SWIDTH 810 0
DWIDTH 9 0
BBX 8 12 0 -2
BITMAP
0C
00
3E
71
60
E0
E0
60
71
3E
04
1C
ENDCHAR
STARTCHAR $1E09
ENCODING 7689
SWIDTH 630 0
DWIDTH 7 0
BBX 6 11 0 -2
BITMAP
08
10
00
3C
64
E0
E0
64
38
10
38
ENDCHAR
STARTCHAR $1E0A
ENCODING 7690
SWIDTH 900 0
DWIDTH 10 0
BBX 8 10 1 0
BITMAP
10
10
FC
66
63
63
63
63
66
FC
ENDCHAR
STARTCHAR $1E0B
ENCODING 7691
SWIDTH 720 0
DWIDTH 8 0
BBX 7 10 0 0
BITMAP
04
0E
06
06
76
6E
E6
E6
66
7E
ENDCHAR
STARTCHAR $1E0C
ENCODING 7692
SWIDTH 900 0
DWIDTH 10 0
BBX 8 10 1 -2
BITMAP
FC
66
63
63
63
63
66
FC
00
20
ENDCHAR
STARTCHAR $1E0D
ENCODING 7693
SWIDTH 720 0
DWIDTH 8 0
BBX 7 11 0 -2
BITMAP
0E
06
06
76
6E
E6
E6
66
7E
00
10
ENDCHAR
STARTCHAR $1E0E
ENCODING 7694
SWIDTH 900 0
DWIDTH 10 0
BBX 8 10 1 -2
BITMAP
FC
66
63
63
63
63
66
FC
00
38
ENDCHAR
STARTCHAR $1E0F
ENCODING 7695
SWIDTH 720 0
DWIDTH 8 0
BBX 7 11 0 -2
BITMAP
0E
06
06
76
6E
E6
E6
66
7E
00
38
ENDCHAR
STARTCHAR $1E10
ENCODING 7696
SWIDTH 900 0
DWIDTH 10 0
BBX 8 10 1 -2
BITMAP
FC
66
63
63
63
63
66
FC
20
60
ENDCHAR
STARTCHAR $1E11
ENCODING 7697
SWIDTH 720 0
DWIDTH 8 0
BBX 7 11 0 -2
BITMAP
0E
06
06
76
6E
E6
E6
66
7E
04
0C
ENDCHAR
STARTCHAR $1E12
ENCODING 7698
SWIDTH 900 0
DWIDTH 10 0
BBX 8 10 1 -2
BITMAP
FC
66
63
63
63
63
66
FC
30
50
ENDCHAR
STARTCHAR $1E13
ENCODING 7699
SWIDTH 720 0
DWIDTH 8 0
BBX 7 11 0 -2
BITMAP
0E
06
06
76
6E
E6
E6
66
7E
18
28
ENDCHAR
STARTCHAR $1E14
ENCODING 7700
SWIDTH 720 0
DWIDTH 8 0
BBX 7 11 1 0
BITMAP
20
00
38
FE
62
60
78
60
60
62
FE
ENDCHAR
STARTCHAR $1E15
ENCODING 7701
SWIDTH 630 0
DWIDTH 7 0
BBX 6 10 0 0
BITMAP
30
00
38
00
38
6C
FC
E0
64
38
ENDCHAR
STARTCHAR $1E16
ENCODING 7702
SWIDTH 720 0
DWIDTH 8 0
BBX 7 11 1 0
BITMAP
10
00
38
FE
62
60
78
60
60
62
FE
ENDCHAR
STARTCHAR $1E17
ENCODING 7703
SWIDTH 630 0
DWIDTH 7 0
BBX 6 10 0 0
BITMAP
18
00
38
00
38
6C
FC
E0
64
38
ENDCHAR
STARTCHAR $1E18
ENCODING 7704
SWIDTH 720 0
DWIDTH 8 0
BBX 7 11 1 -3
BITMAP
FE
62
60
78
60
60
62
FE
00
30
28
ENDCHAR
STARTCHAR $1E19
ENCODING 7705
SWIDTH 630 0
DWIDTH 7 0
BBX 6 9 0 -3
BITMAP
38
6C
FC
E0
64
38
00
38
28
ENDCHAR
STARTCHAR $1E1A
ENCODING 7706
SWIDTH 720 0
DWIDTH 8 0
BBX 7 10 1 -2
BITMAP
FE
62
60
78
60
60
62
FE
20
58
ENDCHAR
STARTCHAR $1E1B
ENCODING 7707
SWIDTH 630 0
DWIDTH 7 0
BBX 6 8 0 -2
BITMAP
38
6C
FC
E0
64
38
30
18
ENDCHAR
STARTCHAR $1E1C
ENCODING 7708
SWIDTH 720 0
DWIDTH 8 0
BBX 7 12 1 -2
BITMAP
48
38
FE
62
60
78
60
60
62
FE
10
30
ENDCHAR
STARTCHAR $1E1D
ENCODING 7709
SWIDTH 630 0
DWIDTH 7 0
BBX 6 11 0 -2
BITMAP
48
38
00
38
6C
FC
E0
64
38
10
30
ENDCHAR
STARTCHAR $1E1E
ENCODING 7710
SWIDTH 720 0
DWIDTH 8 0
BBX 7 10 1 0
BITMAP
10
10
FE
62
60
78
60
60
60
F0
ENDCHAR
STARTCHAR $1E1F
ENCODING 7711
SWIDTH 450 0
DWIDTH 5 0
BBX 5 10 0 0
BITMAP
30
38
68
60
F8
60
60
60
60
F0
ENDCHAR
STARTCHAR $1E20
ENCODING 7712
SWIDTH 810 0
DWIDTH 9 0
BBX 9 10 0 0
BITMAP
1E00
0000
3E00
7100
6000
E000
E380
6180
7180
3E00
ENDCHAR
STARTCHAR $1E21
ENCODING 7713
SWIDTH 720 0
DWIDTH 8 0
BBX 7 10 0 -2
BITMAP
38
00
76
6E
E6
E6
66
7E
44
7C
ENDCHAR
STARTCHAR $1E22
ENCODING 7714
SWIDTH 900 0
DWIDTH 10 0
BBX 9 10 1 0
BITMAP
0800
0800
F780
6300
6300
7F00
6300
6300
6300
F780
ENDCHAR
STARTCHAR $1E23
ENCODING 7715
SWIDTH 720 0
DWIDTH 8 0
BBX 8 10 0 0
BITMAP
60
E0
60
60
6C
76
66
66
66
FF
ENDCHAR
STARTCHAR $1E24
ENCODING 7716
SWIDTH 900 0
DWIDTH 10 0
BBX 9 10 1 -2
BITMAP
F780
6300
6300
7F00
6300
6300
6300
F780
0000
1800
ENDCHAR
STARTCHAR $1E25
ENCODING 7717
SWIDTH 720 0
DWIDTH 8 0
BBX 8 11 0 -2
BITMAP
E0
60
60
6C
76
66
66
66
FF
00
18
ENDCHAR
STARTCHAR $1E26
ENCODING 7718
SWIDTH 900 0
DWIDTH 10 0
BBX 9 10 1 0
BITMAP
3400
3400
F780
6300
6300
7F00
6300
6300
6300
F780
ENDCHAR
STARTCHAR $1E27
ENCODING 7719
SWIDTH 720 0
DWIDTH 8 0
BBX 8 11 0 0
BITMAP
B0
B0
E0
60
60
6C
76
66
66
66
FF
ENDCHAR
STARTCHAR $1E28
ENCODING 7720
SWIDTH 900 0
DWIDTH 10 0
BBX 9 10 1 -2
BITMAP
F780
6300
6300
7F00
6300
6300
6300
F780
0100
0700
ENDCHAR
STARTCHAR $1E29
ENCODING 7721
SWIDTH 720 0
DWIDTH 8 0
BBX 8 11 0 -2
BITMAP
E0
60
60
6C
76
66
66
66
FF
04
0C
ENDCHAR
STARTCHAR $1E2A
ENCODING 7722
SWIDTH 900 0
DWIDTH 10 0
BBX 9 10 1 -2
BITMAP
F780
6300
6300
7F00
6300
6300
6300
F780
2400
1C00
ENDCHAR
STARTCHAR $1E2B
ENCODING 7723
SWIDTH 720 0
DWIDTH 8 0
BBX 8 11 0 -2
BITMAP
E0
60
60
6C
76
66
66
66
FF
24
18
ENDCHAR
STARTCHAR $1E2C
ENCODING 7724
SWIDTH 450 0
DWIDTH 5 0
BBX 4 10 1 -2
BITMAP
F0
60
60
60
60
60
60
F0
C0
60
ENDCHAR
STARTCHAR $1E2D
ENCODING 7725
SWIDTH 360 0
DWIDTH 4 0
BBX 4 11 0 -2
BITMAP
60
60
00
E0
60
60
60
60
F0
D0
B0
ENDCHAR
STARTCHAR $1E2E
ENCODING 7726
SWIDTH 450 0
DWIDTH 5 0
BBX 4 11 1 0
BITMAP
60
A0
A0
F0
60
60
60
60
60
60
F0
ENDCHAR
STARTCHAR $1E2F
ENCODING 7727
SWIDTH 360 0
DWIDTH 4 0
BBX 4 9 0 0
BITMAP
20
D0
D0
E0
60
60
60
60
F0
ENDCHAR
STARTCHAR $1E30
ENCODING 7728
SWIDTH 900 0
DWIDTH 10 0
BBX 9 10 1 0
BITMAP
0800
0000
F700
6400
6800
7000
7C00
6E00
6700
F380
ENDCHAR
STARTCHAR $1E31
ENCODING 7729
SWIDTH 720 0
DWIDTH 8 0
BBX 8 10 0 0
BITMAP
60
E0
60
60
66
64
68
7C
66
F7
ENDCHAR
STARTCHAR $1E32
ENCODING 7730
SWIDTH 900 0
DWIDTH 10 0
BBX 9 10 1 -2
BITMAP
F700
6400
6800
7000
7C00
6E00
6700
F380
0000
0800
ENDCHAR
STARTCHAR $1E33
ENCODING 7731
SWIDTH 720 0
DWIDTH 8 0
BBX 8 11 0 -2
BITMAP
E0
60
60
66
64
68
7C
66
F7
00
18
ENDCHAR
STARTCHAR $1E34
ENCODING 7732
SWIDTH 900 0
DWIDTH 10 0
BBX 9 10 1 -2
BITMAP
F700
6400
6800
7000
7C00
6E00
6700
F380
0000
1C00
ENDCHAR
STARTCHAR $1E35
ENCODING 7733
SWIDTH 720 0
DWIDTH 8 0
BBX 8 11 0 -2
BITMAP
E0
60
60
66
64
68
7C
66
F7
00
3C
ENDCHAR
STARTCHAR $1E36
ENCODING 7734
SWIDTH 720 0
DWIDTH 8 0
BBX 7 10 1 -2
BITMAP
F0
60
60
60
60
60
62
FE
00
30
ENDCHAR
STARTCHAR $1E37
ENCODING 7735
SWIDTH 360 0
DWIDTH 4 0
BBX 4 11 0 -2
BITMAP
E0
60
60
60
60
60
60
60
F0
00
60
ENDCHAR
STARTCHAR $1E38
ENCODING 7736
SWIDTH 720 0
DWIDTH 8 0
BBX 7 12 1 -2
BITMAP
E0
00
F0
60
60
60
60
60
62
FE
00
30
ENDCHAR
STARTCHAR $1E39
ENCODING 7737
SWIDTH 360 0
DWIDTH 4 0
BBX 4 12 0 -2
BITMAP
F0
E0
60
60
60
60
60
60
60
F0
00
60
ENDCHAR
STARTCHAR $1E3A
ENCODING 7738
SWIDTH 720 0
DWIDTH 8 0
BBX 7 10 1 -2
BITMAP
F0
60
60
60
60
60
62
FE
00
38
ENDCHAR
STARTCHAR $1E3B
ENCODING 7739
SWIDTH 360 0
DWIDTH 4 0
BBX 4 11 0 -2
BITMAP
E0
60
60
60
60
60
60
60
F0
00
F0
ENDCHAR
STARTCHAR $1E3C
ENCODING 7740
SWIDTH 720 0
DWIDTH 8 0
BBX 7 10 1 -2
BITMAP
F0
60
60
60
60
60
62
FE
30
48
ENDCHAR
STARTCHAR $1E3D
ENCODING 7741
SWIDTH 360 0
DWIDTH 4 0
BBX 4 11 0 -2
BITMAP
E0
60
60
60
60
60
60
60
F0
60
90
ENDCHAR
STARTCHAR $1E3E
ENCODING 7742
SWIDTH 1080 0
DWIDTH 12 0
BBX 12 10 0 0
BITMAP
0600
0000
F0F0
70E0
5960
5960
4E60
4E60
4C60
E0F0
ENDCHAR
STARTCHAR $1E3F
ENCODING 7743
SWIDTH 1080 0
DWIDTH 12 0
BBX 11 9 0 0
BITMAP
0200
0400
0000
EDC0
7660
6660
6660
6660
FFE0
ENDCHAR
STARTCHAR $1E40
ENCODING 7744
SWIDTH 1080 0
DWIDTH 12 0
BBX 12 10 0 0
BITMAP
0600
0600
F0F0
70E0
5960
5960
4E60
4E60
4C60
E0F0
ENDCHAR
STARTCHAR $1E41
ENCODING 7745
SWIDTH 1080 0
DWIDTH 12 0
BBX 11 8 0 0
BITMAP
0600
0000
EDC0
7660
6660
6660
6660
FFE0
ENDCHAR
STARTCHAR $1E42
ENCODING 7746
SWIDTH 1080 0
DWIDTH 12 0
BBX 12 10 0 -2
BITMAP
F0F0
70E0
5960
5960
4E60
4E60
4C60
E0F0
0000
0600
ENDCHAR
STARTCHAR $1E43
ENCODING 7747
SWIDTH 1080 0
DWIDTH 12 0
BBX 11 8 0 -2
BITMAP
EDC0
7660
6660
6660
6660
FFE0
0000
0600
ENDCHAR
STARTCHAR $1E44
ENCODING 7748
SWIDTH 900 0
DWIDTH 10 0
BBX 10 10 0 0
BITMAP
0C00
0C00
E1C0
3080
3880
5C80
4E80
4780
4380
E180
ENDCHAR
STARTCHAR $1E45
ENCODING 7749
SWIDTH 720 0
DWIDTH 8 0
BBX 8 8 0 0
BITMAP
18
00
EC
76
66
66
66
FF
ENDCHAR
STARTCHAR $1E46
ENCODING 7750
SWIDTH 900 0
DWIDTH 10 0
BBX 10 10 0 -2
BITMAP
E1C0
3080
3880
5C80
4E80
4780
4380
E180
0000
0C00
ENDCHAR
STARTCHAR $1E47
ENCODING 7751
SWIDTH 720 0
DWIDTH 8 0
BBX 8 8 0 -2
BITMAP
EC
76
66
66
66
FF
00
18
ENDCHAR
STARTCHAR $1E48
ENCODING 7752
SWIDTH 900 0
DWIDTH 10 0
BBX 10 10 0 -2
BITMAP
E1C0
3080
3880
5C80
4E80
4780
4380
E180
0000
1E00
ENDCHAR
STARTCHAR $1E49
ENCODING 7753
SWIDTH 720 0
DWIDTH 8 0
BBX 8 8 0 -2
BITMAP
EC
76
66
66
66
FF
00
3C
ENDCHAR
STARTCHAR $1E4A
ENCODING 7754
SWIDTH 900 0
DWIDTH 10 0
BBX 10 10 0 -2
BITMAP
E1C0
3080
3880
5C80
4E80
4780
4380
E180
0C00
1400
ENDCHAR
STARTCHAR $1E4B
ENCODING 7755
SWIDTH 720 0
DWIDTH 8 0
BBX 8 8 0 -2
BITMAP
EC
76
66
66
66
FF
18
24
ENDCHAR
STARTCHAR $1E4C
ENCODING 7756
SWIDTH 900 0
DWIDTH 10 0
BBX 9 11 0 0
BITMAP
0600
1A00
1400
3E00
6300
6180
E180
E180
6180
6300
3E00
ENDCHAR
STARTCHAR $1E4D
ENCODING 7757
SWIDTH 630 0
DWIDTH 7 0
BBX 7 9 0 0
BITMAP
08
34
08
3C
66
E6
E6
66
3C
ENDCHAR
STARTCHAR $1E4E
ENCODING 7758
SWIDTH 900 0
DWIDTH 10 0
BBX 9 11 0 0
BITMAP
1600
1E00
1400
3E00
6300
6180
E180
E180
6180
6300
3E00
ENDCHAR
STARTCHAR $1E4F
ENCODING 7759
SWIDTH 630 0
DWIDTH 7 0
BBX 7 9 0 0
BITMAP
2C
3C
08
3C
66
E6
E6
66
3C
ENDCHAR
STARTCHAR $1E50
ENCODING 7760
SWIDTH 900 0
DWIDTH 10 0
BBX 9 11 0 0
BITMAP
0800
0000
1C00
3E00
6300
6180
E180
E180
6180
6300
3E00
ENDCHAR
STARTCHAR $1E51
ENCODING 7761
SWIDTH 630 0
DWIDTH 7 0
BBX 7 10 0 0
BITMAP
10
00
38
00
3C
66
E6
E6
66
3C
ENDCHAR
STARTCHAR $1E52
ENCODING 7762
SWIDTH 900 0
DWIDTH 10 0
BBX 9 11 0 0
BITMAP
0400
0000
1C00
3E00
6300
6180
E180
E180
6180
6300
3E00
ENDCHAR
STARTCHAR $1E53
ENCODING 7763
SWIDTH 630 0
DWIDTH 7 0
BBX 7 10 0 0
BITMAP
18
00
38
00
3C
66
E6
E6
66
3C
ENDCHAR
STARTCHAR $1E54
ENCODING 7764
SWIDTH 720 0
DWIDTH 8 0
BBX 7 10 1 0
BITMAP
10
00
FC
6E
66
6E
7C
60
60
F0
ENDCHAR
STARTCHAR $1E55
ENCODING 7765
SWIDTH 720 0
DWIDTH 8 0
BBX 7 11 0 -2
BITMAP
0C
08
00
FC
66
66
66
66
7C
60
F0
ENDCHAR
STARTCHAR $1E56
ENCODING 7766
SWIDTH 720 0
DWIDTH 8 0
BBX 7 10 1 0
BITMAP
10
10
FC
6E
66
6E
7C
60
60
F0
ENDCHAR
STARTCHAR $1E57
ENCODING 7767
SWIDTH 720 0
DWIDTH 8 0
BBX 7 10 0 -2
BITMAP
18
00
FC
66
66
66
66
7C
60
F0
ENDCHAR
STARTCHAR $1E58
ENCODING 7768
SWIDTH 810 0
DWIDTH 9 0
BBX 8 10 1 0
BITMAP
10
10
FC
66
66
66
78
6C
66
F7
ENDCHAR
STARTCHAR $1E59
ENCODING 7769
SWIDTH 540 0
DWIDTH 6 0
BBX 6 8 0 0
BITMAP
10
00
EC
74
60
60
60
F0
ENDCHAR
STARTCHAR $1E5A
ENCODING 7770
SWIDTH 810 0
DWIDTH 9 0
BBX 8 10 1 -2
BITMAP
FC
66
66
66
78
6C
66
F7
00
10
ENDCHAR
STARTCHAR $1E5B
ENCODING 7771
SWIDTH 540 0
DWIDTH 6 0
BBX 6 8 0 -2
BITMAP
EC
74
60
60
60
F0
00
60
ENDCHAR
STARTCHAR $1E5C
ENCODING 7772
SWIDTH 810 0
DWIDTH 9 0
BBX 8 12 1 -2
BITMAP
38
00
FC
66
66
66
78
6C
66
F7
00
10
ENDCHAR
STARTCHAR $1E5D
ENCODING 7773
SWIDTH 540 0
DWIDTH 6 0
BBX 6 10 0 -2
BITMAP
38
00
EC
74
60
60
60
F0
00
60
ENDCHAR
STARTCHAR $1E5E
ENCODING 7774
SWIDTH 810 0
DWIDTH 9 0
BBX 8 10 1 -2
BITMAP
FC
66
66
66
78
6C
66
F7
00
38
ENDCHAR
STARTCHAR $1E5F
ENCODING 7775
SWIDTH 540 0
DWIDTH 6 0
BBX 6 8 0 -2
BITMAP
EC
74
60
60
60
F0
00
F0
ENDCHAR
STARTCHAR $1E60
ENCODING 7776
SWIDTH 720 0
DWIDTH 8 0
BBX 6 10 1 0
BITMAP
30
30
7C
84
C0
F8
7C
0C
8C
78
ENDCHAR
STARTCHAR $1E61
ENCODING 7777
SWIDTH 540 0
DWIDTH 6 0
BBX 6 8 0 0
BITMAP
30
00
78
C8
70
3C
8C
78
ENDCHAR
STARTCHAR $1E62
ENCODING 7778
SWIDTH 720 0
DWIDTH 8 0
BBX 6 10 1 -2
BITMAP
7C
84
C0
F8
7C
0C
8C
78
00
30
ENDCHAR
STARTCHAR $1E63
ENCODING 7779
SWIDTH 540 0
DWIDTH 6 0
BBX 6 8 0 -2
BITMAP
78
C8
70
3C
8C
78
00
30
ENDCHAR
STARTCHAR $1E64
ENCODING 7780
SWIDTH 720 0
DWIDTH 8 0
BBX 6 10 1 0
BITMAP
18
60
7C
84
C0
F8
7C
0C
8C
78
ENDCHAR
STARTCHAR $1E65
ENCODING 7781
SWIDTH 540 0
DWIDTH 6 0
BBX 6 8 0 0
BITMAP
18
60
78
C8
70
3C
8C
78
ENDCHAR
STARTCHAR $1E66
ENCODING 7782
SWIDTH 720 0
DWIDTH 8 0
BBX 6 11 1 0
BITMAP
30
30
00
7C
84
C0
F8
7C
0C
8C
78
ENDCHAR
STARTCHAR $1E67
ENCODING 7783
SWIDTH 540 0
DWIDTH 6 0
BBX 6 9 0 0
BITMAP
30
38
00
78
C8
70
3C
8C
78
ENDCHAR
STARTCHAR $1E68
ENCODING 7784
SWIDTH 720 0
DWIDTH 8 0
BBX 6 12 1 -2
BITMAP
30
30
7C
84
C0
F8
7C
0C
8C
78
00
30
ENDCHAR
STARTCHAR $1E69
ENCODING 7785
SWIDTH 540 0
DWIDTH 6 0
BBX 6 10 0 -2
BITMAP
30
00
78
C8
70
3C
8C
78
00
30
ENDCHAR
STARTCHAR $1E6A
ENCODING 7786
SWIDTH 720 0
DWIDTH 8 0
BBX 8 10 0 0
BITMAP
18
18
FF
99
18
18
18
18
18
3C
ENDCHAR
STARTCHAR $1E6B
ENCODING 7787
SWIDTH 450 0
DWIDTH 5 0
BBX 5 10 0 0
BITMAP
60
00
60
60
F8
60
60
60
68
78
ENDCHAR
STARTCHAR $1E6C
ENCODING 7788
SWIDTH 720 0
DWIDTH 8 0
BBX 8 10 0 -2
BITMAP
FF
99
18
18
18
18
18
3C
00
18
ENDCHAR
STARTCHAR $1E6D
ENCODING 7789
SWIDTH 450 0
DWIDTH 5 0
BBX 5 10 0 -2
BITMAP
60
60
F8
60
60
60
68
78
00
30
ENDCHAR
STARTCHAR $1E6E
ENCODING 7790
SWIDTH 720 0
DWIDTH 8 0
BBX 8 10 0 -2
BITMAP
FF
99
18
18
18
18
18
3C
00
3C
ENDCHAR
STARTCHAR $1E6F
ENCODING 7791
SWIDTH 450 0
DWIDTH 5 0
BBX 5 10 0 -2
BITMAP
60
60
F8
60
60
60
68
78
00
78
ENDCHAR
STARTCHAR $1E70
ENCODING 7792
SWIDTH 720 0
DWIDTH 8 0
BBX 8 10 0 -2
BITMAP
FF
99
18
18
18
18
18
3C
18
24
ENDCHAR
STARTCHAR $1E71
ENCODING 7793
SWIDTH 450 0
DWIDTH 5 0
BBX 5 10 0 -2
BITMAP
60
60
F8
60
60
60
68
78
30
48
ENDCHAR
STARTCHAR $1E72
ENCODING 7794
SWIDTH 900 0
DWIDTH 10 0
BBX 9 10 0 -2
BITMAP
F980
6100
6100
6100
6100
7100
3100
1E00
1A00
1A00
ENDCHAR
STARTCHAR $1E73
ENCODING 7795
SWIDTH 720 0
DWIDTH 8 0
BBX 8 8 0 -2
BITMAP
EE
66
66
66
66
3F
2C
2C
ENDCHAR
STARTCHAR $1E74
ENCODING 7796
SWIDTH 900 0
DWIDTH 10 0
BBX 9 10 0 -2
BITMAP
F980
6100
6100
6100
6100
7100
3100
1E00
1A00
1600
ENDCHAR
STARTCHAR $1E75
ENCODING 7797
SWIDTH 720 0
DWIDTH 8 0
BBX 8 8 0 -2
BITMAP
EE
66
66
66
66
3F
34
08
ENDCHAR
STARTCHAR $1E76
ENCODING 7798
SWIDTH 900 0
DWIDTH 10 0
BBX 9 11 0 -3
BITMAP
F980
6100
6100
6100
6100
7100
3100
1E00
0000
0C00
1200
ENDCHAR
STARTCHAR $1E77
ENCODING 7799
SWIDTH 720 0
DWIDTH 8 0
BBX 8 9 0 -3
BITMAP
EE
66
66
66
66
3F
00
18
28
ENDCHAR
STARTCHAR $1E78
ENCODING 7800
SWIDTH 900 0
DWIDTH 10 0
BBX 9 11 0 0
BITMAP
0200
1A00
1600
F980
6100
6100
6100
6100
7100
3100
1E00
ENDCHAR
STARTCHAR $1E79
ENCODING 7801
SWIDTH 720 0
DWIDTH 8 0
BBX 8 9 0 0
BITMAP
0C
34
28
EE
66
66
66
66
3F
ENDCHAR
STARTCHAR $1E7A
ENCODING 7802
SWIDTH 900 0
DWIDTH 10 0
BBX 9 11 0 0
BITMAP
1A00
1A00
1E00
F980
6100
6100
6100
6100
7100
3100
1E00
ENDCHAR
STARTCHAR $1E7B
ENCODING 7803
SWIDTH 720 0
DWIDTH 8 0
BBX 8 10 0 0
BITMAP
2C
2C
38
00
EE
66
66
66
66
3F
ENDCHAR
STARTCHAR $1E7C
ENCODING 7804
SWIDTH 810 0
DWIDTH 9 0
BBX 9 10 0 0
BITMAP
1000
2C00
F380
6100
7200
3200
3200
1C00
1C00
0800
ENDCHAR
STARTCHAR $1E7D
ENCODING 7805
SWIDTH 540 0
DWIDTH 6 0
BBX 7 9 0 0
BITMAP
20
58
00
E6
64
68
68
38
30
ENDCHAR
STARTCHAR $1E7E
ENCODING 7806
SWIDTH 810 0
DWIDTH 9 0
BBX 9 10 0 -2
BITMAP
F380
6100
7200
3200
3200
1C00
1C00
0800
0000
0800
ENDCHAR
STARTCHAR $1E7F
ENCODING 7807
SWIDTH 540 0
DWIDTH 6 0
BBX 7 8 0 -2
BITMAP
E6
64
68
68
38
30
00
30
ENDCHAR
STARTCHAR $1E80
ENCODING 7808
SWIDTH 1080 0
DWIDTH 12 0
BBX 12 10 0 0
BITMAP
0600
0000
F330
6320
6720
35A0
35A0
39C0
39C0
18C0
ENDCHAR
STARTCHAR $1E81
ENCODING 7809
SWIDTH 810 0
DWIDTH 9 0
BBX 10 9 0 0
BITMAP
1800
0800
0000
E4C0
6C80
6E80
7700
3700
3200
ENDCHAR
STARTCHAR $1E82
ENCODING 7810
SWIDTH 1080 0
DWIDTH 12 0
BBX 12 10 0 0
BITMAP
0200
0000
F330
6320
6720
35A0
35A0
39C0
39C0
18C0
ENDCHAR
STARTCHAR $1E83
ENCODING 7811
SWIDTH 810 0
DWIDTH 9 0
BBX 10 9 0 0
BITMAP
0400
0800
0000
E4C0
6C80
6E80
7700
3700
3200
ENDCHAR
STARTCHAR $1E84
ENCODING 7812
SWIDTH 1080 0
DWIDTH 12 0
BBX 12 10 0 0
BITMAP
0D00
0D00
F330
6320
6720
35A0
35A0
39C0
39C0
18C0
ENDCHAR
STARTCHAR $1E85
ENCODING 7813
SWIDTH 810 0
DWIDTH 9 0
BBX 10 9 0 0
BITMAP
1600
1600
0000
E4C0
6C80
6E80
7700
3700
3200
ENDCHAR
STARTCHAR $1E86
ENCODING 7814
SWIDTH 1080 0
DWIDTH 12 0
BBX 12 10 0 0
BITMAP
0600
0600
F330
6320
6720
35A0
35A0
39C0
39C0
18C0
ENDCHAR
STARTCHAR $1E87
ENCODING 7815
SWIDTH 810 0
DWIDTH 9 0
BBX 10 8 0 0
BITMAP
0C00
0000
E4C0
6C80
6E80
7700
3700
3200
ENDCHAR
STARTCHAR $1E88
ENCODING 7816
SWIDTH 1080 0
DWIDTH 12 0
BBX 12 10 0 -2
BITMAP
F330
6320
6720
35A0
35A0
39C0
39C0
18C0
0000
0600
ENDCHAR
STARTCHAR $1E89
ENCODING 7817
SWIDTH 810 0
DWIDTH 9 0
BBX 10 8 0 -2
BITMAP
E4C0
6C80
6E80
7700
3700
3200
0000
0C00
ENDCHAR
STARTCHAR $1E8A
ENCODING 7818
SWIDTH 810 0
DWIDTH 9 0
BBX 9 10 0 0
BITMAP
0800
0800
F700
7200
3400
1800
1C00
2E00
4600
E780
ENDCHAR
STARTCHAR $1E8B
ENCODING 7819
SWIDTH 630 0
DWIDTH 7 0
BBX 7 8 0 0
BITMAP
10
00
FC
68
30
38
58
DE
ENDCHAR
STARTCHAR $1E8C
ENCODING 7820
SWIDTH 810 0
DWIDTH 9 0
BBX 9 10 0 0
BITMAP
3400
3400
F700
7200
3400
1800
1C00
2E00
4600
E780
ENDCHAR
STARTCHAR $1E8D
ENCODING 7821
SWIDTH 630 0
DWIDTH 7 0
BBX 7 9 0 0
BITMAP
68
68
00
FC
68
30
38
58
DE
ENDCHAR
STARTCHAR $1E8E
ENCODING 7822
SWIDTH 720 0
DWIDTH 8 0
BBX 8 10 0 0
BITMAP
18
18
F3
62
34
3C
18
18
18
3C
ENDCHAR
STARTCHAR $1E8F
ENCODING 7823
SWIDTH 540 0
DWIDTH 6 0
BBX 7 10 0 -2
BITMAP
10
00
E6
64
68
38
30
10
A0
60
ENDCHAR
STARTCHAR $1E90
ENCODING 7824
SWIDTH 720 0
DWIDTH 8 0
BBX 8 10 0 0
BITMAP
18
00
7F
86
0C
18
18
30
61
FF
ENDCHAR
STARTCHAR $1E91
ENCODING 7825
SWIDTH 540 0
DWIDTH 6 0
BBX 6 9 0 0
BITMAP
30
48
00
7C
98
10
30
64
FC
ENDCHAR
STARTCHAR $1E92
ENCODING 7826
SWIDTH 720 0
DWIDTH 8 0
BBX 8 10 0 -2
BITMAP
7F
86
0C
18
18
30
61
FF
00
18
ENDCHAR
STARTCHAR $1E93
ENCODING 7827
SWIDTH 540 0
DWIDTH 6 0
BBX 6 8 0 -2
BITMAP
7C
98
10
30
64
FC
00
30
ENDCHAR
STARTCHAR $1E94
ENCODING 7828
SWIDTH 720 0
DWIDTH 8 0
BBX 8 10 0 -2
BITMAP
7F
86
0C
18
18
30
61
FF
00
3C
ENDCHAR
STARTCHAR $1E95
ENCODING 7829
SWIDTH 540 0
DWIDTH 6 0
BBX 6 8 0 -2
BITMAP
7C
98
10
30
64
FC
00
78
ENDCHAR
STARTCHAR $1E96
ENCODING 7830
SWIDTH 720 0
DWIDTH 8 0
BBX 8 11 0 -2
BITMAP
E0
60
60
6C
76
66
66
66
FF
00
3C
ENDCHAR
STARTCHAR $1E97
ENCODING 7831
SWIDTH 450 0
DWIDTH 5 0
BBX 5 11 0 0
BITMAP
D0
D0
00
60
60
F8
60
60
60
68
78
ENDCHAR
STARTCHAR $1E98
ENCODING 7832
SWIDTH 810 0
DWIDTH 9 0
BBX 10 10 0 0
BITMAP
0C00
1400
0C00
0000
E4C0
6C80
6E80
7700
3700
3200
ENDCHAR
STARTCHAR $1E99
ENCODING 7833
SWIDTH 540 0
DWIDTH 6 0
BBX 7 12 0 -2
BITMAP
30
28
30
00
E6
64
68
38
30
10
A0
60
ENDCHAR
STARTCHAR $1E9A
ENCODING 7834
SWIDTH 990 0
DWIDTH 11 0
BBX 10 8 0 0
BITMAP
0040
0040
7880
4C00
7C00
4C00
CC00
7E00
ENDCHAR
STARTCHAR $1E9B
ENCODING 7835
SWIDTH 450 0
DWIDTH 5 0
BBX 5 10 0 0
BITMAP
30
00
78
60
E0
60
60
60
60
F0
ENDCHAR
STARTCHAR $1E9C
ENCODING 7836
SWIDTH 450 0
DWIDTH 5 0
BBX 5 8 0 0
BITMAP
78
60
F0
60
E0
60
60
F0
ENDCHAR
STARTCHAR $1E9D
ENCODING 7837
SWIDTH 450 0
DWIDTH 5 0
BBX 5 8 0 0
BITMAP
78
F8
E0
60
60
60
60
F0
ENDCHAR
STARTCHAR $1E9E
ENCODING 7838
SWIDTH 900 0
DWIDTH 10 0
BBX 10 8 0 0
BITMAP
3F80
3300
7300
6600
6180
60C0
64C0
FF80
ENDCHAR
STARTCHAR $1E9F
ENCODING 7839
SWIDTH 630 0
DWIDTH 7 0
BBX 7 8 0 0
BITMAP
7C
60
38
64
66
E6
66
7C
ENDCHAR
STARTCHAR $1EA0
ENCODING 7840
SWIDTH 810 0
DWIDTH 9 0
BBX 9 10 0 -2
BITMAP
1800
1C00
2C00
2C00
4600
7E00
4700
C780
0000
1800
ENDCHAR
STARTCHAR $1EA1
ENCODING 7841
SWIDTH 630 0
DWIDTH 7 0
BBX 7 8 0 -2
BITMAP
78
4C
7C
4C
CC
7E
00
30
ENDCHAR
STARTCHAR $1EA2
ENCODING 7842
SWIDTH 810 0
DWIDTH 9 0
BBX 9 11 0 1
BITMAP
0400
0800
0000
1800
1C00
2C00
2C00
4600
7E00
4700
C780
ENDCHAR
STARTCHAR $1EA3
ENCODING 7843
SWIDTH 630 0
DWIDTH 7 0
BBX 7 9 0 1
BITMAP
08
10
00
78
4C
7C
4C
CC
7E
ENDCHAR
STARTCHAR $1EA4
ENCODING 7844
SWIDTH 810 0
DWIDTH 9 0
BBX 9 11 0 0
BITMAP
0200
1C00
0000
1800
1C00
2C00
2C00
4600
7E00
4700
C780
ENDCHAR
STARTCHAR $1EA5
ENCODING 7845
SWIDTH 630 0
DWIDTH 7 0
BBX 7 9 0 0
BITMAP
04
38
00
78
4C
7C
4C
CC
7E
ENDCHAR
STARTCHAR $1EA6
ENCODING 7846
SWIDTH 810 0
DWIDTH 9 0
BBX 9 11 0 0
BITMAP
0200
1C00
0000
1800
1C00
2C00
2C00
4600
7E00
4700
C780
ENDCHAR
STARTCHAR $1EA7
ENCODING 7847
SWIDTH 630 0
DWIDTH 7 0
BBX 7 9 0 0
BITMAP
04
38
00
78
4C
7C
4C
CC
7E
ENDCHAR
STARTCHAR $1EA8
ENCODING 7848
SWIDTH 810 0
DWIDTH 9 0
BBX 9 13 0 0
BITMAP
0200
0100
0200
1C00
0000
1800
1C00
2C00
2C00
4600
7E00
4700
C780
ENDCHAR
STARTCHAR $1EA9
ENCODING 7849
SWIDTH 630 0
DWIDTH 7 0
BBX 7 11 0 0
BITMAP
04
02
04
38
00
78
4C
7C
4C
CC
7E
ENDCHAR
STARTCHAR $1EAA
ENCODING 7850
SWIDTH 810 0
DWIDTH 9 0
BBX 9 12 0 0
BITMAP
1400
2C00
1C00
0000
1800
1C00
2C00
2C00
4600
7E00
4700
C780
ENDCHAR
STARTCHAR $1EAB
ENCODING 7851
SWIDTH 630 0
DWIDTH 7 0
BBX 7 10 0 0
BITMAP
20
58
38
00
78
4C
7C
4C
CC
7E
ENDCHAR
STARTCHAR $1EAC
ENCODING 7852
SWIDTH 810 0
DWIDTH 9 0
BBX 9 12 0 -2
BITMAP
1C00
0000
1800
1C00
2C00
2C00
4600
7E00
4700
C780
0000
1800
ENDCHAR
STARTCHAR $1EAD
ENCODING 7853
SWIDTH 630 0
DWIDTH 7 0
BBX 7 11 0 -2
BITMAP
30
28
00
78
4C
7C
4C
CC
7E
00
30
ENDCHAR
STARTCHAR $1EAE
ENCODING 7854
SWIDTH 810 0
DWIDTH 9 0
BBX 9 11 0 0
BITMAP
0800
2400
1800
1800
1C00
2C00
2C00
4600
7E00
4700
C780
ENDCHAR
STARTCHAR $1EAF
ENCODING 7855
SWIDTH 630 0
DWIDTH 7 0
BBX 7 9 0 0
BITMAP
10
48
38
78
4C
7C
4C
CC
7E
ENDCHAR
STARTCHAR $1EB0
ENCODING 7856
SWIDTH 810 0
DWIDTH 9 0
BBX 9 11 0 0
BITMAP
1000
2400
1800
1800
1C00
2C00
2C00
4600
7E00
4700
C780
ENDCHAR
STARTCHAR $1EB1
ENCODING 7857
SWIDTH 630 0
DWIDTH 7 0
BBX 7 9 0 0
BITMAP
30
48
38
78
4C
7C
4C
CC
7E
ENDCHAR
STARTCHAR $1EB2
ENCODING 7858
SWIDTH 810 0
DWIDTH 9 0
BBX 9 12 0 1
BITMAP
0400
0800
2400
1800
1800
1C00
2C00
2C00
4600
7E00
4700
C780
ENDCHAR
STARTCHAR $1EB3
ENCODING 7859
SWIDTH 630 0
DWIDTH 7 0
BBX 7 11 0 0
BITMAP
10
08
10
48
38
78
4C
7C
4C
CC
7E
ENDCHAR
STARTCHAR $1EB4
ENCODING 7860
SWIDTH 810 0
DWIDTH 9 0
BBX 9 12 0 0
BITMAP
1000
2C00
2400
1800
1800
1C00
2C00
2C00
4600
7E00
4700
C780
ENDCHAR
STARTCHAR $1EB5
ENCODING 7861
SWIDTH 630 0
DWIDTH 7 0
BBX 7 10 0 0
BITMAP
20
58
48
38
78
4C
7C
4C
CC
7E
ENDCHAR
STARTCHAR $1EB6
ENCODING 7862
SWIDTH 810 0
DWIDTH 9 0
BBX 9 13 0 -2
BITMAP
2400
1800
0000
1800
1C00
2C00
2C00
4600
7E00
4700
C780
0000
1800
ENDCHAR
STARTCHAR $1EB7
ENCODING 7863
SWIDTH 630 0
DWIDTH 7 0
BBX 7 11 0 -2
BITMAP
48
38
00
78
4C
7C
4C
CC
7E
00
30
ENDCHAR
STARTCHAR $1EB8
ENCODING 7864
SWIDTH 720 0
DWIDTH 8 0
BBX 7 10 1 -2
BITMAP
FE
62
60
78
60
60
62
FE
00
10
ENDCHAR
STARTCHAR $1EB9
ENCODING 7865
SWIDTH 630 0
DWIDTH 7 0
BBX 6 8 0 -2
BITMAP
38
6C
FC
E0
64
38
00
10
ENDCHAR
STARTCHAR $1EBA
ENCODING 7866
SWIDTH 720 0
DWIDTH 8 0
BBX 7 12 1 0
BITMAP
10
08
10
00
FE
62
60
78
60
60
62
FE
ENDCHAR
STARTCHAR $1EBB
ENCODING 7867
SWIDTH 630 0
DWIDTH 7 0
BBX 6 10 0 0
BITMAP
10
08
10
00
38
6C
FC
E0
64
38
ENDCHAR
STARTCHAR $1EBC
ENCODING 7868
SWIDTH 720 0
DWIDTH 8 0
BBX 7 10 1 0
BITMAP
20
58
FE
62
60
78
60
60
62
FE
ENDCHAR
STARTCHAR $1EBD
ENCODING 7869
SWIDTH 630 0
DWIDTH 7 0
BBX 6 9 0 0
BITMAP
30
18
00
38
6C
FC
E0
64
38
ENDCHAR
STARTCHAR $1EBE
ENCODING 7870
SWIDTH 720 0
DWIDTH 8 0
BBX 7 11 1 0
BITMAP
04
38
00
FE
62
60
78
60
60
62
FE
ENDCHAR
STARTCHAR $1EBF
ENCODING 7871
SWIDTH 630 0
DWIDTH 7 0
BBX 6 9 0 0
BITMAP
04
38
00
38
6C
FC
E0
64
38
ENDCHAR
STARTCHAR $1EC0
ENCODING 7872
SWIDTH 720 0
DWIDTH 8 0
BBX 7 11 1 0
BITMAP
04
38
00
FE
62
60
78
60
60
62
FE
ENDCHAR
STARTCHAR $1EC1
ENCODING 7873
SWIDTH 630 0
DWIDTH 7 0
BBX 6 9 0 0
BITMAP
04
38
00
38
6C
FC
E0
64
38
ENDCHAR
STARTCHAR $1EC2
ENCODING 7874
SWIDTH 720 0
DWIDTH 8 0
BBX 7 13 1 0
BITMAP
04
02
04
38
00
FE
62
60
78
60
60
62
FE
ENDCHAR
STARTCHAR $1EC3
ENCODING 7875
SWIDTH 630 0
DWIDTH 7 0
BBX 7 10 0 1
BITMAP
02
02
38
00
38
6C
FC
E0
64
38
ENDCHAR
STARTCHAR $1EC4
ENCODING 7876
SWIDTH 720 0
DWIDTH 8 0
BBX 7 12 1 0
BITMAP
20
58
28
00
FE
62
60
78
60
60
62
FE
ENDCHAR
STARTCHAR $1EC5
ENCODING 7877
SWIDTH 630 0
DWIDTH 7 0
BBX 6 10 0 0
BITMAP
30
18
28
00
38
6C
FC
E0
64
38
ENDCHAR
STARTCHAR $1EC6
ENCODING 7878
SWIDTH 720 0
DWIDTH 8 0
BBX 7 12 1 -2
BITMAP
38
00
FE
62
60
78
60
60
62
FE
00
10
ENDCHAR
STARTCHAR $1EC7
ENCODING 7879
SWIDTH 630 0
DWIDTH 7 0
BBX 6 11 0 -2
BITMAP
38
28
00
38
6C
FC
E0
64
38
00
10
ENDCHAR
STARTCHAR $1EC8
ENCODING 7880
SWIDTH 450 0
DWIDTH 5 0
BBX 4 12 1 0
BITMAP
40
20
40
00
F0
60
60
60
60
60
60
F0
ENDCHAR
STARTCHAR $1EC9
ENCODING 7881
SWIDTH 360 0
DWIDTH 4 0
BBX 4 9 0 1
BITMAP
60
20
00
E0
60
60
60
60
F0
ENDCHAR
STARTCHAR $1ECA
ENCODING 7882
SWIDTH 450 0
DWIDTH 5 0
BBX 4 10 1 -2
BITMAP
F0
60
60
60
60
60
60
F0
00
40
ENDCHAR
STARTCHAR $1ECB
ENCODING 7883
SWIDTH 360 0
DWIDTH 4 0
BBX 4 11 0 -2
BITMAP
60
60
00
E0
60
60
60
60
F0
00
60
ENDCHAR
STARTCHAR $1ECC
ENCODING 7884
SWIDTH 900 0
DWIDTH 10 0
BBX 9 10 0 -2
BITMAP
3E00
6300
6180
E180
E180
6180
6300
3E00
0000
0C00
ENDCHAR
STARTCHAR $1ECD
ENCODING 7885
SWIDTH 630 0
DWIDTH 7 0
BBX 7 8 0 -2
BITMAP
3C
66
E6
E6
66
3C
00
10
ENDCHAR
STARTCHAR $1ECE
ENCODING 7886
SWIDTH 900 0
DWIDTH 10 0
BBX 9 11 0 1
BITMAP
0400
0400
0000
3E00
6300
6180
E180
E180
6180
6300
3E00
ENDCHAR
STARTCHAR $1ECF
ENCODING 7887
SWIDTH 630 0
DWIDTH 7 0
BBX 7 10 0 0
BITMAP
10
08
10
00
3C
66
E6
E6
66
3C
ENDCHAR
STARTCHAR $1ED0
ENCODING 7888
SWIDTH 900 0
DWIDTH 10 0
BBX 9 11 0 0
BITMAP
0300
1C00
0000
3E00
6300
6180
E180
E180
6180
6300
3E00
ENDCHAR
STARTCHAR $1ED1
ENCODING 7889
SWIDTH 630 0
DWIDTH 7 0
BBX 7 9 0 0
BITMAP
04
38
00
3C
66
E6
E6
66
3C
ENDCHAR
STARTCHAR $1ED2
ENCODING 7890
SWIDTH 900 0
DWIDTH 10 0
BBX 9 11 0 0
BITMAP
0200
1C00
0000
3E00
6300
6180
E180
E180
6180
6300
3E00
ENDCHAR
STARTCHAR $1ED3
ENCODING 7891
SWIDTH 630 0
DWIDTH 7 0
BBX 7 9 0 0
BITMAP
04
38
00
3C
66
E6
E6
66
3C
ENDCHAR
STARTCHAR $1ED4
ENCODING 7892
SWIDTH 900 0
DWIDTH 10 0
BBX 9 12 0 1
BITMAP
0100
0100
1C00
0000
3E00
6300
6180
E180
E180
6180
6300
3E00
ENDCHAR
STARTCHAR $1ED5
ENCODING 7893
SWIDTH 630 0
DWIDTH 7 0
BBX 7 10 0 1
BITMAP
06
02
38
00
3C
66
E6
E6
66
3C
ENDCHAR
STARTCHAR $1ED6
ENCODING 7894
SWIDTH 900 0
DWIDTH 10 0
BBX 9 12 0 0
BITMAP
1A00
1400
1C00
0000
3E00
6300
6180
E180
E180
6180
6300
3E00
ENDCHAR
STARTCHAR $1ED7
ENCODING 7895
SWIDTH 630 0
DWIDTH 7 0
BBX 7 10 0 0
BITMAP
34
08
38
00
3C
66
E6
E6
66
3C
ENDCHAR
STARTCHAR $1ED8
ENCODING 7896
SWIDTH 900 0
DWIDTH 10 0
BBX 9 13 0 -2
BITMAP
0C00
1400
0000
3E00
6300
6180
E180
E180
6180
6300
3E00
0000
0C00
ENDCHAR
STARTCHAR $1ED9
ENCODING 7897
SWIDTH 630 0
DWIDTH 7 0
BBX 7 11 0 -2
BITMAP
18
28
00
3C
66
E6
E6
66
3C
00
10
ENDCHAR
STARTCHAR $1EDA
ENCODING 7898
SWIDTH 900 0
DWIDTH 10 0
BBX 10 10 0 0
BITMAP
0C00
0000
3E40
63C0
6180
E180
E180
6180
6300
3E00
ENDCHAR
STARTCHAR $1EDB
ENCODING 7899
SWIDTH 630 0
DWIDTH 7 0
BBX 8 9 0 0
BITMAP
08
10
00
3D
67
E6
E6
66
3C
ENDCHAR
STARTCHAR $1EDC
ENCODING 7900
SWIDTH 900 0
DWIDTH 10 0
BBX 10 10 0 0
BITMAP
0800
0000
3E40
63C0
6180
E180
E180
6180
6300
3E00
ENDCHAR
STARTCHAR $1EDD
ENCODING 7901
SWIDTH 630 0
DWIDTH 7 0
BBX 8 9 0 0
BITMAP
30
10
00
3D
67
E6
E6
66
3C
ENDCHAR
STARTCHAR $1EDE
ENCODING 7902
SWIDTH 900 0
DWIDTH 10 0
BBX 10 11 0 1
BITMAP
0400
0400
0000
3E40
63C0
6180
E180
E180
6180
6300
3E00
ENDCHAR
STARTCHAR $1EDF
ENCODING 7903
SWIDTH 630 0
DWIDTH 7 0
BBX 8 10 0 0
BITMAP
10
08
10
00
3D
67
E6
E6
66
3C
ENDCHAR
STARTCHAR $1EE0
ENCODING 7904
SWIDTH 900 0
DWIDTH 10 0
BBX 10 10 0 0
BITMAP
1A00
1400
3E40
63C0
6180
E180
E180
6180
6300
3E00
ENDCHAR
STARTCHAR $1EE1
ENCODING 7905
SWIDTH 630 0
DWIDTH 7 0
BBX 8 9 0 0
BITMAP
34
08
00
3D
67
E6
E6
66
3C
ENDCHAR
STARTCHAR $1EE2
ENCODING 7906
SWIDTH 900 0
DWIDTH 10 0
BBX 10 10 0 -2
BITMAP
3E40
63C0
6180
E180
E180
6180
6300
3E00
0000
0C00
ENDCHAR
STARTCHAR $1EE3
ENCODING 7907
SWIDTH 630 0
DWIDTH 7 0
BBX 8 8 0 -2
BITMAP
3D
67
E6
E6
66
3C
00
10
ENDCHAR
STARTCHAR $1EE4
ENCODING 7908
SWIDTH 900 0
DWIDTH 10 0
BBX 9 10 0 -2
BITMAP
F980
6100
6100
6100
6100
7100
3100
1E00
0000
0C00
ENDCHAR
STARTCHAR $1EE5
ENCODING 7909
SWIDTH 720 0
DWIDTH 8 0
BBX 8 8 0 -2
BITMAP
EE
66
66
66
66
3F
00
18
ENDCHAR
STARTCHAR $1EE6
ENCODING 7910
SWIDTH 900 0
DWIDTH 10 0
BBX 9 11 0 1
BITMAP
0400
0400
0000
F980
6100
6100
6100
6100
7100
3100
1E00
ENDCHAR
STARTCHAR $1EE7
ENCODING 7911
SWIDTH 720 0
DWIDTH 8 0
BBX 8 9 0 1
BITMAP
08
08
00
EE
66
66
66
66
3F
ENDCHAR
STARTCHAR $1EE8
ENCODING 7912
SWIDTH 900 0
DWIDTH 10 0
BBX 11 10 0 0
BITMAP
0400
0020
F9E0
7100
7100
7100
7100
7100
3100
1E00
ENDCHAR
STARTCHAR $1EE9
ENCODING 7913
SWIDTH 720 0
DWIDTH 8 0
BBX 9 9 0 0
BITMAP
0800
1000
0000
EE80
6780
6600
6600
6600
3F00
ENDCHAR
STARTCHAR $1EEA
ENCODING 7914
SWIDTH 900 0
DWIDTH 10 0
BBX 11 10 0 0
BITMAP
0800
0020
F9E0
7100
7100
7100
7100
7100
3100
1E00
ENDCHAR
STARTCHAR $1EEB
ENCODING 7915
SWIDTH 720 0
DWIDTH 8 0
BBX 9 9 0 0
BITMAP
3000
1000
0000
EE80
6780
6600
6600
6600
3F00
ENDCHAR
STARTCHAR $1EEC
ENCODING 7916
SWIDTH 900 0
DWIDTH 10 0
BBX 11 11 0 1
BITMAP
0400
0400
0020
F9E0
7100
7100
7100
7100
7100
3100
1E00
ENDCHAR
STARTCHAR $1EED
ENCODING 7917
SWIDTH 720 0
DWIDTH 8 0
BBX 9 9 0 1
BITMAP
0800
0800
0000
EE80
6780
6600
6600
6600
3F00
ENDCHAR
STARTCHAR $1EEE
ENCODING 7918
SWIDTH 900 0
DWIDTH 10 0
BBX 11 10 0 0
BITMAP
1A00
1620
F9E0
7100
7100
7100
7100
7100
3100
1E00
ENDCHAR
STARTCHAR $1EEF
ENCODING 7919
SWIDTH 720 0
DWIDTH 8 0
BBX 9 9 0 0
BITMAP
3400
2800
0000
EE80
6780
6600
6600
6600
3F00
ENDCHAR
STARTCHAR $1EF0
ENCODING 7920
SWIDTH 900 0
DWIDTH 10 0
BBX 11 11 0 -2
BITMAP
0020
F9E0
7100
7100
7100
7100
7100
3100
1E00
0000
0C00
ENDCHAR
STARTCHAR $1EF1
ENCODING 7921
SWIDTH 720 0
DWIDTH 8 0
BBX 9 8 0 -2
BITMAP
EE80
6780
6600
6600
6600
3F00
0000
1800
ENDCHAR
STARTCHAR $1EF2
ENCODING 7922
SWIDTH 720 0
DWIDTH 8 0
BBX 8 10 0 0
BITMAP
10
00
F3
62
34
3C
18
18
18
3C
ENDCHAR
STARTCHAR $1EF3
ENCODING 7923
SWIDTH 540 0
DWIDTH 6 0
BBX 7 11 0 -2
BITMAP
60
20
00
E6
64
68
38
30
10
A0
60
ENDCHAR
STARTCHAR $1EF4
ENCODING 7924
SWIDTH 720 0
DWIDTH 8 0
BBX 8 10 0 -2
BITMAP
F3
62
34
3C
18
18
18
3C
00
18
ENDCHAR
STARTCHAR $1EF5
ENCODING 7925
SWIDTH 540 0
DWIDTH 6 0
BBX 7 8 0 -2
BITMAP
E6
64
68
38
30
10
A0
6C
ENDCHAR
STARTCHAR $1EF6
ENCODING 7926
SWIDTH 720 0
DWIDTH 8 0
BBX 8 11 0 1
BITMAP
18
08
00
F3
62
34
3C
18
18
18
3C
ENDCHAR
STARTCHAR $1EF7
ENCODING 7927
SWIDTH 540 0
DWIDTH 6 0
BBX 7 11 0 -1
BITMAP
08
10
00
E6
64
68
38
30
10
A0
60
ENDCHAR
STARTCHAR $1EF8
ENCODING 7928
SWIDTH 720 0
DWIDTH 8 0
BBX 8 10 0 0
BITMAP
34
2C
F3
62
34
3C
18
18
18
3C
ENDCHAR
STARTCHAR $1EF9
ENCODING 7929
SWIDTH 540 0
DWIDTH 6 0
BBX 7 11 0 -2
BITMAP
20
58
00
E6
64
68
38
30
10
A0
60
ENDCHAR
STARTCHAR $1EFA
ENCODING 7930
SWIDTH 1080 0
DWIDTH 12 0
BBX 11 8 1 0
BITMAP
FF00
6600
6600
6600
6600
6600
6620
FFE0
ENDCHAR
STARTCHAR $1EFB
ENCODING 7931
SWIDTH 720 0
DWIDTH 8 0
BBX 7 8 0 0
BITMAP
6E
FE
66
66
66
66
66
FE
ENDCHAR
STARTCHAR $1F00
ENCODING 7936
SWIDTH 720 0
DWIDTH 8 0
BBX 8 9 0 0
BITMAP
18
08
00
39
6E
E4
E6
66
7F
ENDCHAR
STARTCHAR $1F01
ENCODING 7937
SWIDTH 720 0
DWIDTH 8 0
BBX 8 9 0 0
BITMAP
18
10
00
39
6E
E4
E6
66
7F
ENDCHAR
STARTCHAR $1F02
ENCODING 7938
SWIDTH 720 0
DWIDTH 8 0
BBX 8 9 0 0
BITMAP
28
24
00
39
6E
E4
E6
66
7F
ENDCHAR
STARTCHAR $1F03
ENCODING 7939
SWIDTH 720 0
DWIDTH 8 0
BBX 8 9 0 0
BITMAP
28
24
00
39
6E
E4
E6
66
7F
ENDCHAR
STARTCHAR $1F04
ENCODING 7940
SWIDTH 720 0
DWIDTH 8 0
BBX 8 9 0 0
BITMAP
34
18
00
39
6E
E4
E6
66
7F
ENDCHAR
STARTCHAR $1F05
ENCODING 7941
SWIDTH 720 0
DWIDTH 8 0
BBX 8 9 0 0
BITMAP
34
28
00
39
6E
E4
E6
66
7F
ENDCHAR
STARTCHAR $1F06
ENCODING 7942
SWIDTH 720 0
DWIDTH 8 0
BBX 8 11 0 0
BITMAP
34
2C
18
08
00
39
6E
E4
E6
66
7F
ENDCHAR
STARTCHAR $1F07
ENCODING 7943
SWIDTH 720 0
DWIDTH 8 0
BBX 8 11 0 0
BITMAP
34
28
18
10
00
39
6E
E4
E6
66
7F
ENDCHAR
STARTCHAR $1F08
ENCODING 7944
SWIDTH 810 0
DWIDTH 9 0
BBX 9 9 0 0
BITMAP
6000
3800
1C00
2C00
2C00
4600
7E00
4700
C780
ENDCHAR
STARTCHAR $1F09
ENCODING 7945
SWIDTH 810 0
DWIDTH 9 0
BBX 9 9 0 0
BITMAP
6000
5800
1C00
2C00
2C00
4600
7E00
4700
C780
ENDCHAR
STARTCHAR $1F0A
ENCODING 7946
SWIDTH 990 0
DWIDTH 11 0
BBX 11 9 0 0
BITMAP
F000
5200
0700
0700
0B80
0980
1F80
10C0
39E0
ENDCHAR
STARTCHAR $1F0B
ENCODING 7947
SWIDTH 990 0
DWIDTH 11 0
BBX 11 9 0 0
BITMAP
F000
9200
0700
0700
0B80
0980
1F80
10C0
39E0
ENDCHAR
STARTCHAR $1F0C
ENCODING 7948
SWIDTH 810 0
DWIDTH 9 0
BBX 9 9 0 0
BITMAP
F000
6C00
0C00
1E00
1600
2600
3F00
4300
6380
ENDCHAR
STARTCHAR $1F0D
ENCODING 7949
SWIDTH 810 0
DWIDTH 9 0
BBX 9 9 0 0
BITMAP
D000
AC00
0C00
1600
1600
2700
3F00
4300
6380
ENDCHAR
STARTCHAR $1F0E
ENCODING 7950
SWIDTH 810 0
DWIDTH 9 0
BBX 9 11 0 0
BITMAP
D000
B000
6000
3800
1C00
2C00
2C00
4600
7E00
4700
C780
ENDCHAR
STARTCHAR $1F0F
ENCODING 7951
SWIDTH 810 0
DWIDTH 9 0
BBX 9 11 0 0
BITMAP
D000
B000
6000
5800
1C00
2C00
2C00
4600
7E00
4700
C780
ENDCHAR
STARTCHAR $1F10
ENCODING 7952
SWIDTH 630 0
DWIDTH 7 0
BBX 5 9 1 0
BITMAP
60
20
00
F8
C0
60
C0
C0
F8
ENDCHAR
STARTCHAR $1F11
ENCODING 7953
SWIDTH 630 0
DWIDTH 7 0
BBX 5 9 1 0
BITMAP
20
20
00
F8
C0
60
C0
C0
F8
ENDCHAR
STARTCHAR $1F12
ENCODING 7954
SWIDTH 630 0
DWIDTH 7 0
BBX 5 9 1 0
BITMAP
F0
50
00
F8
C0
60
C0
C0
F8
ENDCHAR
STARTCHAR $1F13
ENCODING 7955
SWIDTH 630 0
DWIDTH 7 0
BBX 5 9 1 0
BITMAP
F0
90
00
F8
C0
60
C0
C0
F8
ENDCHAR
STARTCHAR $1F14
ENCODING 7956
SWIDTH 630 0
DWIDTH 7 0
BBX 5 9 1 0
BITMAP
50
60
00
F8
C0
60
C0
C0
F8
ENDCHAR
STARTCHAR $1F15
ENCODING 7957
SWIDTH 630 0
DWIDTH 7 0
BBX 5 9 1 0
BITMAP
58
B0
00
F8
C0
60
C0
C0
F8
ENDCHAR
STARTCHAR $1F18
ENCODING 7960
SWIDTH 900 0
DWIDTH 10 0
BBX 10 9 0 0
BITMAP
C000
7F80
1880
1800
1F00
1800
1800
1840
3FC0
ENDCHAR
STARTCHAR $1F19
ENCODING 7961
SWIDTH 900 0
DWIDTH 10 0
BBX 9 9 0 0
BITMAP
C000
BF80
1880
1800
1F00
1800
1800
1880
3F80
ENDCHAR
STARTCHAR $1F1A
ENCODING 7962
SWIDTH 1170 0
DWIDTH 13 0
BBX 12 9 0 0
BITMAP
F000
57F0
0310
0300
03E0
0300
0300
0310
07F0
ENDCHAR
STARTCHAR $1F1B
ENCODING 7963
SWIDTH 1170 0
DWIDTH 13 0
BBX 12 9 0 0
BITMAP
F000
97F0
0310
0300
03E0
0300
0300
0310
07F0
ENDCHAR
STARTCHAR $1F1C
ENCODING 7964
SWIDTH 1080 0
DWIDTH 12 0
BBX 11 9 0 0
BITMAP
F000
6FE0
0620
0600
07C0
0600
0600
0620
0FE0
ENDCHAR
STARTCHAR $1F1D
ENCODING 7965
SWIDTH 1080 0
DWIDTH 12 0
BBX 12 9 0 0
BITMAP
D000
AFF0
0710
0700
07C0
0700
0700
0710
0FF0
ENDCHAR
STARTCHAR $1F20
ENCODING 7968
SWIDTH 720 0
DWIDTH 8 0
BBX 7 11 0 -2
BITMAP
18
08
00
EC
76
66
66
66
66
06
06
ENDCHAR
STARTCHAR $1F21
ENCODING 7969
SWIDTH 720 0
DWIDTH 8 0
BBX 7 11 0 -2
BITMAP
18
10
00
EC
76
66
66
66
66
06
06
ENDCHAR
STARTCHAR $1F22
ENCODING 7970
SWIDTH 720 0
DWIDTH 8 0
BBX 7 11 0 -2
BITMAP
28
24
00
EC
76
66
66
66
66
06
06
ENDCHAR
STARTCHAR $1F23
ENCODING 7971
SWIDTH 720 0
DWIDTH 8 0
BBX 7 11 0 -2
BITMAP
28
24
00
EC
76
66
66
66
66
06
06
ENDCHAR
STARTCHAR $1F24
ENCODING 7972
SWIDTH 720 0
DWIDTH 8 0
BBX 7 11 0 -2
BITMAP
34
18
00
EC
76
66
66
66
66
06
06
ENDCHAR
STARTCHAR $1F25
ENCODING 7973
SWIDTH 720 0
DWIDTH 8 0
BBX 7 11 0 -2
BITMAP
34
28
00
EC
76
66
66
66
66
06
06
ENDCHAR
STARTCHAR $1F26
ENCODING 7974
SWIDTH 720 0
DWIDTH 8 0
BBX 7 13 0 -2
BITMAP
34
2C
18
08
00
EC
76
66
66
66
66
06
06
ENDCHAR
STARTCHAR $1F27
ENCODING 7975
SWIDTH 720 0
DWIDTH 8 0
BBX 7 13 0 -2
BITMAP
34
2C
18
10
00
EC
76
66
66
66
66
06
06
ENDCHAR
STARTCHAR $1F28
ENCODING 7976
SWIDTH 1080 0
DWIDTH 12 0
BBX 12 9 0 0
BITMAP
C000
7DF0
18E0
18E0
1FE0
18E0
18E0
18E0
3DF0
ENDCHAR
STARTCHAR $1F29
ENCODING 7977
SWIDTH 1080 0
DWIDTH 12 0
BBX 12 9 0 0
BITMAP
C000
BDF0
18E0
18E0
1FE0
18E0
18E0
18E0
3DF0
ENDCHAR
STARTCHAR $1F2A
ENCODING 7978
SWIDTH 1350 0
DWIDTH 15 0
BBX 14 9 0 0
BITMAP
F000
57BC
0318
0318
03F8
0318
0318
0318
07BC
ENDCHAR
STARTCHAR $1F2B
ENCODING 7979
SWIDTH 1350 0
DWIDTH 15 0
BBX 14 9 0 0
BITMAP
F000
97BC
0318
0318
03F8
0318
0318
0318
07BC
ENDCHAR
STARTCHAR $1F2C
ENCODING 7980
SWIDTH 1260 0
DWIDTH 14 0
BBX 14 9 0 0
BITMAP
F000
6F7C
0638
0638
07F8
0638
0638
0638
0F7C
ENDCHAR
STARTCHAR $1F2D
ENCODING 7981
SWIDTH 1260 0
DWIDTH 14 0
BBX 14 9 0 0
BITMAP
D000
A7BC
0318
0318
03F8
0318
0318
0318
07BC
ENDCHAR
STARTCHAR $1F2E
ENCODING 7982
SWIDTH 1170 0
DWIDTH 13 0
BBX 13 11 0 0
BITMAP
D000
B000
6000
3E78
0C30
0C30
0FF0
0C30
0C30
0C30
1E78
ENDCHAR
STARTCHAR $1F2F
ENCODING 7983
SWIDTH 1170 0
DWIDTH 13 0
BBX 13 11 0 0
BITMAP
D000
B000
6000
5E78
0C30
0C30
0FF0
0C30
0C30
0C30
1E78
ENDCHAR
STARTCHAR $1F30
ENCODING 7984
SWIDTH 450 0
DWIDTH 5 0
BBX 5 9 0 0
BITMAP
60
20
00
E0
60
60
60
60
38
ENDCHAR
STARTCHAR $1F31
ENCODING 7985
SWIDTH 450 0
DWIDTH 5 0
BBX 5 9 0 0
BITMAP
60
40
00
E0
60
60
60
60
38
ENDCHAR
STARTCHAR $1F32
ENCODING 7986
SWIDTH 450 0
DWIDTH 5 0
BBX 5 9 0 0
BITMAP
B0
90
00
E0
60
60
60
60
38
ENDCHAR
STARTCHAR $1F33
ENCODING 7987
SWIDTH 450 0
DWIDTH 5 0
BBX 5 9 0 0
BITMAP
F0
90
00
E0
60
60
60
60
38
ENDCHAR
STARTCHAR $1F34
ENCODING 7988
SWIDTH 450 0
DWIDTH 5 0
BBX 5 9 0 0
BITMAP
D0
60
00
E0
60
60
60
60
38
ENDCHAR
STARTCHAR $1F35
ENCODING 7989
SWIDTH 450 0
DWIDTH 5 0
BBX 5 9 0 0
BITMAP
D0
A0
00
E0
60
60
60
60
38
ENDCHAR
STARTCHAR $1F36
ENCODING 7990
SWIDTH 450 0
DWIDTH 5 0
BBX 5 11 0 0
BITMAP
40
B0
60
20
00
E0
60
60
60
60
38
ENDCHAR
STARTCHAR $1F37
ENCODING 7991
SWIDTH 450 0
DWIDTH 5 0
BBX 5 11 0 0
BITMAP
50
B0
60
40
00
E0
60
60
60
60
38
ENDCHAR
STARTCHAR $1F38
ENCODING 7992
SWIDTH 630 0
DWIDTH 7 0
BBX 6 9 0 0
BITMAP
C0
7C
18
18
18
18
18
18
3C
ENDCHAR
STARTCHAR $1F39
ENCODING 7993
SWIDTH 630 0
DWIDTH 7 0
BBX 6 9 0 0
BITMAP
C0
BC
18
18
18
18
18
18
3C
ENDCHAR
STARTCHAR $1F3A
ENCODING 7994
SWIDTH 900 0
DWIDTH 10 0
BBX 9 9 0 0
BITMAP
F000
5780
0300
0300
0300
0300
0300
0300
0780
ENDCHAR
STARTCHAR $1F3B
ENCODING 7995
SWIDTH 900 0
DWIDTH 10 0
BBX 9 9 0 0
BITMAP
F000
9780
0300
0300
0300
0300
0300
0300
0780
ENDCHAR
STARTCHAR $1F3C
ENCODING 7996
SWIDTH 810 0
DWIDTH 9 0
BBX 8 9 0 0
BITMAP
F0
6F
06
06
06
06
06
06
0F
ENDCHAR
STARTCHAR $1F3D
ENCODING 7997
SWIDTH 810 0
DWIDTH 9 0
BBX 9 9 0 0
BITMAP
D000
A780
0300
0300
0300
0300
0300
0300
0780
ENDCHAR
STARTCHAR $1F3E
ENCODING 7998
SWIDTH 720 0
DWIDTH 8 0
BBX 7 11 0 0
BITMAP
D0
B0
60
3E
0C
0C
0C
0C
0C
0C
1E
ENDCHAR
STARTCHAR $1F3F
ENCODING 7999
SWIDTH 720 0
DWIDTH 8 0
BBX 7 11 0 0
BITMAP
D0
B0
60
5E
0C
0C
0C
0C
0C
0C
1E
ENDCHAR
STARTCHAR $1F40
ENCODING 8000
SWIDTH 630 0
DWIDTH 7 0
BBX 7 9 0 0
BITMAP
10
10
00
3C
66
E6
E6
66
3C
ENDCHAR
STARTCHAR $1F41
ENCODING 8001
SWIDTH 630 0
DWIDTH 7 0
BBX 7 9 0 0
BITMAP
18
10
00
3C
66
E6
E6
66
3C
ENDCHAR
STARTCHAR $1F42
ENCODING 8002
SWIDTH 630 0
DWIDTH 7 0
BBX 7 9 0 0
BITMAP
68
24
00
3C
66
E6
E6
66
3C
ENDCHAR
STARTCHAR $1F43
ENCODING 8003
SWIDTH 630 0
DWIDTH 7 0
BBX 7 9 0 0
BITMAP
68
44
00
3C
66
E6
E6
66
3C
ENDCHAR
STARTCHAR $1F44
ENCODING 8004
SWIDTH 630 0
DWIDTH 7 0
BBX 7 9 0 0
BITMAP
3C
18
00
3C
66
E6
E6
66
3C
ENDCHAR
STARTCHAR $1F45
ENCODING 8005
SWIDTH 630 0
DWIDTH 7 0
BBX 7 9 0 0
BITMAP
2C
28
00
3C
66
E6
E6
66
3C
ENDCHAR
STARTCHAR $1F48
ENCODING 8008
SWIDTH 900 0
DWIDTH 10 0
BBX 9 9 0 0
BITMAP
C000
5E00
3380
6180
6180
6180
6180
3380
1E00
ENDCHAR
STARTCHAR $1F49
ENCODING 8009
SWIDTH 900 0
DWIDTH 10 0
BBX 10 9 0 0
BITMAP
C000
9F00
3180
71C0
60C0
60C0
71C0
3180
1F00
ENDCHAR
STARTCHAR $1F4A
ENCODING 8010
SWIDTH 1260 0
DWIDTH 14 0
BBX 13 9 0 0
BITMAP
F000
53E0
0730
0618
0618
0618
0618
0730
03E0
ENDCHAR
STARTCHAR $1F4B
ENCODING 8011
SWIDTH 1260 0
DWIDTH 14 0
BBX 13 9 0 0
BITMAP
F000
93E0
0630
0618
0618
0618
0618
0630
03E0
ENDCHAR
STARTCHAR $1F4C
ENCODING 8012
SWIDTH 990 0
DWIDTH 11 0
BBX 11 9 0 0
BITMAP
F000
6F80
18C0
38E0
3860
3860
38E0
18C0
0F80
ENDCHAR
STARTCHAR $1F4D
ENCODING 8013
SWIDTH 1080 0
DWIDTH 12 0
BBX 11 9 0 0
BITMAP
D000
A780
1CE0
1860
1860
1860
1860
1CE0
0780
ENDCHAR
STARTCHAR $1F50
ENCODING 8016
SWIDTH 720 0
DWIDTH 8 0
BBX 7 9 0 0
BITMAP
18
10
00
EC
66
66
66
66
3C
ENDCHAR
STARTCHAR $1F51
ENCODING 8017
SWIDTH 720 0
DWIDTH 8 0
BBX 7 9 0 0
BITMAP
18
10
00
EC
66
66
66
66
3C
ENDCHAR
STARTCHAR $1F52
ENCODING 8018
SWIDTH 720 0
DWIDTH 8 0
BBX 7 9 0 0
BITMAP
68
24
00
EC
66
66
66
66
3C
ENDCHAR
STARTCHAR $1F53
ENCODING 8019
SWIDTH 720 0
DWIDTH 8 0
BBX 7 9 0 0
BITMAP
68
44
00
EC
66
66
66
66
3C
ENDCHAR
STARTCHAR $1F54
ENCODING 8020
SWIDTH 720 0
DWIDTH 8 0
BBX 7 9 0 0
BITMAP
3C
18
00
EC
66
66
66
66
3C
ENDCHAR
STARTCHAR $1F55
ENCODING 8021
SWIDTH 720 0
DWIDTH 8 0
BBX 7 9 0 0
BITMAP
24
28
00
EC
66
66
66
66
3C
ENDCHAR
STARTCHAR $1F56
ENCODING 8022
SWIDTH 720 0
DWIDTH 8 0
BBX 7 11 0 0
BITMAP
34
28
18
10
00
EC
66
66
66
66
3C
ENDCHAR
STARTCHAR $1F57
ENCODING 8023
SWIDTH 720 0
DWIDTH 8 0
BBX 7 11 0 0
BITMAP
34
28
18
10
00
EC
66
66
66
66
3C
ENDCHAR
STARTCHAR $1F59
ENCODING 8025
SWIDTH 900 0
DWIDTH 10 0
BBX 10 9 0 0
BITMAP
C000
BCC0
1880
0C80
0700
0600
0600
0600
0F00
ENDCHAR
STARTCHAR $1F5B
ENCODING 8027
SWIDTH 1170 0
DWIDTH 13 0
BBX 13 9 0 0
BITMAP
F000
9798
0310
01A0
01E0
00C0
00C0
00C0
01E0
ENDCHAR
STARTCHAR $1F5D
ENCODING 8029
SWIDTH 1080 0
DWIDTH 12 0
BBX 13 9 0 0
BITMAP
D000
A738
0310
0320
01C0
00C0
00C0
00C0
03E0
ENDCHAR
STARTCHAR $1F5F
ENCODING 8031
SWIDTH 990 0
DWIDTH 11 0
BBX 11 11 0 0
BITMAP
D000
B000
6000
5E60
0E40
0640
0380
0300
0300
0300
0780
ENDCHAR
STARTCHAR $1F60
ENCODING 8032
SWIDTH 900 0
DWIDTH 10 0
BBX 10 9 0 0
BITMAP
0C00
0400
0000
2100
60C0
ECC0
ECC0
6CC0
3F80
ENDCHAR
STARTCHAR $1F61
ENCODING 8033
SWIDTH 900 0
DWIDTH 10 0
BBX 10 9 0 0
BITMAP
0C00
0800
0000
2100
60C0
ECC0
ECC0
6CC0
3F80
ENDCHAR
STARTCHAR $1F62
ENCODING 8034
SWIDTH 900 0
DWIDTH 10 0
BBX 10 9 0 0
BITMAP
1E00
1200
0000
2100
60C0
ECC0
ECC0
6CC0
3F80
ENDCHAR
STARTCHAR $1F63
ENCODING 8035
SWIDTH 900 0
DWIDTH 10 0
BBX 10 9 0 0
BITMAP
1E00
1200
0000
2100
60C0
ECC0
ECC0
6CC0
3F80
ENDCHAR
STARTCHAR $1F64
ENCODING 8036
SWIDTH 900 0
DWIDTH 10 0
BBX 10 9 0 0
BITMAP
1A00
0C00
0000
2100
60C0
ECC0
ECC0
6CC0
3F80
ENDCHAR
STARTCHAR $1F65
ENCODING 8037
SWIDTH 900 0
DWIDTH 10 0
BBX 10 9 0 0
BITMAP
1A00
1400
0000
2100
60C0
ECC0
ECC0
6CC0
3F80
ENDCHAR
STARTCHAR $1F66
ENCODING 8038
SWIDTH 900 0
DWIDTH 10 0
BBX 10 11 0 0
BITMAP
0800
1600
0C00
0400
0000
2100
60C0
ECC0
ECC0
6CC0
3F80
ENDCHAR
STARTCHAR $1F67
ENCODING 8039
SWIDTH 900 0
DWIDTH 10 0
BBX 10 11 0 0
BITMAP
0800
1600
0C00
0800
0000
2100
60C0
ECC0
ECC0
6CC0
3F80
ENDCHAR
STARTCHAR $1F68
ENCODING 8040
SWIDTH 900 0
DWIDTH 10 0
BBX 10 9 0 0
BITMAP
C000
5F00
3180
61C0
61C0
61C0
6180
1100
7BC0
ENDCHAR
STARTCHAR $1F69
ENCODING 8041
SWIDTH 990 0
DWIDTH 11 0
BBX 10 9 0 0
BITMAP
C000
9F00
3180
70C0
70C0
70C0
30C0
1180
7BC0
ENDCHAR
STARTCHAR $1F6A
ENCODING 8042
SWIDTH 1260 0
DWIDTH 14 0
BBX 13 9 0 0
BITMAP
F000
51E0
0738
0618
0618
0618
0618
0330
07F8
ENDCHAR
STARTCHAR $1F6B
ENCODING 8043
SWIDTH 1260 0
DWIDTH 14 0
BBX 14 9 0 0
BITMAP
F000
91F0
0738
0618
061C
0618
0618
0330
07B8
ENDCHAR
STARTCHAR $1F6C
ENCODING 8044
SWIDTH 1080 0
DWIDTH 12 0
BBX 11 9 0 0
BITMAP
F000
6F80
18C0
3860
3860
3860
1860
08C0
3DE0
ENDCHAR
STARTCHAR $1F6D
ENCODING 8045
SWIDTH 1080 0
DWIDTH 12 0
BBX 11 9 0 0
BITMAP
D000
A780
1CE0
1860
1860
1860
1860
0CC0
1FE0
ENDCHAR
STARTCHAR $1F6E
ENCODING 8046
SWIDTH 990 0
DWIDTH 11 0
BBX 11 11 0 0
BITMAP
D000
B000
6000
2F80
18C0
30E0
30E0
30E0
30C0
0880
3DE0
ENDCHAR
STARTCHAR $1F6F
ENCODING 8047
SWIDTH 1080 0
DWIDTH 12 0
BBX 11 11 0 0
BITMAP
D000
B000
6000
4F80
18C0
1860
3860
3860
1860
08C0
3DE0
ENDCHAR
STARTCHAR $1F70
ENCODING 8048
SWIDTH 720 0
DWIDTH 8 0
BBX 8 9 0 0
BITMAP
30
10
00
39
6E
E4
E6
66
7F
ENDCHAR
STARTCHAR $1F71
ENCODING 8049
SWIDTH 720 0
DWIDTH 8 0
BBX 8 9 0 0
BITMAP
08
10
00
39
6E
E4
E6
66
7F
ENDCHAR
STARTCHAR $1F72
ENCODING 8050
SWIDTH 630 0
DWIDTH 7 0
BBX 5 9 1 0
BITMAP
40
20
00
F8
C0
60
C0
C0
F8
ENDCHAR
STARTCHAR $1F73
ENCODING 8051
SWIDTH 630 0
DWIDTH 7 0
BBX 5 9 1 0
BITMAP
10
20
00
F8
C0
60
C0
C0
F8
ENDCHAR
STARTCHAR $1F74
ENCODING 8052
SWIDTH 720 0
DWIDTH 8 0
BBX 7 11 0 -2
BITMAP
30
10
00
EC
76
66
66
66
66
06
06
ENDCHAR
STARTCHAR $1F75
ENCODING 8053
SWIDTH 720 0
DWIDTH 8 0
BBX 7 11 0 -2
BITMAP
0C
08
00
EC
76
66
66
66
66
06
06
ENDCHAR
STARTCHAR $1F76
ENCODING 8054
SWIDTH 450 0
DWIDTH 5 0
BBX 5 9 0 0
BITMAP
40
20
00
E0
60
60
60
60
38
ENDCHAR
STARTCHAR $1F77
ENCODING 8055
SWIDTH 450 0
DWIDTH 5 0
BBX 5 9 0 0
BITMAP
30
20
00
E0
60
60
60
60
38
ENDCHAR
STARTCHAR $1F78
ENCODING 8056
SWIDTH 630 0
DWIDTH 7 0
BBX 7 9 0 0
BITMAP
30
10
00
3C
66
E6
E6
66
3C
ENDCHAR
STARTCHAR $1F79
ENCODING 8057
SWIDTH 630 0
DWIDTH 7 0
BBX 7 9 0 0
BITMAP
18
10
00
3C
66
E6
E6
66
3C
ENDCHAR
STARTCHAR $1F7A
ENCODING 8058
SWIDTH 720 0
DWIDTH 8 0
BBX 7 9 0 0
BITMAP
30
10
00
EC
66
66
66
66
3C
ENDCHAR
STARTCHAR $1F7B
ENCODING 8059
SWIDTH 720 0
DWIDTH 8 0
BBX 7 9 0 0
BITMAP
08
10
00
EC
66
66
66
66
3C
ENDCHAR
STARTCHAR $1F7C
ENCODING 8060
SWIDTH 900 0
DWIDTH 10 0
BBX 10 9 0 0
BITMAP
1800
0800
0000
2100
60C0
ECC0
ECC0
6CC0
3F80
ENDCHAR
STARTCHAR $1F7D
ENCODING 8061
SWIDTH 900 0
DWIDTH 10 0
BBX 10 9 0 0
BITMAP
0600
0400
0000
2100
60C0
ECC0
ECC0
6CC0
3F80
ENDCHAR
STARTCHAR $1F80
ENCODING 8064
SWIDTH 720 0
DWIDTH 8 0
BBX 8 11 0 -3
BITMAP
18
08
00
39
6E
E4
E6
66
7F
00
10
ENDCHAR
STARTCHAR $1F81
ENCODING 8065
SWIDTH 720 0
DWIDTH 8 0
BBX 8 11 0 -3
BITMAP
18
10
00
39
6E
E4
E6
66
7F
00
10
ENDCHAR
STARTCHAR $1F82
ENCODING 8066
SWIDTH 720 0
DWIDTH 8 0
BBX 8 11 0 -3
BITMAP
28
24
00
39
6E
E4
E6
66
7F
00
10
ENDCHAR
STARTCHAR $1F83
ENCODING 8067
SWIDTH 720 0
DWIDTH 8 0
BBX 8 11 0 -3
BITMAP
28
24
00
39
6E
E4
E6
66
7F
00
10
ENDCHAR
STARTCHAR $1F84
ENCODING 8068
SWIDTH 720 0
DWIDTH 8 0
BBX 8 11 0 -3
BITMAP
34
18
00
39
6E
E4
E6
66
7F
00
10
ENDCHAR
STARTCHAR $1F85
ENCODING 8069
SWIDTH 720 0
DWIDTH 8 0
BBX 8 11 0 -3
BITMAP
34
28
00
39
6E
E4
E6
66
7F
00
10
ENDCHAR
STARTCHAR $1F86
ENCODING 8070
SWIDTH 720 0
DWIDTH 8 0
BBX 8 13 0 -3
BITMAP
34
2C
18
08
00
39
6E
E4
E6
66
7F
00
10
ENDCHAR
STARTCHAR $1F87
ENCODING 8071
SWIDTH 720 0
DWIDTH 8 0
BBX 8 13 0 -3
BITMAP
34
28
18
10
00
39
6E
E4
E6
66
7F
00
10
ENDCHAR
STARTCHAR $1F88
ENCODING 8072
SWIDTH 810 0
DWIDTH 9 0
BBX 9 11 0 -3
BITMAP
6000
3800
1C00
2C00
2C00
4600
7E00
4700
C780
0000
1000
ENDCHAR
STARTCHAR $1F89
ENCODING 8073
SWIDTH 810 0
DWIDTH 9 0
BBX 9 11 0 -3
BITMAP
6000
5800
1C00
2C00
2C00
4600
7E00
4700
C780
0000
1000
ENDCHAR
STARTCHAR $1F8A
ENCODING 8074
SWIDTH 990 0
DWIDTH 11 0
BBX 11 11 0 -3
BITMAP
F000
5200
0700
0700
0B80
0980
1F80
10C0
39E0
0000
0400
ENDCHAR
STARTCHAR $1F8B
ENCODING 8075
SWIDTH 990 0
DWIDTH 11 0
BBX 11 11 0 -3
BITMAP
F000
9200
0700
0700
0B80
0980
1F80
10C0
39E0
0000
0400
ENDCHAR
STARTCHAR $1F8C
ENCODING 8076
SWIDTH 810 0
DWIDTH 9 0
BBX 9 11 0 -3
BITMAP
F000
6C00
0C00
1E00
1600
2600
3F00
4300
6380
0000
0800
ENDCHAR
STARTCHAR $1F8D
ENCODING 8077
SWIDTH 810 0
DWIDTH 9 0
BBX 9 11 0 -3
BITMAP
D000
AC00
0C00
1600
1600
2700
3F00
4300
6380
0000
0800
ENDCHAR
STARTCHAR $1F8E
ENCODING 8078
SWIDTH 810 0
DWIDTH 9 0
BBX 9 13 0 -3
BITMAP
D000
B000
6000
3800
1C00
2C00
2C00
4600
7E00
4700
C780
0000
1000
ENDCHAR
STARTCHAR $1F8F
ENCODING 8079
SWIDTH 810 0
DWIDTH 9 0
BBX 9 13 0 -3
BITMAP
D000
B000
6000
5800
1C00
2C00
2C00
4600
7E00
4700
C780
0000
1000
ENDCHAR
STARTCHAR $1F90
ENCODING 8080
SWIDTH 720 0
DWIDTH 8 0
BBX 7 11 0 -3
BITMAP
18
08
00
EC
76
66
66
66
66
06
26
ENDCHAR
STARTCHAR $1F91
ENCODING 8081
SWIDTH 720 0
DWIDTH 8 0
BBX 7 11 0 -3
BITMAP
18
10
00
EC
76
66
66
66
66
06
26
ENDCHAR
STARTCHAR $1F92
ENCODING 8082
SWIDTH 720 0
DWIDTH 8 0
BBX 7 11 0 -3
BITMAP
28
24
00
EC
76
66
66
66
66
06
26
ENDCHAR
STARTCHAR $1F93
ENCODING 8083
SWIDTH 720 0
DWIDTH 8 0
BBX 7 11 0 -3
BITMAP
28
24
00
EC
76
66
66
66
66
06
26
ENDCHAR
STARTCHAR $1F94
ENCODING 8084
SWIDTH 720 0
DWIDTH 8 0
BBX 7 11 0 -3
BITMAP
34
18
00
EC
76
66
66
66
66
06
26
ENDCHAR
STARTCHAR $1F95
ENCODING 8085
SWIDTH 720 0
DWIDTH 8 0
BBX 7 11 0 -3
BITMAP
34
28
00
EC
76
66
66
66
66
06
26
ENDCHAR
STARTCHAR $1F96
ENCODING 8086
SWIDTH 720 0
DWIDTH 8 0
BBX 7 13 0 -3
BITMAP
34
2C
18
08
00
EC
76
66
66
66
66
06
26
ENDCHAR
STARTCHAR $1F97
ENCODING 8087
SWIDTH 720 0
DWIDTH 8 0
BBX 7 13 0 -3
BITMAP
34
2C
18
10
00
EC
76
66
66
66
66
06
26
ENDCHAR
STARTCHAR $1F98
ENCODING 8088
SWIDTH 1080 0
DWIDTH 12 0
BBX 12 11 0 -3
BITMAP
C000
7DF0
18E0
18E0
1FE0
18E0
18E0
18E0
3DF0
0000
0200
ENDCHAR
STARTCHAR $1F99
ENCODING 8089
SWIDTH 1080 0
DWIDTH 12 0
BBX 12 11 0 -3
BITMAP
C000
BDF0
18E0
18E0
1FE0
18E0
18E0
18E0
3DF0
0000
0200
ENDCHAR
STARTCHAR $1F9A
ENCODING 8090
SWIDTH 1350 0
DWIDTH 15 0
BBX 14 11 0 -3
BITMAP
F000
57BC
0318
0318
03F8
0318
0318
0318
07BC
0000
0040
ENDCHAR
STARTCHAR $1F9B
ENCODING 8091
SWIDTH 1350 0
DWIDTH 15 0
BBX 14 11 0 -3
BITMAP
F000
97BC
0318
0318
03F8
0318
0318
0318
07BC
0000
0040
ENDCHAR
STARTCHAR $1F9C
ENCODING 8092
SWIDTH 1260 0
DWIDTH 14 0
BBX 14 11 0 -3
BITMAP
F000
6F7C
0638
0638
07F8
0638
0638
0638
0F7C
0000
0080
ENDCHAR
STARTCHAR $1F9D
ENCODING 8093
SWIDTH 1260 0
DWIDTH 14 0
BBX 14 11 0 -3
BITMAP
D000
A7BC
0318
0318
03F8
0318
0318
0318
07BC
0000
0040
ENDCHAR
STARTCHAR $1F9E
ENCODING 8094
SWIDTH 1170 0
DWIDTH 13 0
BBX 13 13 0 -3
BITMAP
D000
B000
6000
3E78
0C30
0C30
0FF0
0C30
0C30
0C30
1E78
0000
0180
ENDCHAR
STARTCHAR $1F9F
ENCODING 8095
SWIDTH 1170 0
DWIDTH 13 0
BBX 13 14 0 -3
BITMAP
D000
B000
6000
5E78
0C30
0C30
0FF0
0C30
0C30
0C30
1E78
0000
0100
0080
ENDCHAR
STARTCHAR $1FA0
ENCODING 8096
SWIDTH 900 0
DWIDTH 10 0
BBX 10 11 0 -3
BITMAP
0C00
0400
0000
2100
60C0
ECC0
ECC0
6CC0
3F80
0000
0400
ENDCHAR
STARTCHAR $1FA1
ENCODING 8097
SWIDTH 900 0
DWIDTH 10 0
BBX 10 11 0 -3
BITMAP
0C00
0800
0000
2100
60C0
ECC0
ECC0
6CC0
3F80
0000
0400
ENDCHAR
STARTCHAR $1FA2
ENCODING 8098
SWIDTH 900 0
DWIDTH 10 0
BBX 10 11 0 -3
BITMAP
1E00
1200
0000
2100
60C0
ECC0
ECC0
6CC0
3F80
0000
0400
ENDCHAR
STARTCHAR $1FA3
ENCODING 8099
SWIDTH 900 0
DWIDTH 10 0
BBX 10 11 0 -3
BITMAP
1E00
1200
0000
2100
60C0
ECC0
ECC0
6CC0
3F80
0000
0400
ENDCHAR
STARTCHAR $1FA4
ENCODING 8100
SWIDTH 900 0
DWIDTH 10 0
BBX 10 11 0 -3
BITMAP
1A00
0C00
0000
2100
60C0
ECC0
ECC0
6CC0
3F80
0000
0400
ENDCHAR
STARTCHAR $1FA5
ENCODING 8101
SWIDTH 900 0
DWIDTH 10 0
BBX 10 11 0 -3
BITMAP
1A00
1400
0000
2100
60C0
ECC0
ECC0
6CC0
3F80
0000
0400
ENDCHAR
STARTCHAR $1FA6
ENCODING 8102
SWIDTH 900 0
DWIDTH 10 0
BBX 10 13 0 -3
BITMAP
0800
1600
0C00
0400
0000
2100
60C0
ECC0
ECC0
6CC0
3F80
0000
0400
ENDCHAR
STARTCHAR $1FA7
ENCODING 8103
SWIDTH 900 0
DWIDTH 10 0
BBX 10 13 0 -3
BITMAP
0800
1600
0C00
0800
0000
2100
60C0
ECC0
ECC0
6CC0
3F80
0000
0400
ENDCHAR
STARTCHAR $1FA8
ENCODING 8104
SWIDTH 900 0
DWIDTH 10 0
BBX 10 11 0 -3
BITMAP
C000
5F00
3180
61C0
61C0
61C0
6180
1100
7BC0
0000
0400
ENDCHAR
STARTCHAR $1FA9
ENCODING 8105
SWIDTH 990 0
DWIDTH 11 0
BBX 10 11 0 -3
BITMAP
C000
9F00
3180
70C0
70C0
70C0
30C0
1180
7BC0
0000
0400
ENDCHAR
STARTCHAR $1FAA
ENCODING 8106
SWIDTH 1260 0
DWIDTH 14 0
BBX 13 11 0 -3
BITMAP
F000
51E0
0738
0618
0618
0618
0618
0330
07F8
0000
0040
ENDCHAR
STARTCHAR $1FAB
ENCODING 8107
SWIDTH 1260 0
DWIDTH 14 0
BBX 14 11 0 -3
BITMAP
F000
91F0
0738
0618
061C
0618
0618
0330
07B8
0000
0040
ENDCHAR
STARTCHAR $1FAC
ENCODING 8108
SWIDTH 1080 0
DWIDTH 12 0
BBX 11 11 0 -3
BITMAP
F000
6F80
18C0
3860
3860
3860
1860
08C0
3DE0
0000
0200
ENDCHAR
STARTCHAR $1FAD
ENCODING 8109
SWIDTH 1080 0
DWIDTH 12 0
BBX 11 11 0 -3
BITMAP
D000
A780
1CE0
1860
1860
1860
1860
0CC0
1FE0
0000
0100
ENDCHAR
STARTCHAR $1FAE
ENCODING 8110
SWIDTH 990 0
DWIDTH 11 0
BBX 11 13 0 -3
BITMAP
D000
B000
6000
2F80
18C0
30E0
30E0
30E0
30C0
0880
3DE0
0000
0200
ENDCHAR
STARTCHAR $1FAF
ENCODING 8111
SWIDTH 1080 0
DWIDTH 12 0
BBX 11 13 0 -3
BITMAP
D000
B000
6000
4F80
18C0
1860
3860
3860
1860
08C0
3DE0
0000
0200
ENDCHAR
STARTCHAR $1FB0
ENCODING 8112
SWIDTH 720 0
DWIDTH 8 0
BBX 8 9 0 0
BITMAP
24
38
00
39
6E
E4
E6
66
7F
ENDCHAR
STARTCHAR $1FB1
ENCODING 8113
SWIDTH 720 0
DWIDTH 8 0
BBX 8 8 0 0
BITMAP
3C
00
39
6E
E4
E6
66
7F
ENDCHAR
STARTCHAR $1FB2
ENCODING 8114
SWIDTH 720 0
DWIDTH 8 0
BBX 8 11 0 -3
BITMAP
30
10
00
39
6E
E4
E6
66
7F
00
10
ENDCHAR
STARTCHAR $1FB3
ENCODING 8115
SWIDTH 720 0
DWIDTH 8 0
BBX 8 8 0 -3
BITMAP
39
6E
E4
E6
66
7F
00
10
ENDCHAR
STARTCHAR $1FB4
ENCODING 8116
SWIDTH 720 0
DWIDTH 8 0
BBX 8 11 0 -3
BITMAP
08
10
00
39
6E
E4
E6
66
7F
00
10
ENDCHAR
STARTCHAR $1FB6
ENCODING 8118
SWIDTH 720 0
DWIDTH 8 0
BBX 8 9 0 0
BITMAP
34
28
00
39
6E
E4
E6
66
7F
ENDCHAR
STARTCHAR $1FB7
ENCODING 8119
SWIDTH 720 0
DWIDTH 8 0
BBX 8 11 0 -3
BITMAP
34
28
00
39
6E
E4
E6
66
7F
00
10
ENDCHAR
STARTCHAR $1FB8
ENCODING 8120
SWIDTH 810 0
DWIDTH 9 0
BBX 9 11 0 0
BITMAP
2400
1C00
0000
1800
1C00
2C00
2C00
4600
7E00
4700
C780
ENDCHAR
STARTCHAR $1FB9
ENCODING 8121
SWIDTH 810 0
DWIDTH 9 0
BBX 9 10 0 0
BITMAP
1C00
0000
1800
1C00
2C00
2C00
4600
7E00
4700
C780
ENDCHAR
STARTCHAR $1FBA
ENCODING 8122
SWIDTH 810 0
DWIDTH 9 0
BBX 9 9 0 0
BITMAP
4000
2800
1C00
1C00
2600
2600
3F00
4300
E780
ENDCHAR
STARTCHAR $1FBB
ENCODING 8123
SWIDTH 810 0
DWIDTH 9 0
BBX 9 9 0 0
BITMAP
2000
5800
1C00
2C00
2C00
4600
7E00
4700
C780
ENDCHAR
STARTCHAR $1FBC
ENCODING 8124
SWIDTH 810 0
DWIDTH 9 0
BBX 9 10 0 -3
BITMAP
1800
1C00
2C00
2C00
4600
7E00
4700
C780
0000
1000
ENDCHAR
STARTCHAR $1FBD
ENCODING 8125
SWIDTH 540 0
DWIDTH 6 0
BBX 1 2 2 7
BITMAP
80
80
ENDCHAR
STARTCHAR $1FBE
ENCODING 8126
SWIDTH 540 0
DWIDTH 6 0
BBX 1 1 2 -3
BITMAP
80
ENDCHAR
STARTCHAR $1FBF
ENCODING 8127
SWIDTH 540 0
DWIDTH 6 0
BBX 1 2 2 7
BITMAP
80
80
ENDCHAR
STARTCHAR $1FC0
ENCODING 8128
SWIDTH 540 0
DWIDTH 6 0
BBX 4 2 1 7
BITMAP
D0
20
ENDCHAR
STARTCHAR $1FC1
ENCODING 8129
SWIDTH 540 0
DWIDTH 6 0
BBX 4 4 1 7
BITMAP
D0
20
B0
B0
ENDCHAR
STARTCHAR $1FC2
ENCODING 8130
SWIDTH 720 0
DWIDTH 8 0
BBX 7 11 0 -3
BITMAP
30
10
00
EC
76
66
66
66
66
06
26
ENDCHAR
STARTCHAR $1FC3
ENCODING 8131
SWIDTH 720 0
DWIDTH 8 0
BBX 7 8 0 -3
BITMAP
EC
76
66
66
66
66
06
26
ENDCHAR
STARTCHAR $1FC4
ENCODING 8132
SWIDTH 720 0
DWIDTH 8 0
BBX 7 11 0 -3
BITMAP
0C
08
00
EC
76
66
66
66
66
06
26
ENDCHAR
STARTCHAR $1FC6
ENCODING 8134
SWIDTH 720 0
DWIDTH 8 0
BBX 7 11 0 -2
BITMAP
34
2C
00
EC
76
66
66
66
66
06
06
ENDCHAR
STARTCHAR $1FC7
ENCODING 8135
SWIDTH 720 0
DWIDTH 8 0
BBX 7 11 0 -3
BITMAP
34
2C
00
EC
76
66
66
66
66
06
26
ENDCHAR
STARTCHAR $1FC8
ENCODING 8136
SWIDTH 990 0
DWIDTH 11 0
BBX 9 9 1 0
BITMAP
8000
7F80
1880
1800
1F00
1800
1800
1880
3F80
ENDCHAR
STARTCHAR $1FC9
ENCODING 8137
SWIDTH 900 0
DWIDTH 10 0
BBX 10 9 0 0
BITMAP
4000
9FC0
0C40
0C00
0F00
0C00
0C00
0C40
1FC0
ENDCHAR
STARTCHAR $1FCA
ENCODING 8138
SWIDTH 1170 0
DWIDTH 13 0
BBX 12 9 1 0
BITMAP
8000
7DF0
18E0
18E0
1FE0
18E0
18E0
18E0
3DF0
ENDCHAR
STARTCHAR $1FCB
ENCODING 8139
SWIDTH 1080 0
DWIDTH 12 0
BBX 12 9 0 0
BITMAP
4000
9EF0
0C60
0C60
0FE0
0C60
0C60
0C60
1EF0
ENDCHAR
STARTCHAR $1FCC
ENCODING 8140
SWIDTH 900 0
DWIDTH 10 0
BBX 9 10 1 -3
BITMAP
F780
6300
6300
7F00
6300
6300
6300
F780
0000
0800
ENDCHAR
STARTCHAR $1FCD
ENCODING 8141
SWIDTH 540 0
DWIDTH 6 0
BBX 5 2 0 7
BITMAP
D0
48
ENDCHAR
STARTCHAR $1FCE
ENCODING 8142
SWIDTH 540 0
DWIDTH 6 0
BBX 3 2 1 7
BITMAP
A0
C0
ENDCHAR
STARTCHAR $1FCF
ENCODING 8143
SWIDTH 540 0
DWIDTH 6 0
BBX 4 4 1 7
BITMAP
D0
20
40
40
ENDCHAR
STARTCHAR $1FD0
ENCODING 8144
SWIDTH 450 0
DWIDTH 5 0
BBX 5 9 0 0
BITMAP
90
70
00
E0
60
60
60
60
38
ENDCHAR
STARTCHAR $1FD1
ENCODING 8145
SWIDTH 450 0
DWIDTH 5 0
BBX 5 8 0 0
BITMAP
70
00
E0
60
60
60
60
38
ENDCHAR
STARTCHAR $1FD2
ENCODING 8146
SWIDTH 450 0
DWIDTH 5 0
BBX 5 11 0 0
BITMAP
40
20
D0
D0
00
E0
60
60
60
60
38
ENDCHAR
STARTCHAR $1FD3
ENCODING 8147
SWIDTH 450 0
DWIDTH 5 0
BBX 5 11 0 0
BITMAP
30
20
D0
D0
00
E0
60
60
60
60
38
ENDCHAR
STARTCHAR $1FD6
ENCODING 8150
SWIDTH 450 0
DWIDTH 5 0
BBX 5 9 0 0
BITMAP
D0
B0
00
E0
60
60
60
60
38
ENDCHAR
STARTCHAR $1FD7
ENCODING 8151
SWIDTH 450 0
DWIDTH 5 0
BBX 5 11 0 0
BITMAP
D0
B0
D0
D0
00
E0
60
60
60
60
38
ENDCHAR
STARTCHAR $1FD8
ENCODING 8152
SWIDTH 450 0
DWIDTH 5 0
BBX 4 10 1 0
BITMAP
A0
E0
F0
60
60
60
60
60
60
F0
ENDCHAR
STARTCHAR $1FD9
ENCODING 8153
SWIDTH 450 0
DWIDTH 5 0
BBX 4 10 1 0
BITMAP
E0
00
F0
60
60
60
60
60
60
F0
ENDCHAR
STARTCHAR $1FDA
ENCODING 8154
SWIDTH 720 0
DWIDTH 8 0
BBX 6 9 1 0
BITMAP
80
7C
18
18
18
18
18
18
3C
ENDCHAR
STARTCHAR $1FDB
ENCODING 8155
SWIDTH 630 0
DWIDTH 7 0
BBX 7 9 0 0
BITMAP
40
9E
0C
0C
0C
0C
0C
0C
1E
ENDCHAR
STARTCHAR $1FDD
ENCODING 8157
SWIDTH 540 0
DWIDTH 6 0
BBX 5 2 0 7
BITMAP
50
88
ENDCHAR
STARTCHAR $1FDE
ENCODING 8158
SWIDTH 540 0
DWIDTH 6 0
BBX 5 2 0 7
BITMAP
D8
B0
ENDCHAR
STARTCHAR $1FDF
ENCODING 8159
SWIDTH 540 0
DWIDTH 6 0
BBX 4 4 1 7
BITMAP
D0
20
60
40
ENDCHAR
STARTCHAR $1FE0
ENCODING 8160
SWIDTH 720 0
DWIDTH 8 0
BBX 7 9 0 0
BITMAP
24
38
00
EC
66
66
66
66
3C
ENDCHAR
STARTCHAR $1FE1
ENCODING 8161
SWIDTH 720 0
DWIDTH 8 0
BBX 7 8 0 0
BITMAP
38
00
EC
66
66
66
66
3C
ENDCHAR
STARTCHAR $1FE2
ENCODING 8162
SWIDTH 720 0
DWIDTH 8 0
BBX 7 11 0 0
BITMAP
20
10
2C
2C
00
EC
66
66
66
66
3C
ENDCHAR
STARTCHAR $1FE3
ENCODING 8163
SWIDTH 720 0
DWIDTH 8 0
BBX 7 11 0 0
BITMAP
08
10
2C
2C
00
EC
66
66
66
66
3C
ENDCHAR
STARTCHAR $1FE4
ENCODING 8164
SWIDTH 630 0
DWIDTH 7 0
BBX 6 11 1 -2
BITMAP
20
20
00
78
CC
CC
CC
CC
F8
C0
C0
ENDCHAR
STARTCHAR $1FE5
ENCODING 8165
SWIDTH 630 0
DWIDTH 7 0
BBX 6 11 1 -2
BITMAP
20
20
00
78
CC
CC
CC
CC
F8
C0
C0
ENDCHAR
STARTCHAR $1FE6
ENCODING 8166
SWIDTH 720 0
DWIDTH 8 0
BBX 7 9 0 0
BITMAP
34
2C
00
EC
66
66
66
66
3C
ENDCHAR
STARTCHAR $1FE7
ENCODING 8167
SWIDTH 720 0
DWIDTH 8 0
BBX 7 11 0 0
BITMAP
34
28
2C
2C
00
EC
66
66
66
66
3C
ENDCHAR
STARTCHAR $1FE8
ENCODING 8168
SWIDTH 720 0
DWIDTH 8 0
BBX 8 10 0 0
BITMAP
14
1C
F3
62
34
3C
18
18
18
3C
ENDCHAR
STARTCHAR $1FE9
ENCODING 8169
SWIDTH 720 0
DWIDTH 8 0
BBX 8 10 0 0
BITMAP
1C
00
F3
62
34
3C
18
18
18
3C
ENDCHAR
STARTCHAR $1FEA
ENCODING 8170
SWIDTH 990 0
DWIDTH 11 0
BBX 10 9 1 0
BITMAP
8000
7CC0
1C80
0C80
0700
0600
0600
0600
0F00
ENDCHAR
STARTCHAR $1FEB
ENCODING 8171
SWIDTH 900 0
DWIDTH 10 0
BBX 11 9 0 0
BITMAP
4000
9CE0
0C40
0C80
0700
0300
0300
0300
0F80
ENDCHAR
STARTCHAR $1FEC
ENCODING 8172
SWIDTH 900 0
DWIDTH 10 0
BBX 10 9 0 0
BITMAP
C000
BF80
19C0
19C0
19C0
1F80
1800
1800
3E00
ENDCHAR
STARTCHAR $1FED
ENCODING 8173
SWIDTH 540 0
DWIDTH 6 0
BBX 4 4 1 7
BITMAP
80
40
B0
B0
ENDCHAR
STARTCHAR $1FEE
ENCODING 8174
SWIDTH 540 0
DWIDTH 6 0
BBX 4 4 1 7
BITMAP
20
40
B0
B0
ENDCHAR
STARTCHAR $1FEF
ENCODING 8175
SWIDTH 540 0
DWIDTH 6 0
BBX 2 2 1 7
BITMAP
C0
40
ENDCHAR
STARTCHAR $1FF2
ENCODING 8178
SWIDTH 900 0
DWIDTH 10 0
BBX 10 11 0 -3
BITMAP
1800
0800
0000
2100
60C0
ECC0
ECC0
6CC0
3F80
0000
0400
ENDCHAR
STARTCHAR $1FF3
ENCODING 8179
SWIDTH 900 0
DWIDTH 10 0
BBX 10 8 0 -3
BITMAP
2100
60C0
ECC0
ECC0
6CC0
3F80
0000
0400
ENDCHAR
STARTCHAR $1FF4
ENCODING 8180
SWIDTH 900 0
DWIDTH 10 0
BBX 10 11 0 -3
BITMAP
0600
0400
0000
2100
60C0
ECC0
ECC0
6CC0
3F80
0000
0400
ENDCHAR
STARTCHAR $1FF6
ENCODING 8182
SWIDTH 900 0
DWIDTH 10 0
BBX 10 8 0 0
BITMAP
0800
1600
2100
60C0
ECC0
ECC0
6CC0
3F80
ENDCHAR
STARTCHAR $1FF7
ENCODING 8183
SWIDTH 900 0
DWIDTH 10 0
BBX 10 10 0 -3
BITMAP
0800
1600
2100
60C0
ECC0
ECC0
6CC0
3F80
0000
0400
ENDCHAR
STARTCHAR $1FF8
ENCODING 8184
SWIDTH 1080 0
DWIDTH 12 0
BBX 10 9 1 0
BITMAP
8000
4F00
39C0
30C0
30C0
30C0
30C0
39C0
0F00
ENDCHAR
STARTCHAR $1FF9
ENCODING 8185
SWIDTH 900 0
DWIDTH 10 0
BBX 9 9 0 0
BITMAP
4000
9E00
7380
6180
6180
6180
6180
7380
1E00
ENDCHAR
STARTCHAR $1FFA
ENCODING 8186
SWIDTH 1080 0
DWIDTH 12 0
BBX 11 9 1 0
BITMAP
8000
4F80
18C0
30C0
30E0
30E0
30C0
1880
3DE0
ENDCHAR
STARTCHAR $1FFB
ENCODING 8187
SWIDTH 900 0
DWIDTH 10 0
BBX 10 9 0 0
BITMAP
4000
9F00
7180
6180
61C0
6180
6180
3100
7BC0
ENDCHAR
STARTCHAR $1FFC
ENCODING 8188
SWIDTH 900 0
DWIDTH 10 0
BBX 8 10 1 -3
BITMAP
7C
E7
C3
C3
C3
C3
66
EF
00
10
ENDCHAR
STARTCHAR $1FFD
ENCODING 8189
SWIDTH 540 0
DWIDTH 6 0
BBX 2 2 2 7
BITMAP
40
80
ENDCHAR
STARTCHAR $1FFE
ENCODING 8190
SWIDTH 540 0
DWIDTH 6 0
BBX 2 2 2 7
BITMAP
C0
80
ENDCHAR
STARTCHAR $2010
ENCODING 8208
SWIDTH 450 0
DWIDTH 5 0
BBX 3 1 1 3
BITMAP
E0
ENDCHAR
STARTCHAR $2011
ENCODING 8209
SWIDTH 450 0
DWIDTH 5 0
BBX 3 1 1 3
BITMAP
E0
ENDCHAR
STARTCHAR $2012
ENCODING 8210
SWIDTH 720 0
DWIDTH 8 0
BBX 6 1 1 3
BITMAP
FC
ENDCHAR
STARTCHAR $2013
ENCODING 8211
SWIDTH 540 0
DWIDTH 6 0
BBX 4 1 1 3
BITMAP
F0
ENDCHAR
STARTCHAR $2014
ENCODING 8212
SWIDTH 990 0
DWIDTH 11 0
BBX 9 1 1 3
BITMAP
FF80
ENDCHAR
STARTCHAR $2015
ENCODING 8213
SWIDTH 990 0
DWIDTH 11 0
BBX 11 1 0 3
BITMAP
FFE0
ENDCHAR
STARTCHAR $2016
ENCODING 8214
SWIDTH 540 0
DWIDTH 6 0
BBX 3 11 1 -3
BITMAP
E0
E0
E0
E0
E0
E0
E0
E0
E0
E0
E0
ENDCHAR
STARTCHAR $2017
ENCODING 8215
SWIDTH 540 0
DWIDTH 6 0
BBX 6 2 0 -3
BITMAP
FC
FC
ENDCHAR
STARTCHAR $2018
ENCODING 8216
SWIDTH 360 0
DWIDTH 4 0
BBX 2 3 1 5
BITMAP
40
C0
80
ENDCHAR
STARTCHAR $2019
ENCODING 8217
SWIDTH 360 0
DWIDTH 4 0
BBX 2 3 1 5
BITMAP
40
C0
80
ENDCHAR
STARTCHAR $201A
ENCODING 8218
SWIDTH 360 0
DWIDTH 4 0
BBX 2 3 1 -1
BITMAP
C0
80
80
ENDCHAR
STARTCHAR $201B
ENCODING 8219
SWIDTH 360 0
DWIDTH 4 0
BBX 2 3 1 5
BITMAP
80
80
40
ENDCHAR
STARTCHAR $201C
ENCODING 8220
SWIDTH 540 0
DWIDTH 6 0
BBX 4 3 1 5
BITMAP
50
D0
B0
ENDCHAR
STARTCHAR $201D
ENCODING 8221
SWIDTH 540 0
DWIDTH 6 0
BBX 4 3 1 5
BITMAP
50
D0
A0
ENDCHAR
STARTCHAR $201E
ENCODING 8222
SWIDTH 540 0
DWIDTH 6 0
BBX 4 3 1 -1
BITMAP
D0
B0
A0
ENDCHAR
STARTCHAR $201F
ENCODING 8223
SWIDTH 540 0
DWIDTH 6 0
BBX 4 3 1 5
BITMAP
A0
B0
50
ENDCHAR
STARTCHAR $2020
ENCODING 8224
SWIDTH 540 0
DWIDTH 6 0
BBX 5 9 0 -1
BITMAP
20
20
F8
20
20
20
20
20
20
ENDCHAR
STARTCHAR $2021
ENCODING 8225
SWIDTH 540 0
DWIDTH 6 0
BBX 5 9 0 -1
BITMAP
20
20
F8
20
20
20
F8
20
20
ENDCHAR
STARTCHAR $2022
ENCODING 8226
SWIDTH 630 0
DWIDTH 7 0
BBX 3 4 2 2
BITMAP
E0
E0
E0
E0
ENDCHAR
STARTCHAR $2023
ENCODING 8227
SWIDTH 630 0
DWIDTH 7 0
BBX 3 4 2 2
BITMAP
80
E0
E0
80
ENDCHAR
STARTCHAR $2024
ENCODING 8228
SWIDTH 360 0
DWIDTH 4 0
BBX 2 2 1 0
BITMAP
C0
C0
ENDCHAR
STARTCHAR $2025
ENCODING 8229
SWIDTH 630 0
DWIDTH 7 0
BBX 5 2 1 0
BITMAP
C8
C8
ENDCHAR
STARTCHAR $2026
ENCODING 8230
SWIDTH 990 0
DWIDTH 11 0
BBX 9 2 1 0
BITMAP
C980
C980
ENDCHAR
STARTCHAR $2030
ENCODING 8240
SWIDTH 1350 0
DWIDTH 15 0
BBX 15 8 0 0
BITMAP
7100
D200
D200
7400
09DC
0A56
1256
21DC
ENDCHAR
STARTCHAR $2031
ENCODING 8241
SWIDTH 1800 0
DWIDTH 20 0
BBX 20 8 0 0
BITMAP
710000
D20000
D20000
540000
2BDEE0
0A52B0
1256B0
13DCE0
ENDCHAR
STARTCHAR $2032
ENCODING 8242
SWIDTH 270 0
DWIDTH 3 0
BBX 2 2 0 6
BITMAP
40
80
ENDCHAR
STARTCHAR $2033
ENCODING 8243
SWIDTH 450 0
DWIDTH 5 0
BBX 4 2 0 6
BITMAP
50
A0
ENDCHAR
STARTCHAR $2034
ENCODING 8244
SWIDTH 630 0
DWIDTH 7 0
BBX 6 2 0 6
BITMAP
54
A8
ENDCHAR
STARTCHAR $2035
ENCODING 8245
SWIDTH 270 0
DWIDTH 3 0
BBX 1 2 1 6
BITMAP
80
80
ENDCHAR
STARTCHAR $2036
ENCODING 8246
SWIDTH 450 0
DWIDTH 5 0
BBX 3 2 1 6
BITMAP
A0
A0
ENDCHAR
STARTCHAR $2037
ENCODING 8247
SWIDTH 630 0
DWIDTH 7 0
BBX 5 2 1 6
BITMAP
A8
A8
ENDCHAR
STARTCHAR $2038
ENCODING 8248
SWIDTH 720 0
DWIDTH 8 0
BBX 6 3 1 -3
BITMAP
30
78
84
ENDCHAR
STARTCHAR $2039
ENCODING 8249
SWIDTH 360 0
DWIDTH 4 0
BBX 2 5 1 1
BITMAP
40
40
80
40
40
ENDCHAR
STARTCHAR $203A
ENCODING 8250
SWIDTH 360 0
DWIDTH 4 0
BBX 3 5 1 1
BITMAP
80
40
60
40
80
ENDCHAR
STARTCHAR $203C
ENCODING 8252
SWIDTH 630 0
DWIDTH 7 0
BBX 5 8 1 0
BITMAP
D8
98
88
88
88
00
D8
D8
ENDCHAR
STARTCHAR $203D
ENCODING 8253
SWIDTH 540 0
DWIDTH 6 0
BBX 5 8 1 0
BITMAP
F0
78
78
78
60
40
60
60
ENDCHAR
STARTCHAR $203E
ENCODING 8254
SWIDTH 540 0
DWIDTH 6 0
BBX 6 1 0 7
BITMAP
FC
ENDCHAR
STARTCHAR $2042
ENCODING 8258
SWIDTH 990 0
DWIDTH 11 0
BBX 11 10 0 -1
BITMAP
0400
1500
0E00
0E00
3580
AEA0
79C0
79C0
AAA0
2080
ENDCHAR
STARTCHAR $2044
ENCODING 8260
SWIDTH 180 0
DWIDTH 2 0
BBX 6 8 -2 0
BITMAP
04
08
10
10
20
40
40
80
ENDCHAR
STARTCHAR $2045
ENCODING 8261
SWIDTH 450 0
DWIDTH 5 0
BBX 3 9 1 -1
BITMAP
E0
C0
C0
C0
E0
C0
C0
C0
E0
ENDCHAR
STARTCHAR $2046
ENCODING 8262
SWIDTH 450 0
DWIDTH 5 0
BBX 3 9 1 -1
BITMAP
E0
60
60
60
E0
60
60
60
E0
ENDCHAR
STARTCHAR $2047
ENCODING 8263
SWIDTH 1080 0
DWIDTH 12 0
BBX 12 8 0 0
BITMAP
FBE0
8E70
1C60
38E0
2080
0000
2080
2080
ENDCHAR
STARTCHAR $2048
ENCODING 8264
SWIDTH 810 0
DWIDTH 9 0
BBX 8 8 1 0
BITMAP
F3
9A
1A
72
42
00
63
63
ENDCHAR
STARTCHAR $2049
ENCODING 8265
SWIDTH 810 0
DWIDTH 9 0
BBX 8 8 1 0
BITMAP
FE
A3
87
8E
88
00
CC
CC
ENDCHAR
STARTCHAR $204B
ENCODING 8267
SWIDTH 630 0
DWIDTH 7 0
BBX 5 9 1 -1
BITMAP
F8
B8
B8
B8
A0
A0
A0
A0
A0
ENDCHAR
STARTCHAR $204C
ENCODING 8268
SWIDTH 540 0
DWIDTH 6 0
BBX 4 4 1 2
BITMAP
50
D0
D0
50
ENDCHAR
STARTCHAR $204D
ENCODING 8269
SWIDTH 540 0
DWIDTH 6 0
BBX 4 4 1 2
BITMAP
A0
B0
B0
A0
ENDCHAR
STARTCHAR $204E
ENCODING 8270
SWIDTH 540 0
DWIDTH 6 0
BBX 5 6 0 -1
BITMAP
20
A8
78
78
A8
20
ENDCHAR
STARTCHAR $204F
ENCODING 8271
SWIDTH 360 0
DWIDTH 4 0
BBX 3 7 0 -2
BITMAP
C0
40
00
C0
40
60
20
ENDCHAR
STARTCHAR $2051
ENCODING 8273
SWIDTH 540 0
DWIDTH 6 0
BBX 4 9 1 0
BITMAP
40
F0
60
D0
00
40
F0
E0
40
ENDCHAR
STARTCHAR $2052
ENCODING 8274
SWIDTH 540 0
DWIDTH 6 0
BBX 6 9 0 -1
BITMAP
08
D0
D0
10
30
20
2C
6C
40
ENDCHAR
STARTCHAR $2053
ENCODING 8275
SWIDTH 990 0
DWIDTH 11 0
BBX 9 2 1 2
BITMAP
FF80
0200
ENDCHAR
STARTCHAR $2057
ENCODING 8279
SWIDTH 810 0
DWIDTH 9 0
BBX 8 2 0 6
BITMAP
55
AB
ENDCHAR
STARTCHAR $2070
ENCODING 8304
SWIDTH 450 0
DWIDTH 5 0
BBX 4 4 0 4
BITMAP
70
D0
D0
70
ENDCHAR
STARTCHAR $2071
ENCODING 8305
SWIDTH 270 0
DWIDTH 3 0
BBX 2 4 0 4
BITMAP
40
C0
40
40
ENDCHAR
STARTCHAR $2074
ENCODING 8308
SWIDTH 450 0
DWIDTH 5 0
BBX 4 4 0 4
BITMAP
30
F0
F0
30
ENDCHAR
STARTCHAR $2075
ENCODING 8309
SWIDTH 450 0
DWIDTH 5 0
BBX 3 4 1 4
BITMAP
E0
C0
20
60
ENDCHAR
STARTCHAR $2076
ENCODING 8310
SWIDTH 450 0
DWIDTH 5 0
BBX 4 4 0 4
BITMAP
60
60
D0
70
ENDCHAR
STARTCHAR $2077
ENCODING 8311
SWIDTH 450 0
DWIDTH 5 0
BBX 3 4 1 4
BITMAP
E0
20
40
40
ENDCHAR
STARTCHAR $2078
ENCODING 8312
SWIDTH 450 0
DWIDTH 5 0
BBX 4 4 0 4
BITMAP
70
50
70
F0
ENDCHAR
STARTCHAR $2079
ENCODING 8313
SWIDTH 450 0
DWIDTH 5 0
BBX 4 4 0 4
BITMAP
70
D0
70
30
ENDCHAR
STARTCHAR $207A
ENCODING 8314
SWIDTH 540 0
DWIDTH 6 0
BBX 4 3 1 4
BITMAP
40
F0
40
ENDCHAR
STARTCHAR $207B
ENCODING 8315
SWIDTH 540 0
DWIDTH 6 0
BBX 4 1 1 5
BITMAP
F0
ENDCHAR
STARTCHAR $207C
ENCODING 8316
SWIDTH 540 0
DWIDTH 6 0
BBX 4 2 1 5
BITMAP
F0
F0
ENDCHAR
STARTCHAR $207D
ENCODING 8317
SWIDTH 270 0
DWIDTH 3 0
BBX 1 5 1 3
BITMAP
80
80
80
80
80
ENDCHAR
STARTCHAR $207E
ENCODING 8318
SWIDTH 270 0
DWIDTH 3 0
BBX 2 5 1 3
BITMAP
80
80
C0
80
80
ENDCHAR
STARTCHAR $207F
ENCODING 8319
SWIDTH 540 0
DWIDTH 6 0
BBX 4 3 1 4
BITMAP
F0
90
90
ENDCHAR
STARTCHAR $2080
ENCODING 8320
SWIDTH 450 0
DWIDTH 5 0
BBX 4 4 0 0
BITMAP
70
D0
D0
70
ENDCHAR
STARTCHAR $2081
ENCODING 8321
SWIDTH 450 0
DWIDTH 5 0
BBX 3 4 1 0
BITMAP
C0
40
40
E0
ENDCHAR
STARTCHAR $2082
ENCODING 8322
SWIDTH 450 0
DWIDTH 5 0
BBX 4 4 0 0
BITMAP
F0
10
70
F0
ENDCHAR
STARTCHAR $2083
ENCODING 8323
SWIDTH 450 0
DWIDTH 5 0
BBX 4 4 0 0
BITMAP
70
20
10
F0
ENDCHAR
STARTCHAR $2084
ENCODING 8324
SWIDTH 450 0
DWIDTH 5 0
BBX 4 4 0 0
BITMAP
30
F0
F0
30
ENDCHAR
STARTCHAR $2085
ENCODING 8325
SWIDTH 450 0
DWIDTH 5 0
BBX 3 4 1 0
BITMAP
E0
C0
20
60
ENDCHAR
STARTCHAR $2086
ENCODING 8326
SWIDTH 450 0
DWIDTH 5 0
BBX 4 4 0 0
BITMAP
60
60
D0
70
ENDCHAR
STARTCHAR $2087
ENCODING 8327
SWIDTH 450 0
DWIDTH 5 0
BBX 3 4 1 0
BITMAP
E0
20
40
40
ENDCHAR
STARTCHAR $2088
ENCODING 8328
SWIDTH 450 0
DWIDTH 5 0
BBX 4 4 0 0
BITMAP
70
50
70
F0
ENDCHAR
STARTCHAR $2089
ENCODING 8329
SWIDTH 450 0
DWIDTH 5 0
BBX 4 4 0 0
BITMAP
70
D0
70
30
ENDCHAR
STARTCHAR $208A
ENCODING 8330
SWIDTH 540 0
DWIDTH 6 0
BBX 4 3 1 0
BITMAP
40
F0
40
ENDCHAR
STARTCHAR $208B
ENCODING 8331
SWIDTH 540 0
DWIDTH 6 0
BBX 4 1 1 1
BITMAP
F0
ENDCHAR
STARTCHAR $208C
ENCODING 8332
SWIDTH 540 0
DWIDTH 6 0
BBX 4 2 1 1
BITMAP
F0
F0
ENDCHAR
STARTCHAR $208D
ENCODING 8333
SWIDTH 270 0
DWIDTH 3 0
BBX 1 5 1 -1
BITMAP
80
80
80
80
80
ENDCHAR
STARTCHAR $208E
ENCODING 8334
SWIDTH 270 0
DWIDTH 3 0
BBX 2 5 1 -1
BITMAP
80
80
C0
80
80
ENDCHAR
STARTCHAR $2090
ENCODING 8336
SWIDTH 450 0
DWIDTH 5 0
BBX 4 3 0 0
BITMAP
70
70
F0
ENDCHAR
STARTCHAR $2091
ENCODING 8337
SWIDTH 450 0
DWIDTH 5 0
BBX 4 3 0 0
BITMAP
70
D0
70
ENDCHAR
STARTCHAR $2092
ENCODING 8338
SWIDTH 450 0
DWIDTH 5 0
BBX 5 3 0 0
BITMAP
70
D8
70
ENDCHAR
STARTCHAR $2093
ENCODING 8339
SWIDTH 450 0
DWIDTH 5 0
BBX 4 3 1 0
BITMAP
F0
40
A0
ENDCHAR
STARTCHAR $2094
ENCODING 8340
SWIDTH 450 0
DWIDTH 5 0
BBX 3 3 1 0
BITMAP
E0
20
E0
ENDCHAR
STARTCHAR $2095
ENCODING 8341
SWIDTH 540 0
DWIDTH 6 0
BBX 4 4 1 0
BITMAP
80
F0
90
90
ENDCHAR
STARTCHAR $2096
ENCODING 8342
SWIDTH 540 0
DWIDTH 6 0
BBX 4 4 1 0
BITMAP
80
B0
C0
B0
ENDCHAR
STARTCHAR $2097
ENCODING 8343
SWIDTH 270 0
DWIDTH 3 0
BBX 1 4 1 0
BITMAP
80
80
80
80
ENDCHAR
STARTCHAR $2098
ENCODING 8344
SWIDTH 720 0
DWIDTH 8 0
BBX 7 3 0 0
BITMAP
F6
5A
5A
ENDCHAR
STARTCHAR $2099
ENCODING 8345
SWIDTH 540 0
DWIDTH 6 0
BBX 4 3 1 0
BITMAP
F0
90
90
ENDCHAR
STARTCHAR $209A
ENCODING 8346
SWIDTH 450 0
DWIDTH 5 0
BBX 5 5 0 -2
BITMAP
F0
48
58
60
E0
ENDCHAR
STARTCHAR $209B
ENCODING 8347
SWIDTH 360 0
DWIDTH 4 0
BBX 3 3 1 0
BITMAP
E0
C0
60
ENDCHAR
STARTCHAR $209C
ENCODING 8348
SWIDTH 360 0
DWIDTH 4 0
BBX 3 4 0 0
BITMAP
40
E0
40
40
ENDCHAR
STARTCHAR $20A6
ENCODING 8358
SWIDTH 720 0
DWIDTH 8 0
BBX 7 8 0 0
BITMAP
6E
34
34
FE
FE
5C
4C
6C
ENDCHAR
STARTCHAR $20AC
ENCODING 8364
SWIDTH 720 0
DWIDTH 8 0
BBX 7 8 0 0
BITMAP
3C
62
FC
60
F8
60
32
1C
ENDCHAR
STARTCHAR $20AF
ENCODING 8367
SWIDTH 1170 0
DWIDTH 13 0
BBX 11 10 1 -2
BITMAP
7C00
A400
A6E0
67A0
6520
6D20
4B60
F3C0
0300
0200
ENDCHAR
STARTCHAR $20B1
ENCODING 8369
SWIDTH 810 0
DWIDTH 9 0
BBX 7 8 1 0
BITMAP
FC
FE
66
7E
78
60
60
F0
ENDCHAR
STARTCHAR $20B4
ENCODING 8372
SWIDTH 900 0
DWIDTH 10 0
BBX 9 8 0 0
BITMAP
3E00
2300
0300
FF80
FF80
3000
2100
3F00
ENDCHAR
STARTCHAR $20B5
ENCODING 8373
SWIDTH 720 0
DWIDTH 8 0
BBX 6 10 1 -2
BITMAP
10
7C
D4
D4
D0
D0
D4
78
10
10
ENDCHAR
STARTCHAR $20B8
ENCODING 8376
SWIDTH 720 0
DWIDTH 8 0
BBX 8 8 0 0
BITMAP
FF
00
7E
18
18
18
18
3C
ENDCHAR
STARTCHAR $20B9
ENCODING 8377
SWIDTH 720 0
DWIDTH 8 0
BBX 6 8 1 0
BITMAP
FC
30
FC
70
E0
70
30
38
ENDCHAR
STARTCHAR $20BA
ENCODING 8378
SWIDTH 720 0
DWIDTH 8 0
BBX 7 8 0 0
BITMAP
78
38
30
F8
76
B2
32
7C
ENDCHAR
STARTCHAR $20BD
ENCODING 8381
SWIDTH 720 0
DWIDTH 8 0
BBX 6 8 1 0
BITMAP
F8
6C
6C
6C
F8
F8
60
F0
ENDCHAR
STARTCHAR $2103
ENCODING 8451
SWIDTH 1170 0
DWIDTH 13 0
BBX 12 8 0 0
BITMAP
61E0
9310
9600
6600
0600
0600
0310
01F0
ENDCHAR
STARTCHAR $2109
ENCODING 8457
SWIDTH 1080 0
DWIDTH 12 0
BBX 12 8 0 0
BITMAP
67F0
9310
9300
63E0
0300
0300
0300
0780
ENDCHAR
STARTCHAR $210E
ENCODING 8462
SWIDTH 720 0
DWIDTH 8 0
BBX 7 8 0 0
BITMAP
30
30
6C
76
66
66
64
CE
ENDCHAR
STARTCHAR $210F
ENCODING 8463
SWIDTH 720 0
DWIDTH 8 0
BBX 7 8 0 0
BITMAP
30
38
EC
76
66
66
64
CE
ENDCHAR
STARTCHAR $2116
ENCODING 8470
SWIDTH 1080 0
DWIDTH 12 0
BBX 11 8 0 0
BITMAP
E100
3200
3260
5AA0
4EA0
4E60
4600
C6E0
ENDCHAR
STARTCHAR $2122
ENCODING 8482
SWIDTH 990 0
DWIDTH 11 0
BBX 8 3 1 5
BITMAP
E9
4F
6B
ENDCHAR
STARTCHAR $2126
ENCODING 8486
SWIDTH 900 0
DWIDTH 10 0
BBX 8 8 1 0
BITMAP
7C
E7
C3
C3
C3
C3
66
EF
ENDCHAR
STARTCHAR $2127
ENCODING 8487
SWIDTH 900 0
DWIDTH 10 0
BBX 8 8 1 0
BITMAP
EF
66
C3
C3
C3
C3
C3
7E
ENDCHAR
STARTCHAR $212A
ENCODING 8490
SWIDTH 900 0
DWIDTH 10 0
BBX 9 8 1 0
BITMAP
F700
6400
6800
7000
7C00
6E00
6700
F380
ENDCHAR
STARTCHAR $212B
ENCODING 8491
SWIDTH 810 0
DWIDTH 9 0
BBX 9 10 0 0
BITMAP
1800
1400
1800
1C00
2C00
2C00
4600
7E00
4700
C780
ENDCHAR
STARTCHAR $2132
ENCODING 8498
SWIDTH 720 0
DWIDTH 8 0
BBX 7 8 0 0
BITMAP
1E
0C
0C
4C
7C
4C
8C
FE
ENDCHAR
STARTCHAR $2141
ENCODING 8513
SWIDTH 810 0
DWIDTH 9 0
BBX 8 8 0 0
BITMAP
FC
CE
C7
F3
03
07
4E
7C
ENDCHAR
STARTCHAR $2142
ENCODING 8514
SWIDTH 540 0
DWIDTH 6 0
BBX 6 8 0 0
BITMAP
FC
FC
0C
0C
0C
0C
0C
0C
ENDCHAR
STARTCHAR $2143
ENCODING 8515
SWIDTH 630 0
DWIDTH 7 0
BBX 6 8 0 0
BITMAP
0C
0C
0C
0C
0C
0C
FC
FC
ENDCHAR
STARTCHAR $2144
ENCODING 8516
SWIDTH 720 0
DWIDTH 8 0
BBX 8 8 0 0
BITMAP
18
18
18
18
3C
3E
66
E3
ENDCHAR
STARTCHAR $214B
ENCODING 8523
SWIDTH 900 0
DWIDTH 10 0
BBX 9 8 0 0
BITMAP
EF80
3180
3880
4D80
E700
0300
1300
1F00
ENDCHAR
STARTCHAR $214E
ENCODING 8526
SWIDTH 630 0
DWIDTH 7 0
BBX 6 6 0 0
BITMAP
3C
18
58
78
98
FC
ENDCHAR
STARTCHAR $2150
ENCODING 8528
SWIDTH 990 0
DWIDTH 11 0
BBX 10 8 1 0
BITMAP
C100
4200
4400
E400
0BC0
1080
1080
2100
ENDCHAR
STARTCHAR $2151
ENCODING 8529
SWIDTH 990 0
DWIDTH 11 0
BBX 10 8 1 0
BITMAP
C100
4200
4400
E400
0BC0
1240
11C0
23C0
ENDCHAR
STARTCHAR $2152
ENCODING 8530
SWIDTH 1440 0
DWIDTH 16 0
BBX 15 8 1 0
BITMAP
C100
4200
4400
E400
0B9E
1192
1192
21DE
ENDCHAR
STARTCHAR $2153
ENCODING 8531
SWIDTH 990 0
DWIDTH 11 0
BBX 10 8 1 0
BITMAP
C100
4200
4400
E400
0BC0
1180
1040
23C0
ENDCHAR
STARTCHAR $2154
ENCODING 8532
SWIDTH 990 0
DWIDTH 11 0
BBX 11 8 0 0
BITMAP
F080
1100
7200
F200
05E0
08C0
0820
11E0
ENDCHAR
STARTCHAR $2155
ENCODING 8533
SWIDTH 990 0
DWIDTH 11 0
BBX 10 8 1 0
BITMAP
C100
4200
4400
E400
0BC0
1380
1040
23C0
ENDCHAR
STARTCHAR $2156
ENCODING 8534
SWIDTH 990 0
DWIDTH 11 0
BBX 11 8 0 0
BITMAP
F080
1100
7200
F200
05E0
09C0
0820
11E0
ENDCHAR
STARTCHAR $2157
ENCODING 8535
SWIDTH 990 0
DWIDTH 11 0
BBX 11 8 0 0
BITMAP
7080
2100
1200
F200
05E0
09C0
0820
11E0
ENDCHAR
STARTCHAR $2158
ENCODING 8536
SWIDTH 990 0
DWIDTH 11 0
BBX 11 8 0 0
BITMAP
3080
F100
F200
3200
05E0
09C0
0820
11E0
ENDCHAR
STARTCHAR $2159
ENCODING 8537
SWIDTH 990 0
DWIDTH 11 0
BBX 10 8 1 0
BITMAP
C100
4200
4400
E400
09C0
1280
1340
23C0
ENDCHAR
STARTCHAR $215A
ENCODING 8538
SWIDTH 990 0
DWIDTH 11 0
BBX 10 8 1 0
BITMAP
E100
C200
2400
2400
49C0
1280
1340
23C0
ENDCHAR
STARTCHAR $215B
ENCODING 8539
SWIDTH 990 0
DWIDTH 11 0
BBX 10 8 1 0
BITMAP
C100
4200
4400
E400
0BC0
1340
12C0
23C0
ENDCHAR
STARTCHAR $215C
ENCODING 8540
SWIDTH 990 0
DWIDTH 11 0
BBX 11 8 0 0
BITMAP
7080
2100
1200
F200
05E0
09A0
0960
11E0
ENDCHAR
STARTCHAR $215D
ENCODING 8541
SWIDTH 990 0
DWIDTH 11 0
BBX 10 8 1 0
BITMAP
E100
C200
2400
2400
4BC0
1340
12C0
23C0
ENDCHAR
STARTCHAR $215E
ENCODING 8542
SWIDTH 990 0
DWIDTH 11 0
BBX 10 8 1 0
BITMAP
E100
2200
4400
4400
0BC0
1340
12C0
23C0
ENDCHAR
STARTCHAR $215F
ENCODING 8543
SWIDTH 630 0
DWIDTH 7 0
BBX 8 8 1 0
BITMAP
C1
42
44
E4
08
10
10
20
ENDCHAR
STARTCHAR $2160
ENCODING 8544
SWIDTH 450 0
DWIDTH 5 0
BBX 4 8 1 0
BITMAP
F0
60
60
60
60
60
60
F0
ENDCHAR
STARTCHAR $2161
ENCODING 8545
SWIDTH 810 0
DWIDTH 9 0
BBX 8 8 1 0
BITMAP
FF
66
66
66
66
66
66
FF
ENDCHAR
STARTCHAR $2162
ENCODING 8546
SWIDTH 1170 0
DWIDTH 13 0
BBX 12 8 1 0
BITMAP
FFF0
6660
6660
6660
6660
6660
6660
FFF0
ENDCHAR
STARTCHAR $2163
ENCODING 8547
SWIDTH 1080 0
DWIDTH 12 0
BBX 12 8 1 0
BITMAP
FE70
6C20
6E40
6640
6680
6380
6380
F300
ENDCHAR
STARTCHAR $2164
ENCODING 8548
SWIDTH 810 0
DWIDTH 9 0
BBX 9 8 0 0
BITMAP
F380
6100
7200
3200
3200
1C00
1C00
0800
ENDCHAR
STARTCHAR $2165
ENCODING 8549
SWIDTH 1170 0
DWIDTH 13 0
BBX 12 8 0 0
BITMAP
F3F0
6160
7260
3260
3460
1C60
1C60
08F0
ENDCHAR
STARTCHAR $2166
ENCODING 8550
SWIDTH 1530 0
DWIDTH 17 0
BBX 16 8 0 0
BITMAP
F3FF
6166
7266
3266
3466
1C66
1C66
08FF
ENDCHAR
STARTCHAR $2167
ENCODING 8551
SWIDTH 1890 0
DWIDTH 21 0
BBX 20 8 0 0
BITMAP
F3FFF0
616660
726660
326660
346660
1C6660
1C6660
08FFF0
ENDCHAR
STARTCHAR $2168
ENCODING 8552
SWIDTH 1080 0
DWIDTH 12 0
BBX 11 8 1 0
BITMAP
FEE0
6E80
6680
6300
6380
6580
68C0
FDE0
ENDCHAR
STARTCHAR $2169
ENCODING 8553
SWIDTH 810 0
DWIDTH 9 0
BBX 9 8 0 0
BITMAP
F700
7200
3400
1800
1C00
2E00
4600
E780
ENDCHAR
STARTCHAR $216A
ENCODING 8554
SWIDTH 1080 0
DWIDTH 12 0
BBX 12 8 0 0
BITMAP
F7F0
7260
3460
1860
1C60
2E60
2660
E7F0
ENDCHAR
STARTCHAR $216B
ENCODING 8555
SWIDTH 1530 0
DWIDTH 17 0
BBX 16 8 0 0
BITMAP
F7FF
7266
3466
1866
1C66
2E66
2666
E7FF
ENDCHAR
STARTCHAR $216C
ENCODING 8556
SWIDTH 720 0
DWIDTH 8 0
BBX 7 8 1 0
BITMAP
F0
60
60
60
60
60
62
FE
ENDCHAR
STARTCHAR $216D
ENCODING 8557
SWIDTH 810 0
DWIDTH 9 0
BBX 8 8 0 0
BITMAP
3E
71
60
E0
E0
60
71
3E
ENDCHAR
STARTCHAR $216E
ENCODING 8558
SWIDTH 900 0
DWIDTH 10 0
BBX 8 8 1 0
BITMAP
FC
66
63
63
63
63
66
FC
ENDCHAR
STARTCHAR $216F
ENCODING 8559
SWIDTH 1080 0
DWIDTH 12 0
BBX 12 8 0 0
BITMAP
F0F0
70E0
5960
5960
4E60
4E60
4C60
E0F0
ENDCHAR
STARTCHAR $2170
ENCODING 8560
SWIDTH 360 0
DWIDTH 4 0
BBX 4 9 0 0
BITMAP
60
60
00
E0
60
60
60
60
F0
ENDCHAR
STARTCHAR $2171
ENCODING 8561
SWIDTH 720 0
DWIDTH 8 0
BBX 8 9 0 0
BITMAP
66
66
00
E6
66
66
66
66
F7
ENDCHAR
STARTCHAR $2172
ENCODING 8562
SWIDTH 1170 0
DWIDTH 13 0
BBX 12 9 0 0
BITMAP
6620
6620
0000
E660
6620
6620
6620
6620
F770
ENDCHAR
STARTCHAR $2173
ENCODING 8563
SWIDTH 990 0
DWIDTH 11 0
BBX 11 9 0 0
BITMAP
6000
6000
0000
EE60
6640
6640
6380
6380
F300
ENDCHAR
STARTCHAR $2174
ENCODING 8564
SWIDTH 540 0
DWIDTH 6 0
BBX 7 6 0 0
BITMAP
E6
64
68
68
38
30
ENDCHAR
STARTCHAR $2175
ENCODING 8565
SWIDTH 990 0
DWIDTH 11 0
BBX 10 9 0 0
BITMAP
0080
0080
0000
E780
6480
6880
6880
3880
31C0
ENDCHAR
STARTCHAR $2176
ENCODING 8566
SWIDTH 1350 0
DWIDTH 15 0
BBX 14 9 0 0
BITMAP
008C
008C
0000
E79C
648C
688C
688C
388C
31DC
ENDCHAR
STARTCHAR $2177
ENCODING 8567
SWIDTH 1710 0
DWIDTH 19 0
BBX 19 9 0 0
BITMAP
008CC0
008CC0
000000
E79DC0
648CC0
688CC0
688CC0
388CC0
31DDE0
ENDCHAR
STARTCHAR $2178
ENCODING 8568
SWIDTH 990 0
DWIDTH 11 0
BBX 11 9 0 0
BITMAP
6000
6000
0000
EFE0
6680
6380
6380
64C0
FFE0
ENDCHAR
STARTCHAR $2179
ENCODING 8569
SWIDTH 630 0
DWIDTH 7 0
BBX 7 6 0 0
BITMAP
FC
68
30
38
58
DE
ENDCHAR
STARTCHAR $217A
ENCODING 8570
SWIDTH 990 0
DWIDTH 11 0
BBX 10 9 0 0
BITMAP
0080
0080
0000
FDC0
68C0
30C0
38C0
58C0
DFC0
ENDCHAR
STARTCHAR $217B
ENCODING 8571
SWIDTH 1350 0
DWIDTH 15 0
BBX 15 9 0 0
BITMAP
008C
008C
0000
FDDC
68CC
30CC
38CC
58CC
DFDE
ENDCHAR
STARTCHAR $217C
ENCODING 8572
SWIDTH 360 0
DWIDTH 4 0
BBX 4 9 0 0
BITMAP
E0
60
60
60
60
60
60
60
F0
ENDCHAR
STARTCHAR $217D
ENCODING 8573
SWIDTH 630 0
DWIDTH 7 0
BBX 6 6 0 0
BITMAP
3C
64
E0
E0
64
38
ENDCHAR
STARTCHAR $217E
ENCODING 8574
SWIDTH 720 0
DWIDTH 8 0
BBX 7 9 0 0
BITMAP
0E
06
06
76
6E
E6
E6
66
7E
ENDCHAR
STARTCHAR $217F
ENCODING 8575
SWIDTH 1080 0
DWIDTH 12 0
BBX 11 6 0 0
BITMAP
EDC0
7660
6660
6660
6660
FFE0
ENDCHAR
STARTCHAR $2180
ENCODING 8576
SWIDTH 1260 0
DWIDTH 14 0
BBX 12 8 1 0
BITMAP
7FE0
C630
C630
C630
C630
C630
C630
7FE0
ENDCHAR
STARTCHAR $2181
ENCODING 8577
SWIDTH 900 0
DWIDTH 10 0
BBX 8 8 1 0
BITMAP
FC
76
7B
7B
7B
7B
76
FC
ENDCHAR
STARTCHAR $2182
ENCODING 8578
SWIDTH 1260 0
DWIDTH 14 0
BBX 12 8 1 0
BITMAP
7FE0
CF30
D6B0
D6B0
D6B0
D6B0
CF30
7FE0
ENDCHAR
STARTCHAR $2183
ENCODING 8579
SWIDTH 810 0
DWIDTH 9 0
BBX 7 8 1 0
BITMAP
F8
8C
06
06
06
06
8C
78
ENDCHAR
STARTCHAR $2184
ENCODING 8580
SWIDTH 630 0
DWIDTH 7 0
BBX 6 6 0 0
BITMAP
78
8C
0C
0C
0C
78
ENDCHAR
STARTCHAR $2185
ENCODING 8581
SWIDTH 810 0
DWIDTH 9 0
BBX 8 10 0 -2
BITMAP
3F
61
61
E0
E0
60
61
3F
03
03
ENDCHAR
STARTCHAR $2189
ENCODING 8585
SWIDTH 990 0
DWIDTH 11 0
BBX 11 8 0 0
BITMAP
7080
D100
D200
5200
25E0
08C0
0820
11E0
ENDCHAR
STARTCHAR $2190
ENCODING 8592
SWIDTH 810 0
DWIDTH 9 0
BBX 9 5 0 1
BITMAP
2000
4000
FF80
4000
2000
ENDCHAR
STARTCHAR $2191
ENCODING 8593
SWIDTH 810 0
DWIDTH 9 0
BBX 3 8 3 0
BITMAP
40
E0
40
40
40
40
40
40
ENDCHAR
STARTCHAR $2192
ENCODING 8594
SWIDTH 810 0
DWIDTH 9 0
BBX 8 5 1 1
BITMAP
04
02
FF
02
04
ENDCHAR
STARTCHAR $2193
ENCODING 8595
SWIDTH 810 0
DWIDTH 9 0
BBX 3 8 3 0
BITMAP
40
40
40
40
40
40
E0
40
ENDCHAR
STARTCHAR $2194
ENCODING 8596
SWIDTH 810 0
DWIDTH 9 0
BBX 9 5 0 1
BITMAP
2200
4100
FF80
4100
2200
ENDCHAR
STARTCHAR $2195
ENCODING 8597
SWIDTH 810 0
DWIDTH 9 0
BBX 3 8 3 0
BITMAP
40
E0
40
40
40
40
E0
40
ENDCHAR
STARTCHAR $2196
ENCODING 8598
SWIDTH 810 0
DWIDTH 9 0
BBX 6 6 2 0
BITMAP
E0
C0
E0
30
18
0C
ENDCHAR
STARTCHAR $2197
ENCODING 8599
SWIDTH 810 0
DWIDTH 9 0
BBX 6 6 2 0
BITMAP
3C
0C
14
24
40
80
ENDCHAR
STARTCHAR $2198
ENCODING 8600
SWIDTH 810 0
DWIDTH 9 0
BBX 6 6 2 1
BITMAP
80
C0
60
34
1C
1C
ENDCHAR
STARTCHAR $2199
ENCODING 8601
SWIDTH 810 0
DWIDTH 9 0
BBX 5 5 2 2
BITMAP
08
10
20
C0
C0
ENDCHAR
STARTCHAR $219A
ENCODING 8602
SWIDTH 810 0
DWIDTH 9 0
BBX 9 5 0 1
BITMAP
2400
4400
FF80
4800
2800
ENDCHAR
STARTCHAR $219B
ENCODING 8603
SWIDTH 810 0
DWIDTH 9 0
BBX 8 5 1 1
BITMAP
14
12
FF
22
24
ENDCHAR
STARTCHAR $219C
ENCODING 8604
SWIDTH 810 0
DWIDTH 9 0
BBX 8 3 1 2
BITMAP
CC
FB
20
ENDCHAR
STARTCHAR $219D
ENCODING 8605
SWIDTH 810 0
DWIDTH 9 0
BBX 8 3 1 2
BITMAP
67
FD
09
ENDCHAR
STARTCHAR $219E
ENCODING 8606
SWIDTH 810 0
DWIDTH 9 0
BBX 9 5 0 1
BITMAP
2000
5000
FF80
5000
2000
ENDCHAR
STARTCHAR $219F
ENCODING 8607
SWIDTH 810 0
DWIDTH 9 0
BBX 5 8 2 0
BITMAP
20
70
70
A8
20
20
20
20
ENDCHAR
STARTCHAR $21A0
ENCODING 8608
SWIDTH 810 0
DWIDTH 9 0
BBX 8 5 1 1
BITMAP
0C
0E
FF
0A
04
ENDCHAR
STARTCHAR $21A1
ENCODING 8609
SWIDTH 810 0
DWIDTH 9 0
BBX 4 8 2 0
BITMAP
20
20
20
20
A0
70
70
20
ENDCHAR
STARTCHAR $21A2
ENCODING 8610
SWIDTH 810 0
DWIDTH 9 0
BBX 8 5 0 1
BITMAP
20
41
FE
41
20
ENDCHAR
STARTCHAR $21A3
ENCODING 8611
SWIDTH 810 0
DWIDTH 9 0
BBX 8 5 1 1
BITMAP
84
C2
7F
C2
84
ENDCHAR
STARTCHAR $21A4
ENCODING 8612
SWIDTH 810 0
DWIDTH 9 0
BBX 9 5 0 1
BITMAP
2180
4180
FF80
4180
2180
ENDCHAR
STARTCHAR $21A5
ENCODING 8613
SWIDTH 810 0
DWIDTH 9 0
BBX 5 8 2 0
BITMAP
20
70
20
20
20
20
20
F8
ENDCHAR
STARTCHAR $21A6
ENCODING 8614
SWIDTH 810 0
DWIDTH 9 0
BBX 8 5 1 1
BITMAP
84
82
FF
82
84
ENDCHAR
STARTCHAR $21A7
ENCODING 8615
SWIDTH 810 0
DWIDTH 9 0
BBX 5 8 2 0
BITMAP
F8
20
20
20
20
20
70
20
ENDCHAR
STARTCHAR $21A8
ENCODING 8616
SWIDTH 810 0
DWIDTH 9 0
BBX 5 8 2 0
BITMAP
20
70
20
20
20
70
20
F8
ENDCHAR
STARTCHAR $21A9
ENCODING 8617
SWIDTH 810 0
DWIDTH 9 0
BBX 9 5 0 1
BITMAP
2100
4180
FF00
4000
2000
ENDCHAR
STARTCHAR $21AA
ENCODING 8618
SWIDTH 810 0
DWIDTH 9 0
BBX 8 5 1 1
BITMAP
84
82
FF
02
04
ENDCHAR
STARTCHAR $21AB
ENCODING 8619
SWIDTH 810 0
DWIDTH 9 0
BBX 9 5 0 1
BITMAP
2300
4580
FF00
4400
2000
ENDCHAR
STARTCHAR $21AC
ENCODING 8620
SWIDTH 810 0
DWIDTH 9 0
BBX 8 5 1 1
BITMAP
E4
A2
FF
22
04
ENDCHAR
STARTCHAR $21AD
ENCODING 8621
SWIDTH 810 0
DWIDTH 9 0
BBX 9 5 0 1
BITMAP
2200
4D00
F780
4100
2200
ENDCHAR
STARTCHAR $21AE
ENCODING 8622
SWIDTH 810 0
DWIDTH 9 0
BBX 9 5 0 1
BITMAP
2600
4D00
FF80
4900
3200
ENDCHAR
STARTCHAR $21AF
ENCODING 8623
SWIDTH 810 0
DWIDTH 9 0
BBX 5 8 2 0
BITMAP
40
C0
80
F0
10
50
38
10
ENDCHAR
STARTCHAR $21B0
ENCODING 8624
SWIDTH 810 0
DWIDTH 9 0
BBX 4 8 3 0
BITMAP
40
F0
F0
90
10
10
10
10
ENDCHAR
STARTCHAR $21B1
ENCODING 8625
SWIDTH 810 0
DWIDTH 9 0
BBX 4 8 3 0
BITMAP
40
E0
F0
A0
80
80
80
80
ENDCHAR
STARTCHAR $21B2
ENCODING 8626
SWIDTH 810 0
DWIDTH 9 0
BBX 4 8 3 0
BITMAP
10
10
10
10
90
F0
F0
40
ENDCHAR
STARTCHAR $21B3
ENCODING 8627
SWIDTH 810 0
DWIDTH 9 0
BBX 3 8 3 0
BITMAP
80
80
80
80
C0
E0
E0
40
ENDCHAR
STARTCHAR $21B4
ENCODING 8628
SWIDTH 810 0
DWIDTH 9 0
BBX 7 6 1 1
BITMAP
F8
08
08
08
1E
08
ENDCHAR
STARTCHAR $21B5
ENCODING 8629
SWIDTH 810 0
DWIDTH 9 0
BBX 5 6 2 1
BITMAP
08
08
48
88
F8
40
ENDCHAR
STARTCHAR $21B6
ENCODING 8630
SWIDTH 810 0
DWIDTH 9 0
BBX 7 4 1 2
BITMAP
3C
66
E2
40
ENDCHAR
STARTCHAR $21B7
ENCODING 8631
SWIDTH 810 0
DWIDTH 9 0
BBX 7 4 1 2
BITMAP
78
C4
8E
04
ENDCHAR
STARTCHAR $21B8
ENCODING 8632
SWIDTH 810 0
DWIDTH 9 0
BBX 7 7 1 0
BITMAP
FE
70
60
B0
18
0C
06
ENDCHAR
STARTCHAR $21B9
ENCODING 8633
SWIDTH 810 0
DWIDTH 9 0
BBX 8 9 1 -1
BITMAP
A0
C0
FF
C0
A3
07
FF
07
03
ENDCHAR
STARTCHAR $21BA
ENCODING 8634
SWIDTH 810 0
DWIDTH 9 0
BBX 7 6 1 1
BITMAP
08
4C
CC
86
C4
7C
ENDCHAR
STARTCHAR $21BB
ENCODING 8635
SWIDTH 810 0
DWIDTH 9 0
BBX 6 6 2 1
BITMAP
40
C0
C4
84
8C
78
ENDCHAR
STARTCHAR $21BC
ENCODING 8636
SWIDTH 810 0
DWIDTH 9 0
BBX 8 2 1 4
BITMAP
40
FF
ENDCHAR
STARTCHAR $21BD
ENCODING 8637
SWIDTH 810 0
DWIDTH 9 0
BBX 8 2 1 1
BITMAP
FF
40
ENDCHAR
STARTCHAR $21BE
ENCODING 8638
SWIDTH 810 0
DWIDTH 9 0
BBX 3 8 4 0
BITMAP
80
C0
A0
80
80
80
80
80
ENDCHAR
STARTCHAR $21BF
ENCODING 8639
SWIDTH 810 0
DWIDTH 9 0
BBX 3 8 2 0
BITMAP
20
60
A0
20
20
20
20
20
ENDCHAR
STARTCHAR $21C0
ENCODING 8640
SWIDTH 810 0
DWIDTH 9 0
BBX 7 2 1 4
BITMAP
04
FE
ENDCHAR
STARTCHAR $21C1
ENCODING 8641
SWIDTH 810 0
DWIDTH 9 0
BBX 7 2 1 1
BITMAP
FE
04
ENDCHAR
STARTCHAR $21C2
ENCODING 8642
SWIDTH 810 0
DWIDTH 9 0
BBX 3 8 4 0
BITMAP
80
80
80
80
80
A0
C0
80
ENDCHAR
STARTCHAR $21C3
ENCODING 8643
SWIDTH 810 0
DWIDTH 9 0
BBX 3 8 2 0
BITMAP
20
20
20
20
20
A0
60
20
ENDCHAR
STARTCHAR $21C4
ENCODING 8644
SWIDTH 810 0
DWIDTH 9 0
BBX 9 9 0 -1
BITMAP
0200
0100
7F80
0100
2200
4000
FF80
4000
2000
ENDCHAR
STARTCHAR $21C5
ENCODING 8645
SWIDTH 810 0
DWIDTH 9 0
BBX 7 8 1 0
BITMAP
44
E4
44
44
44
44
4E
44
ENDCHAR
STARTCHAR $21C6
ENCODING 8646
SWIDTH 810 0
DWIDTH 9 0
BBX 9 9 0 -1
BITMAP
2000
4000
FF80
4000
2200
0100
7F80
0100
0200
ENDCHAR
STARTCHAR $21C7
ENCODING 8647
SWIDTH 810 0
DWIDTH 9 0
BBX 9 9 0 -1
BITMAP
2000
4000
FF80
4000
2000
4000
FF80
4000
2000
ENDCHAR
STARTCHAR $21C8
ENCODING 8648
SWIDTH 810 0
DWIDTH 9 0
BBX 9 8 0 0
BITMAP
6300
F780
2300
2300
2300
2300
2300
2300
ENDCHAR
STARTCHAR $21C9
ENCODING 8649
SWIDTH 810 0
DWIDTH 9 0
BBX 8 9 1 -1
BITMAP
04
02
FF
02
04
02
FF
02
04
ENDCHAR
STARTCHAR $21CA
ENCODING 8650
SWIDTH 810 0
DWIDTH 9 0
BBX 9 8 0 0
BITMAP
2300
2300
2300
2300
2300
2300
F780
6300
ENDCHAR
STARTCHAR $21CB
ENCODING 8651
SWIDTH 810 0
DWIDTH 9 0
BBX 8 5 1 1
BITMAP
40
FF
00
FE
04
ENDCHAR
STARTCHAR $21CC
ENCODING 8652
SWIDTH 810 0
DWIDTH 9 0
BBX 8 5 1 1
BITMAP
04
FE
00
FF
40
ENDCHAR
STARTCHAR $21CD
ENCODING 8653
SWIDTH 810 0
DWIDTH 9 0
BBX 9 5 0 1
BITMAP
2400
7F80
CC00
7F80
2800
ENDCHAR
STARTCHAR $21CE
ENCODING 8654
SWIDTH 810 0
DWIDTH 9 0
BBX 9 5 0 1
BITMAP
2600
7F00
C980
7F00
3200
ENDCHAR
STARTCHAR $21CF
ENCODING 8655
SWIDTH 810 0
DWIDTH 9 0
BBX 8 5 1 1
BITMAP
14
FE
33
FE
24
ENDCHAR
STARTCHAR $21D0
ENCODING 8656
SWIDTH 810 0
DWIDTH 9 0
BBX 9 5 0 1
BITMAP
2000
7F80
C000
7F80
2000
ENDCHAR
STARTCHAR $21D1
ENCODING 8657
SWIDTH 810 0
DWIDTH 9 0
BBX 3 8 3 0
BITMAP
40
A0
A0
A0
A0
A0
A0
A0
ENDCHAR
STARTCHAR $21D2
ENCODING 8658
SWIDTH 810 0
DWIDTH 9 0
BBX 8 5 1 1
BITMAP
04
FE
03
FE
04
ENDCHAR
STARTCHAR $21D3
ENCODING 8659
SWIDTH 810 0
DWIDTH 9 0
BBX 3 8 3 0
BITMAP
A0
A0
A0
A0
A0
A0
A0
40
ENDCHAR
STARTCHAR $21D4
ENCODING 8660
SWIDTH 810 0
DWIDTH 9 0
BBX 9 5 0 1
BITMAP
2200
7F00
C180
7F00
2200
ENDCHAR
STARTCHAR $21D5
ENCODING 8661
SWIDTH 810 0
DWIDTH 9 0
BBX 3 8 3 0
BITMAP
40
A0
A0
A0
A0
A0
A0
40
ENDCHAR
STARTCHAR $21D6
ENCODING 8662
SWIDTH 810 0
DWIDTH 9 0
BBX 6 7 2 0
BITMAP
E0
E0
B0
D8
6C
34
18
ENDCHAR
STARTCHAR $21D7
ENCODING 8663
SWIDTH 810 0
DWIDTH 9 0
BBX 7 7 1 0
BITMAP
1E
1E
36
6E
D8
B0
60
ENDCHAR
STARTCHAR $21D8
ENCODING 8664
SWIDTH 810 0
DWIDTH 9 0
BBX 7 6 1 1
BITMAP
60
B0
D8
6E
36
1E
ENDCHAR
STARTCHAR $21D9
ENCODING 8665
SWIDTH 810 0
DWIDTH 9 0
BBX 6 6 2 1
BITMAP
18
34
6C
D8
B0
E0
ENDCHAR
STARTCHAR $21DA
ENCODING 8666
SWIDTH 810 0
DWIDTH 9 0
BBX 9 5 0 1
BITMAP
3F80
4000
FF80
4000
3F80
ENDCHAR
STARTCHAR $21DB
ENCODING 8667
SWIDTH 810 0
DWIDTH 9 0
BBX 8 5 1 1
BITMAP
FC
02
FF
02
FC
ENDCHAR
STARTCHAR $21DC
ENCODING 8668
SWIDTH 810 0
DWIDTH 9 0
BBX 9 5 0 1
BITMAP
2000
4A00
FF80
4400
2000
ENDCHAR
STARTCHAR $21DD
ENCODING 8669
SWIDTH 810 0
DWIDTH 9 0
BBX 8 5 1 1
BITMAP
04
5A
FF
22
04
ENDCHAR
STARTCHAR $21DE
ENCODING 8670
SWIDTH 810 0
DWIDTH 9 0
BBX 5 8 2 0
BITMAP
20
70
20
F8
20
F8
20
20
ENDCHAR
STARTCHAR $21DF
ENCODING 8671
SWIDTH 810 0
DWIDTH 9 0
BBX 5 8 2 0
BITMAP
20
20
F8
20
F8
20
70
20
ENDCHAR
STARTCHAR $21E0
ENCODING 8672
SWIDTH 810 0
DWIDTH 9 0
BBX 9 5 0 1
BITMAP
2000
4000
EF80
4000
2000
ENDCHAR
STARTCHAR $21E1
ENCODING 8673
SWIDTH 810 0
DWIDTH 9 0
BBX 3 8 3 0
BITMAP
40
E0
00
40
00
40
00
40
ENDCHAR
STARTCHAR $21E2
ENCODING 8674
SWIDTH 810 0
DWIDTH 9 0
BBX 8 5 1 1
BITMAP
04
02
BF
02
04
ENDCHAR
STARTCHAR $21E3
ENCODING 8675
SWIDTH 810 0
DWIDTH 9 0
BBX 3 8 3 0
BITMAP
40
00
40
00
40
00
E0
40
ENDCHAR
STARTCHAR $21E4
ENCODING 8676
SWIDTH 810 0
DWIDTH 9 0
BBX 8 5 1 1
BITMAP
A0
C0
FF
C0
A0
ENDCHAR
STARTCHAR $21E5
ENCODING 8677
SWIDTH 810 0
DWIDTH 9 0
BBX 8 5 1 1
BITMAP
03
07
FF
07
03
ENDCHAR
STARTCHAR $21E6
ENCODING 8678
SWIDTH 810 0
DWIDTH 9 0
BBX 9 5 0 1
BITMAP
2000
7F80
8080
7F80
2000
ENDCHAR
STARTCHAR $21E7
ENCODING 8679
SWIDTH 810 0
DWIDTH 9 0
BBX 3 8 3 0
BITMAP
40
A0
A0
A0
A0
A0
A0
E0
ENDCHAR
STARTCHAR $21E8
ENCODING 8680
SWIDTH 810 0
DWIDTH 9 0
BBX 8 5 1 1
BITMAP
04
FE
81
FE
04
ENDCHAR
STARTCHAR $21E9
ENCODING 8681
SWIDTH 810 0
DWIDTH 9 0
BBX 3 8 3 0
BITMAP
E0
A0
A0
A0
A0
A0
A0
40
ENDCHAR
STARTCHAR $21EA
ENCODING 8682
SWIDTH 810 0
DWIDTH 9 0
BBX 3 8 3 0
BITMAP
40
A0
A0
A0
A0
E0
E0
E0
ENDCHAR
STARTCHAR $21EB
ENCODING 8683
SWIDTH 810 0
DWIDTH 9 0
BBX 5 8 2 0
BITMAP
20
50
50
50
50
50
50
F8
ENDCHAR
STARTCHAR $21EC
ENCODING 8684
SWIDTH 810 0
DWIDTH 9 0
BBX 5 8 2 0
BITMAP
20
70
50
50
50
50
50
F8
ENDCHAR
STARTCHAR $21ED
ENCODING 8685
SWIDTH 810 0
DWIDTH 9 0
BBX 5 8 2 0
BITMAP
20
70
70
70
70
70
70
F8
ENDCHAR
STARTCHAR $21EE
ENCODING 8686
SWIDTH 810 0
DWIDTH 9 0
BBX 5 8 2 0
BITMAP
20
70
50
D8
50
50
50
70
ENDCHAR
STARTCHAR $21EF
ENCODING 8687
SWIDTH 810 0
DWIDTH 9 0
BBX 5 8 2 0
BITMAP
20
70
50
D8
50
50
50
F8
ENDCHAR
STARTCHAR $21F0
ENCODING 8688
SWIDTH 810 0
DWIDTH 9 0
BBX 8 5 1 1
BITMAP
84
FE
81
FE
84
ENDCHAR
STARTCHAR $21F1
ENCODING 8689
SWIDTH 810 0
DWIDTH 9 0
BBX 7 8 1 0
BITMAP
FE
F0
E0
F0
98
8C
86
80
ENDCHAR
STARTCHAR $21F2
ENCODING 8690
SWIDTH 810 0
DWIDTH 9 0
BBX 7 7 1 1
BITMAP
C2
62
32
1E
0E
1E
FE
ENDCHAR
STARTCHAR $21F3
ENCODING 8691
SWIDTH 810 0
DWIDTH 9 0
BBX 3 8 3 0
BITMAP
40
A0
A0
A0
A0
A0
A0
40
ENDCHAR
STARTCHAR $21F4
ENCODING 8692
SWIDTH 810 0
DWIDTH 9 0
BBX 8 5 1 1
BITMAP
04
32
FF
32
04
ENDCHAR
STARTCHAR $21F5
ENCODING 8693
SWIDTH 810 0
DWIDTH 9 0
BBX 7 8 1 0
BITMAP
44
4E
44
44
44
44
E4
44
ENDCHAR
STARTCHAR $21F6
ENCODING 8694
SWIDTH 810 0
DWIDTH 9 0
BBX 8 9 1 -1
BITMAP
FE
FE
00
02
FF
02
00
FE
FE
ENDCHAR
STARTCHAR $21F7
ENCODING 8695
SWIDTH 810 0
DWIDTH 9 0
BBX 9 5 0 1
BITMAP
2400
4400
FF80
4400
2400
ENDCHAR
STARTCHAR $21F8
ENCODING 8696
SWIDTH 810 0
DWIDTH 9 0
BBX 8 5 1 1
BITMAP
34
32
FF
32
34
ENDCHAR
STARTCHAR $21F9
ENCODING 8697
SWIDTH 810 0
DWIDTH 9 0
BBX 9 5 0 1
BITMAP
2A00
4900
FF80
4900
2A00
ENDCHAR
STARTCHAR $21FA
ENCODING 8698
SWIDTH 810 0
DWIDTH 9 0
BBX 9 5 0 1
BITMAP
2C00
4C00
FF80
4C00
2C00
ENDCHAR
STARTCHAR $21FB
ENCODING 8699
SWIDTH 810 0
DWIDTH 9 0
BBX 8 5 1 1
BITMAP
34
32
FF
32
34
ENDCHAR
STARTCHAR $21FC
ENCODING 8700
SWIDTH 810 0
DWIDTH 9 0
BBX 9 5 0 1
BITMAP
3600
5500
FF80
5500
3600
ENDCHAR
STARTCHAR $21FD
ENCODING 8701
SWIDTH 810 0
DWIDTH 9 0
BBX 9 5 0 1
BITMAP
2000
6000
BF80
6000
2000
ENDCHAR
STARTCHAR $21FE
ENCODING 8702
SWIDTH 810 0
DWIDTH 9 0
BBX 8 5 1 1
BITMAP
04
06
FD
06
04
ENDCHAR
STARTCHAR $21FF
ENCODING 8703
SWIDTH 810 0
DWIDTH 9 0
BBX 9 5 0 1
BITMAP
2200
6300
BE80
6300
2200
ENDCHAR
STARTCHAR $2200
ENCODING 8704
SWIDTH 630 0
DWIDTH 7 0
BBX 7 8 0 0
BITMAP
C2
44
44
7C
28
28
38
10
ENDCHAR
STARTCHAR $2202
ENCODING 8706
SWIDTH 540 0
DWIDTH 6 0
BBX 5 7 0 0
BITMAP
38
08
78
48
C8
58
70
ENDCHAR
STARTCHAR $2203
ENCODING 8707
SWIDTH 630 0
DWIDTH 7 0
BBX 5 8 1 0
BITMAP
F8
08
08
F8
F8
08
08
F8
ENDCHAR
STARTCHAR $2204
ENCODING 8708
SWIDTH 630 0
DWIDTH 7 0
BBX 5 10 1 -1
BITMAP
30
F8
28
28
F8
F8
48
48
F8
80
ENDCHAR
STARTCHAR $2206
ENCODING 8710
SWIDTH 720 0
DWIDTH 8 0
BBX 8 8 0 0
BITMAP
18
18
2C
2C
4E
46
46
FF
ENDCHAR
STARTCHAR $2207
ENCODING 8711
SWIDTH 720 0
DWIDTH 8 0
BBX 8 8 0 0
BITMAP
FF
46
46
4E
2C
2C
18
18
ENDCHAR
STARTCHAR $2208
ENCODING 8712
SWIDTH 720 0
DWIDTH 8 0
BBX 6 7 1 0
BITMAP
3C
60
C0
FC
C0
60
3C
ENDCHAR
STARTCHAR $2209
ENCODING 8713
SWIDTH 720 0
DWIDTH 8 0
BBX 6 10 1 -2
BITMAP
0C
3C
68
D8
FC
D0
70
3C
20
20
ENDCHAR
STARTCHAR $220B
ENCODING 8715
SWIDTH 720 0
DWIDTH 8 0
BBX 6 7 1 0
BITMAP
F0
18
0C
FC
04
08
F0
ENDCHAR
STARTCHAR $220C
ENCODING 8716
SWIDTH 720 0
DWIDTH 8 0
BBX 6 9 1 -2
BITMAP
18
F0
18
3C
FC
64
48
F0
C0
ENDCHAR
STARTCHAR $220F
ENCODING 8719
SWIDTH 810 0
DWIDTH 9 0
BBX 9 10 0 -2
BITMAP
FF80
6300
6300
6300
6300
6300
6300
6300
6300
F780
ENDCHAR
STARTCHAR $2210
ENCODING 8720
SWIDTH 810 0
DWIDTH 9 0
BBX 9 10 0 -2
BITMAP
F780
6300
6300
6300
6300
6300
6300
6300
6300
7F00
ENDCHAR
STARTCHAR $2211
ENCODING 8721
SWIDTH 720 0
DWIDTH 8 0
BBX 8 10 0 -2
BITMAP
FE
62
30
18
1C
08
10
21
7F
FE
ENDCHAR
STARTCHAR $2212
ENCODING 8722
SWIDTH 810 0
DWIDTH 9 0
BBX 7 1 1 3
BITMAP
FE
ENDCHAR
STARTCHAR $2213
ENCODING 8723
SWIDTH 810 0
DWIDTH 9 0
BBX 7 7 1 0
BITMAP
FE
00
10
10
FE
10
10
ENDCHAR
STARTCHAR $2214
ENCODING 8724
SWIDTH 810 0
DWIDTH 9 0
BBX 7 7 1 1
BITMAP
18
10
10
10
FE
10
10
ENDCHAR
STARTCHAR $2215
ENCODING 8725
SWIDTH 360 0
DWIDTH 4 0
BBX 4 9 0 -1
BITMAP
10
30
20
20
60
40
40
C0
80
ENDCHAR
STARTCHAR $2217
ENCODING 8727
SWIDTH 720 0
DWIDTH 8 0
BBX 5 5 1 1
BITMAP
20
E8
30
E8
20
ENDCHAR
STARTCHAR $2218
ENCODING 8728
SWIDTH 540 0
DWIDTH 6 0
BBX 4 3 1 2
BITMAP
60
90
E0
ENDCHAR
STARTCHAR $2219
ENCODING 8729
SWIDTH 540 0
DWIDTH 6 0
BBX 4 3 1 2
BITMAP
60
F0
E0
ENDCHAR
STARTCHAR $221A
ENCODING 8730
SWIDTH 630 0
DWIDTH 7 0
BBX 7 9 0 0
BITMAP
02
04
04
04
C8
28
30
30
10
ENDCHAR
STARTCHAR $221B
ENCODING 8731
SWIDTH 630 0
DWIDTH 7 0
BBX 7 10 0 0
BITMAP
70
32
1C
74
04
C8
28
30
30
10
ENDCHAR
STARTCHAR $221C
ENCODING 8732
SWIDTH 630 0
DWIDTH 7 0
BBX 7 10 0 0
BITMAP
30
72
FC
34
04
C8
28
30
30
10
ENDCHAR
STARTCHAR $221D
ENCODING 8733
SWIDTH 630 0
DWIDTH 7 0
BBX 5 4 1 1
BITMAP
E8
90
B0
68
ENDCHAR
STARTCHAR $221E
ENCODING 8734
SWIDTH 810 0
DWIDTH 9 0
BBX 7 4 1 1
BITMAP
6E
9A
92
6E
ENDCHAR
STARTCHAR $221F
ENCODING 8735
SWIDTH 810 0
DWIDTH 9 0
BBX 7 6 1 1
BITMAP
C0
C0
C0
C0
C0
FE
ENDCHAR
STARTCHAR $2220
ENCODING 8736
SWIDTH 810 0
DWIDTH 9 0
BBX 6 6 2 1
BITMAP
08
10
20
60
40
FC
ENDCHAR
STARTCHAR $2223
ENCODING 8739
SWIDTH 360 0
DWIDTH 4 0
BBX 1 10 1 -1
BITMAP
80
80
80
80
80
80
80
80
80
80
ENDCHAR
STARTCHAR $2224
ENCODING 8740
SWIDTH 630 0
DWIDTH 7 0
BBX 5 10 1 -1
BITMAP
20
20
20
38
30
60
E0
20
20
20
ENDCHAR
STARTCHAR $2225
ENCODING 8741
SWIDTH 540 0
DWIDTH 6 0
BBX 4 10 1 -1
BITMAP
B0
B0
B0
B0
B0
B0
B0
B0
B0
B0
ENDCHAR
STARTCHAR $2226
ENCODING 8742
SWIDTH 810 0
DWIDTH 9 0
BBX 7 10 1 -1
BITMAP
28
28
2E
2C
38
38
68
E8
28
28
ENDCHAR
STARTCHAR $2227
ENCODING 8743
SWIDTH 810 0
DWIDTH 9 0
BBX 5 6 2 0
BITMAP
70
70
50
D8
D8
D8
ENDCHAR
STARTCHAR $2228
ENCODING 8744
SWIDTH 810 0
DWIDTH 9 0
BBX 5 6 2 0
BITMAP
D8
D8
D0
50
70
70
ENDCHAR
STARTCHAR $2229
ENCODING 8745
SWIDTH 810 0
DWIDTH 9 0
BBX 7 7 1 0
BITMAP
38
6C
C2
82
82
82
82
ENDCHAR
STARTCHAR $222A
ENCODING 8746
SWIDTH 810 0
DWIDTH 9 0
BBX 7 7 1 0
BITMAP
82
82
82
82
C2
46
3C
ENDCHAR
STARTCHAR $222B
ENCODING 8747
SWIDTH 540 0
DWIDTH 6 0
BBX 6 10 0 -2
BITMAP
0C
14
10
10
10
30
30
30
E0
E0
ENDCHAR
STARTCHAR $222C
ENCODING 8748
SWIDTH 990 0
DWIDTH 11 0
BBX 10 10 0 -2
BITMAP
0CC0
1540
1100
1100
1100
3100
3100
3100
E500
E600
ENDCHAR
STARTCHAR $222D
ENCODING 8749
SWIDTH 1350 0
DWIDTH 15 0
BBX 15 10 0 -2
BITMAP
0CCE
154E
1118
1118
1110
3110
3110
3110
E550
E660
ENDCHAR
STARTCHAR $2238
ENCODING 8760
SWIDTH 810 0
DWIDTH 9 0
BBX 7 3 1 3
BITMAP
10
00
FE
ENDCHAR
STARTCHAR $2239
ENCODING 8761
SWIDTH 810 0
DWIDTH 9 0
BBX 7 5 1 1
BITMAP
06
00
F8
00
06
ENDCHAR
STARTCHAR $223A
ENCODING 8762
SWIDTH 810 0
DWIDTH 9 0
BBX 7 5 1 1
BITMAP
C6
00
FE
00
C6
ENDCHAR
STARTCHAR $223B
ENCODING 8763
SWIDTH 810 0
DWIDTH 9 0
BBX 7 5 1 1
BITMAP
10
00
FE
00
10
ENDCHAR
STARTCHAR $223C
ENCODING 8764
SWIDTH 810 0
DWIDTH 9 0
BBX 7 1 1 2
BITMAP
FE
ENDCHAR
STARTCHAR $223D
ENCODING 8765
SWIDTH 810 0
DWIDTH 9 0
BBX 7 1 1 2
BITMAP
FE
ENDCHAR
STARTCHAR $2242
ENCODING 8770
SWIDTH 810 0
DWIDTH 9 0
BBX 7 4 1 1
BITMAP
FE
00
FE
0C
ENDCHAR
STARTCHAR $2243
ENCODING 8771
SWIDTH 810 0
DWIDTH 9 0
BBX 7 4 1 2
BITMAP
20
FE
00
FE
ENDCHAR
STARTCHAR $2248
ENCODING 8776
SWIDTH 810 0
DWIDTH 9 0
BBX 7 4 1 2
BITMAP
72
9C
72
8C
ENDCHAR
STARTCHAR $2250
ENCODING 8784
SWIDTH 810 0
DWIDTH 9 0
BBX 7 6 1 2
BITMAP
10
18
00
FE
00
FE
ENDCHAR
STARTCHAR $2251
ENCODING 8785
SWIDTH 810 0
DWIDTH 9 0
BBX 7 9 1 -1
BITMAP
10
18
00
FE
00
FE
00
18
10
ENDCHAR
STARTCHAR $2252
ENCODING 8786
SWIDTH 810 0
DWIDTH 9 0
BBX 7 9 1 -1
BITMAP
C0
C0
00
FE
00
FE
00
06
06
ENDCHAR
STARTCHAR $2253
ENCODING 8787
SWIDTH 810 0
DWIDTH 9 0
BBX 7 9 1 -1
BITMAP
06
06
00
FE
00
FE
00
C0
C0
ENDCHAR
STARTCHAR $2254
ENCODING 8788
SWIDTH 1080 0
DWIDTH 12 0
BBX 10 5 1 1
BITMAP
4000
DFC0
0000
DFC0
C000
ENDCHAR
STARTCHAR $2255
ENCODING 8789
SWIDTH 1080 0
DWIDTH 12 0
BBX 10 5 1 1
BITMAP
0080
FEC0
0000
FEC0
0080
ENDCHAR
STARTCHAR $2260
ENCODING 8800
SWIDTH 810 0
DWIDTH 9 0
BBX 7 6 1 1
BITMAP
04
FE
10
FE
40
40
ENDCHAR
STARTCHAR $2261
ENCODING 8801
SWIDTH 810 0
DWIDTH 9 0
BBX 7 5 1 1
BITMAP
FE
00
FE
00
FE
ENDCHAR
STARTCHAR $2264
ENCODING 8804
SWIDTH 810 0
DWIDTH 9 0
BBX 7 6 1 0
BITMAP
06
3C
C0
3C
06
FE
ENDCHAR
STARTCHAR $2265
ENCODING 8805
SWIDTH 810 0
DWIDTH 9 0
BBX 7 6 1 0
BITMAP
C0
7C
06
7C
C0
FE
ENDCHAR
STARTCHAR $2282
ENCODING 8834
SWIDTH 810 0
DWIDTH 9 0
BBX 7 7 1 0
BITMAP
3E
60
C0
80
C0
60
3E
ENDCHAR
STARTCHAR $2283
ENCODING 8835
SWIDTH 810 0
DWIDTH 9 0
BBX 7 7 1 0
BITMAP
F8
0C
02
02
02
04
F8
ENDCHAR
STARTCHAR $2284
ENCODING 8836
SWIDTH 810 0
DWIDTH 9 0
BBX 7 9 1 -2
BITMAP
04
3E
6C
C8
88
D8
70
3E
20
ENDCHAR
STARTCHAR $2285
ENCODING 8837
SWIDTH 810 0
DWIDTH 9 0
BBX 7 9 1 -2
BITMAP
08
F8
1C
12
32
22
24
F8
40
ENDCHAR
STARTCHAR $2286
ENCODING 8838
SWIDTH 810 0
DWIDTH 9 0
BBX 7 9 1 -1
BITMAP
3E
60
C0
80
C0
40
3E
00
FE
ENDCHAR
STARTCHAR $2287
ENCODING 8839
SWIDTH 810 0
DWIDTH 9 0
BBX 7 9 1 -1
BITMAP
F8
0C
02
02
02
04
F8
00
FE
ENDCHAR
STARTCHAR $228C
ENCODING 8844
SWIDTH 810 0
DWIDTH 9 0
BBX 7 7 1 0
BITMAP
82
82
A2
BA
E2
46
3C
ENDCHAR
STARTCHAR $228D
ENCODING 8845
SWIDTH 810 0
DWIDTH 9 0
BBX 7 7 1 0
BITMAP
82
82
82
9A
D2
46
3C
ENDCHAR
STARTCHAR $228E
ENCODING 8846
SWIDTH 810 0
DWIDTH 9 0
BBX 7 7 1 0
BITMAP
82
82
92
BA
D2
46
3C
ENDCHAR
STARTCHAR $228F
ENCODING 8847
SWIDTH 810 0
DWIDTH 9 0
BBX 7 7 1 0
BITMAP
FE
80
80
80
80
80
FE
ENDCHAR
STARTCHAR $2290
ENCODING 8848
SWIDTH 810 0
DWIDTH 9 0
BBX 7 7 1 0
BITMAP
FE
02
02
02
02
02
FE
ENDCHAR
STARTCHAR $2291
ENCODING 8849
SWIDTH 810 0
DWIDTH 9 0
BBX 7 9 1 -1
BITMAP
FE
80
80
80
80
80
FE
00
FE
ENDCHAR
STARTCHAR $2292
ENCODING 8850
SWIDTH 810 0
DWIDTH 9 0
BBX 7 9 1 -1
BITMAP
FE
02
02
02
02
02
FE
00
FE
ENDCHAR
STARTCHAR $2293
ENCODING 8851
SWIDTH 810 0
DWIDTH 9 0
BBX 7 7 1 0
BITMAP
FE
82
82
82
82
82
82
ENDCHAR
STARTCHAR $2294
ENCODING 8852
SWIDTH 810 0
DWIDTH 9 0
BBX 7 7 1 0
BITMAP
82
82
82
82
82
82
FE
ENDCHAR
STARTCHAR $2295
ENCODING 8853
SWIDTH 810 0
DWIDTH 9 0
BBX 7 7 1 0
BITMAP
38
7C
D2
FE
D2
74
38
ENDCHAR
STARTCHAR $2296
ENCODING 8854
SWIDTH 810 0
DWIDTH 9 0
BBX 7 7 1 0
BITMAP
38
6C
C2
FE
C2
64
38
ENDCHAR
STARTCHAR $2297
ENCODING 8855
SWIDTH 810 0
DWIDTH 9 0
BBX 7 7 1 0
BITMAP
38
6C
EE
9A
FA
64
38
ENDCHAR
STARTCHAR $2298
ENCODING 8856
SWIDTH 810 0
DWIDTH 9 0
BBX 7 7 1 0
BITMAP
38
6C
CE
9A
F2
64
38
ENDCHAR
STARTCHAR $2299
ENCODING 8857
SWIDTH 810 0
DWIDTH 9 0
BBX 7 7 1 0
BITMAP
38
6C
C2
9A
D2
64
38
ENDCHAR
STARTCHAR $229A
ENCODING 8858
SWIDTH 810 0
DWIDTH 9 0
BBX 7 7 1 0
BITMAP
38
6C
D2
AA
DA
64
38
ENDCHAR
STARTCHAR $229B
ENCODING 8859
SWIDTH 810 0
DWIDTH 9 0
BBX 7 7 1 0
BITMAP
38
6C
D2
BA
FA
74
38
ENDCHAR
STARTCHAR $229C
ENCODING 8860
SWIDTH 810 0
DWIDTH 9 0
BBX 7 7 1 0
BITMAP
38
6C
FA
82
FA
64
38
ENDCHAR
STARTCHAR $229D
ENCODING 8861
SWIDTH 810 0
DWIDTH 9 0
BBX 7 7 1 0
BITMAP
38
6C
C2
BA
C2
64
38
ENDCHAR
STARTCHAR $229E
ENCODING 8862
SWIDTH 810 0
DWIDTH 9 0
BBX 7 7 1 0
BITMAP
FE
92
92
FE
92
92
FE
ENDCHAR
STARTCHAR $229F
ENCODING 8863
SWIDTH 810 0
DWIDTH 9 0
BBX 7 7 1 0
BITMAP
FE
82
82
FE
82
82
FE
ENDCHAR
STARTCHAR $22A0
ENCODING 8864
SWIDTH 810 0
DWIDTH 9 0
BBX 7 7 1 0
BITMAP
FE
C6
AA
92
AA
C6
FE
ENDCHAR
STARTCHAR $22A1
ENCODING 8865
SWIDTH 810 0
DWIDTH 9 0
BBX 7 7 1 0
BITMAP
FE
82
82
9A
92
82
FE
ENDCHAR
STARTCHAR $22A2
ENCODING 8866
SWIDTH 900 0
DWIDTH 10 0
BBX 8 8 1 0
BITMAP
80
80
80
FF
FF
80
80
80
ENDCHAR
STARTCHAR $22A3
ENCODING 8867
SWIDTH 900 0
DWIDTH 10 0
BBX 8 8 1 0
BITMAP
03
03
03
FF
FF
03
03
03
ENDCHAR
STARTCHAR $22A4
ENCODING 8868
SWIDTH 990 0
DWIDTH 11 0
BBX 8 8 1 0
BITMAP
FF
FF
08
08
08
08
08
08
ENDCHAR
STARTCHAR $22A5
ENCODING 8869
SWIDTH 990 0
DWIDTH 11 0
BBX 8 8 1 0
BITMAP
08
08
08
08
08
08
08
FF
ENDCHAR
STARTCHAR $22A6
ENCODING 8870
SWIDTH 630 0
DWIDTH 7 0
BBX 5 8 1 0
BITMAP
80
80
80
F8
F8
80
80
80
ENDCHAR
STARTCHAR $22A7
ENCODING 8871
SWIDTH 630 0
DWIDTH 7 0
BBX 5 8 1 0
BITMAP
80
80
F8
F8
F8
F8
80
80
ENDCHAR
STARTCHAR $22A8
ENCODING 8872
SWIDTH 900 0
DWIDTH 10 0
BBX 8 8 1 0
BITMAP
80
80
FF
FF
FF
FF
80
80
ENDCHAR
STARTCHAR $22A9
ENCODING 8873
SWIDTH 900 0
DWIDTH 10 0
BBX 8 8 1 0
BITMAP
B0
B0
B0
BF
BF
B0
B0
B0
ENDCHAR
STARTCHAR $22AA
ENCODING 8874
SWIDTH 900 0
DWIDTH 10 0
BBX 8 8 1 0
BITMAP
BC
BC
BC
BF
BF
BC
BC
BC
ENDCHAR
STARTCHAR $22AB
ENCODING 8875
SWIDTH 1080 0
DWIDTH 12 0
BBX 10 8 1 0
BITMAP
B000
B000
BFC0
BFC0
BFC0
BFC0
B000
B000
ENDCHAR
STARTCHAR $22AC
ENCODING 8876
SWIDTH 900 0
DWIDTH 10 0
BBX 8 10 1 -1
BITMAP
02
84
84
88
FF
FF
90
B0
A0
60
ENDCHAR
STARTCHAR $22AD
ENCODING 8877
SWIDTH 900 0
DWIDTH 10 0
BBX 8 10 1 -1
BITMAP
02
84
84
FF
FF
FF
FF
B0
A0
60
ENDCHAR
STARTCHAR $22AE
ENCODING 8878
SWIDTH 900 0
DWIDTH 10 0
BBX 8 10 1 -1
BITMAP
02
B4
B4
B8
BF
BF
B0
B0
B0
60
ENDCHAR
STARTCHAR $22AF
ENCODING 8879
SWIDTH 1080 0
DWIDTH 12 0
BBX 10 10 1 -1
BITMAP
0100
B200
B200
BFC0
BFC0
BFC0
BFC0
B800
B000
3000
ENDCHAR
STARTCHAR $22C4
ENCODING 8900
SWIDTH 630 0
DWIDTH 7 0
BBX 5 5 1 1
BITMAP
20
70
D8
70
20
ENDCHAR
STARTCHAR $22C5
ENCODING 8901
SWIDTH 360 0
DWIDTH 4 0
BBX 2 2 1 3
BITMAP
C0
C0
ENDCHAR
STARTCHAR $2302
ENCODING 8962
SWIDTH 810 0
DWIDTH 9 0
BBX 7 6 1 1
BITMAP
38
64
82
82
82
FE
ENDCHAR
STARTCHAR $2308
ENCODING 8968
SWIDTH 450 0
DWIDTH 5 0
BBX 3 9 1 -1
BITMAP
E0
C0
C0
C0
C0
C0
C0
C0
C0
ENDCHAR
STARTCHAR $2309
ENCODING 8969
SWIDTH 450 0
DWIDTH 5 0
BBX 3 9 1 -1
BITMAP
E0
60
60
60
60
60
60
60
60
ENDCHAR
STARTCHAR $230A
ENCODING 8970
SWIDTH 450 0
DWIDTH 5 0
BBX 3 9 1 -1
BITMAP
C0
C0
C0
C0
C0
C0
C0
C0
E0
ENDCHAR
STARTCHAR $230B
ENCODING 8971
SWIDTH 450 0
DWIDTH 5 0
BBX 3 9 1 -1
BITMAP
60
60
60
60
60
60
60
60
E0
ENDCHAR
STARTCHAR $2310
ENCODING 8976
SWIDTH 810 0
DWIDTH 9 0
BBX 7 3 1 2
BITMAP
FE
80
80
ENDCHAR
STARTCHAR $2311
ENCODING 8977
SWIDTH 540 0
DWIDTH 6 0
BBX 6 6 0 1
BITMAP
FC
88
88
88
B4
CC
ENDCHAR
STARTCHAR $2318
ENCODING 8984
SWIDTH 900 0
DWIDTH 10 0
BBX 8 8 1 0
BITMAP
E7
95
FF
14
7E
95
95
67
ENDCHAR
STARTCHAR $2319
ENCODING 8985
SWIDTH 810 0
DWIDTH 9 0
BBX 7 3 1 2
BITMAP
80
80
FE
ENDCHAR
STARTCHAR $2320
ENCODING 8992
SWIDTH 540 0
DWIDTH 6 0
BBX 4 13 2 -3
BITMAP
70
40
40
40
40
40
C0
C0
C0
C0
C0
C0
C0
ENDCHAR
STARTCHAR $2321
ENCODING 8993
SWIDTH 540 0
DWIDTH 6 0
BBX 4 13 0 -3
BITMAP
30
30
30
30
30
30
30
30
30
30
20
E0
40
ENDCHAR
STARTCHAR $2325
ENCODING 8997
SWIDTH 990 0
DWIDTH 11 0
BBX 9 8 1 0
BITMAP
E780
1000
1000
0800
0800
0400
0400
0380
ENDCHAR
STARTCHAR $2328
ENCODING 9000
SWIDTH 1440 0
DWIDTH 16 0
BBX 14 8 1 0
BITMAP
FFFC
FBEC
E79C
801C
8004
9E3C
EFDC
FFFC
ENDCHAR
STARTCHAR $237D
ENCODING 9085
SWIDTH 990 0
DWIDTH 11 0
BBX 11 4 0 -3
BITMAP
E0E0
2080
3F80
3F80
ENDCHAR
STARTCHAR $239B
ENCODING 9115
SWIDTH 540 0
DWIDTH 6 0
BBX 3 13 1 -3
BITMAP
20
20
60
40
C0
C0
C0
80
80
80
80
80
80
ENDCHAR
STARTCHAR $239C
ENCODING 9116
SWIDTH 540 0
DWIDTH 6 0
BBX 1 13 1 -3
BITMAP
80
80
80
80
80
80
80
80
80
80
80
80
80
ENDCHAR
STARTCHAR $239D
ENCODING 9117
SWIDTH 540 0
DWIDTH 6 0
BBX 4 13 1 -3
BITMAP
80
80
80
80
80
80
C0
C0
40
40
60
20
30
ENDCHAR
STARTCHAR $239E
ENCODING 9118
SWIDTH 540 0
DWIDTH 6 0
BBX 4 13 1 -3
BITMAP
80
C0
40
60
20
20
20
30
30
30
30
30
30
ENDCHAR
STARTCHAR $239F
ENCODING 9119
SWIDTH 540 0
DWIDTH 6 0
BBX 2 13 3 -3
BITMAP
C0
C0
C0
C0
C0
C0
C0
C0
C0
C0
C0
C0
C0
ENDCHAR
STARTCHAR $23A0
ENCODING 9120
SWIDTH 540 0
DWIDTH 6 0
BBX 4 13 1 -3
BITMAP
30
30
30
30
30
30
20
20
60
60
40
C0
80
ENDCHAR
STARTCHAR $23A1
ENCODING 9121
SWIDTH 540 0
DWIDTH 6 0
BBX 4 13 1 -3
BITMAP
F0
80
80
80
80
80
80
80
80
80
80
80
80
ENDCHAR
STARTCHAR $23A2
ENCODING 9122
SWIDTH 540 0
DWIDTH 6 0
BBX 1 13 1 -3
BITMAP
80
80
80
80
80
80
80
80
80
80
80
80
80
ENDCHAR
STARTCHAR $23A3
ENCODING 9123
SWIDTH 540 0
DWIDTH 6 0
BBX 4 13 1 -3
BITMAP
80
80
80
80
80
80
80
80
80
80
80
F0
F0
ENDCHAR
STARTCHAR $23A4
ENCODING 9124
SWIDTH 540 0
DWIDTH 6 0
BBX 4 13 1 -3
BITMAP
F0
30
30
30
30
30
30
30
30
30
30
30
30
ENDCHAR
STARTCHAR $23A5
ENCODING 9125
SWIDTH 540 0
DWIDTH 6 0
BBX 2 13 3 -3
BITMAP
C0
C0
C0
C0
C0
C0
C0
C0
C0
C0
C0
C0
C0
ENDCHAR
STARTCHAR $23A6
ENCODING 9126
SWIDTH 540 0
DWIDTH 6 0
BBX 4 13 1 -3
BITMAP
30
30
30
30
30
30
30
30
30
30
30
F0
F0
ENDCHAR
STARTCHAR $23A7
ENCODING 9127
SWIDTH 720 0
DWIDTH 8 0
BBX 4 13 3 -3
BITMAP
70
40
C0
C0
C0
C0
C0
C0
C0
C0
C0
C0
C0
ENDCHAR
STARTCHAR $23A8
ENCODING 9128
SWIDTH 720 0
DWIDTH 8 0
BBX 4 13 1 -3
BITMAP
30
30
30
30
30
E0
E0
30
30
30
30
30
30
ENDCHAR
STARTCHAR $23A9
ENCODING 9129
SWIDTH 720 0
DWIDTH 8 0
BBX 4 13 3 -3
BITMAP
C0
C0
C0
C0
C0
C0
C0
C0
C0
C0
C0
70
30
ENDCHAR
STARTCHAR $23AA
ENCODING 9130
SWIDTH 720 0
DWIDTH 8 0
BBX 2 13 3 -3
BITMAP
C0
C0
C0
C0
C0
C0
C0
C0
C0
C0
C0
C0
C0
ENDCHAR
STARTCHAR $23AB
ENCODING 9131
SWIDTH 720 0
DWIDTH 8 0
BBX 4 13 1 -3
BITMAP
E0
30
30
30
30
30
30
30
30
30
30
30
30
ENDCHAR
STARTCHAR $23AC
ENCODING 9132
SWIDTH 720 0
DWIDTH 8 0
BBX 4 13 3 -3
BITMAP
C0
C0
C0
C0
C0
70
70
40
C0
C0
C0
C0
C0
ENDCHAR
STARTCHAR $23AD
ENCODING 9133
SWIDTH 720 0
DWIDTH 8 0
BBX 4 13 1 -3
BITMAP
30
30
30
30
30
30
30
30
30
30
30
E0
C0
ENDCHAR
STARTCHAR $23AE
ENCODING 9134
SWIDTH 540 0
DWIDTH 6 0
BBX 2 13 2 -3
BITMAP
C0
C0
C0
C0
C0
C0
C0
C0
C0
C0
C0
C0
C0
ENDCHAR
STARTCHAR $23CF
ENCODING 9167
SWIDTH 900 0
DWIDTH 10 0
BBX 8 6 1 1
BITMAP
1C
7E
01
FF
FF
FF
ENDCHAR
STARTCHAR $2423
ENCODING 9251
SWIDTH 810 0
DWIDTH 9 0
BBX 7 4 1 -3
BITMAP
82
82
FE
FE
ENDCHAR
STARTCHAR $2500
ENCODING 9472
SWIDTH 630 0
DWIDTH 7 0
BBX 7 1 0 3
BITMAP
FE
ENDCHAR
STARTCHAR $2501
ENCODING 9473
SWIDTH 630 0
DWIDTH 7 0
BBX 7 2 0 3
BITMAP
FE
FE
ENDCHAR
STARTCHAR $2502
ENCODING 9474
SWIDTH 630 0
DWIDTH 7 0
BBX 1 13 3 -3
BITMAP
80
80
80
80
80
80
80
80
80
80
80
80
80
ENDCHAR
STARTCHAR $2503
ENCODING 9475
SWIDTH 630 0
DWIDTH 7 0
BBX 2 13 2 -3
BITMAP
C0
C0
C0
C0
C0
C0
C0
C0
C0
C0
C0
C0
C0
ENDCHAR
STARTCHAR $2504
ENCODING 9476
SWIDTH 630 0
DWIDTH 7 0
BBX 6 1 0 3
BITMAP
D4
ENDCHAR
STARTCHAR $2505
ENCODING 9477
SWIDTH 630 0
DWIDTH 7 0
BBX 6 2 0 3
BITMAP
D4
D4
ENDCHAR
STARTCHAR $2506
ENCODING 9478
SWIDTH 630 0
DWIDTH 7 0
BBX 1 12 3 -2
BITMAP
80
80
80
80
00
80
80
80
00
80
80
80
ENDCHAR
STARTCHAR $2507
ENCODING 9479
SWIDTH 630 0
DWIDTH 7 0
BBX 2 12 2 -2
BITMAP
C0
C0
C0
C0
00
C0
C0
C0
00
C0
C0
C0
ENDCHAR
STARTCHAR $2508
ENCODING 9480
SWIDTH 630 0
DWIDTH 7 0
BBX 6 1 0 3
BITMAP
AC
ENDCHAR
STARTCHAR $2509
ENCODING 9481
SWIDTH 630 0
DWIDTH 7 0
BBX 6 2 0 3
BITMAP
AC
AC
ENDCHAR
STARTCHAR $250A
ENCODING 9482
SWIDTH 630 0
DWIDTH 7 0
BBX 1 12 3 -2
BITMAP
80
80
80
80
80
80
00
80
80
00
80
80
ENDCHAR
STARTCHAR $250B
ENCODING 9483
SWIDTH 630 0
DWIDTH 7 0
BBX 2 12 2 -2
BITMAP
C0
C0
C0
C0
C0
C0
00
C0
C0
00
C0
C0
ENDCHAR
STARTCHAR $250C
ENCODING 9484
SWIDTH 630 0
DWIDTH 7 0
BBX 4 7 3 -3
BITMAP
F0
80
80
80
80
80
80
ENDCHAR
STARTCHAR $250D
ENCODING 9485
SWIDTH 630 0
DWIDTH 7 0
BBX 4 8 3 -3
BITMAP
F0
F0
80
80
80
80
80
80
ENDCHAR
STARTCHAR $250E
ENCODING 9486
SWIDTH 630 0
DWIDTH 7 0
BBX 5 7 2 -3
BITMAP
F8
C0
C0
C0
C0
C0
C0
ENDCHAR
STARTCHAR $250F
ENCODING 9487
SWIDTH 630 0
DWIDTH 7 0
BBX 5 8 2 -3
BITMAP
F8
F8
C0
C0
C0
C0
C0
C0
ENDCHAR
STARTCHAR $2510
ENCODING 9488
SWIDTH 630 0
DWIDTH 7 0
BBX 4 7 0 -3
BITMAP
F0
10
10
10
10
10
10
ENDCHAR
STARTCHAR $2511
ENCODING 9489
SWIDTH 630 0
DWIDTH 7 0
BBX 4 8 0 -3
BITMAP
F0
F0
10
10
10
10
10
10
ENDCHAR
STARTCHAR $2512
ENCODING 9490
SWIDTH 630 0
DWIDTH 7 0
BBX 4 7 0 -3
BITMAP
F0
30
30
30
30
30
30
ENDCHAR
STARTCHAR $2513
ENCODING 9491
SWIDTH 630 0
DWIDTH 7 0
BBX 4 8 0 -3
BITMAP
F0
F0
30
30
30
30
30
30
ENDCHAR
STARTCHAR $2514
ENCODING 9492
SWIDTH 630 0
DWIDTH 7 0
BBX 4 7 3 3
BITMAP
80
80
80
80
80
80
F0
ENDCHAR
STARTCHAR $2515
ENCODING 9493
SWIDTH 630 0
DWIDTH 7 0
BBX 4 7 3 3
BITMAP
80
80
80
80
80
F0
F0
ENDCHAR
STARTCHAR $2516
ENCODING 9494
SWIDTH 630 0
DWIDTH 7 0
BBX 5 7 2 3
BITMAP
C0
C0
C0
C0
C0
C0
F8
ENDCHAR
STARTCHAR $2517
ENCODING 9495
SWIDTH 630 0
DWIDTH 7 0
BBX 5 7 2 3
BITMAP
C0
C0
C0
C0
C0
F8
F8
ENDCHAR
STARTCHAR $2518
ENCODING 9496
SWIDTH 630 0
DWIDTH 7 0
BBX 4 7 0 3
BITMAP
10
10
10
10
10
10
F0
ENDCHAR
STARTCHAR $2519
ENCODING 9497
SWIDTH 630 0
DWIDTH 7 0
BBX 4 7 0 3
BITMAP
10
10
10
10
10
F0
F0
ENDCHAR
STARTCHAR $251A
ENCODING 9498
SWIDTH 630 0
DWIDTH 7 0
BBX 4 7 0 3
BITMAP
30
30
30
30
30
30
F0
ENDCHAR
STARTCHAR $251B
ENCODING 9499
SWIDTH 630 0
DWIDTH 7 0
BBX 4 7 0 3
BITMAP
30
30
30
30
30
F0
F0
ENDCHAR
STARTCHAR $251C
ENCODING 9500
SWIDTH 630 0
DWIDTH 7 0
BBX 4 13 3 -3
BITMAP
80
80
80
80
80
80
F0
80
80
80
80
80
80
ENDCHAR
STARTCHAR $251D
ENCODING 9501
SWIDTH 630 0
DWIDTH 7 0
BBX 4 13 3 -3
BITMAP
80
80
80
80
80
F0
F0
80
80
80
80
80
80
ENDCHAR
STARTCHAR $251E
ENCODING 9502
SWIDTH 630 0
DWIDTH 7 0
BBX 5 13 2 -3
BITMAP
C0
C0
C0
C0
C0
C0
F8
40
40
40
40
40
40
ENDCHAR
STARTCHAR $251F
ENCODING 9503
SWIDTH 630 0
DWIDTH 7 0
BBX 5 13 2 -3
BITMAP
40
40
40
40
40
40
F8
C0
C0
C0
C0
C0
C0
ENDCHAR
STARTCHAR $2520
ENCODING 9504
SWIDTH 630 0
DWIDTH 7 0
BBX 5 13 2 -3
BITMAP
C0
C0
C0
C0
C0
C0
F8
C0
C0
C0
C0
C0
C0
ENDCHAR
STARTCHAR $2521
ENCODING 9505
SWIDTH 630 0
DWIDTH 7 0
BBX 5 13 2 -3
BITMAP
C0
C0
C0
C0
C0
F8
F8
40
40
40
40
40
40
ENDCHAR
STARTCHAR $2522
ENCODING 9506
SWIDTH 630 0
DWIDTH 7 0
BBX 5 13 2 -3
BITMAP
40
40
40
40
40
F8
F8
C0
C0
C0
C0
C0
C0
ENDCHAR
STARTCHAR $2523
ENCODING 9507
SWIDTH 630 0
DWIDTH 7 0
BBX 5 13 2 -3
BITMAP
C0
C0
C0
C0
C0
F8
F8
C0
C0
C0
C0
C0
C0
ENDCHAR
STARTCHAR $2524
ENCODING 9508
SWIDTH 630 0
DWIDTH 7 0
BBX 4 13 0 -3
BITMAP
10
10
10
10
10
10
F0
10
10
10
10
10
10
ENDCHAR
STARTCHAR $2525
ENCODING 9509
SWIDTH 630 0
DWIDTH 7 0
BBX 4 13 0 -3
BITMAP
10
10
10
10
10
F0
F0
10
10
10
10
10
10
ENDCHAR
STARTCHAR $2526
ENCODING 9510
SWIDTH 630 0
DWIDTH 7 0
BBX 4 13 0 -3
BITMAP
30
30
30
30
30
30
F0
10
10
10
10
10
10
ENDCHAR
STARTCHAR $2527
ENCODING 9511
SWIDTH 630 0
DWIDTH 7 0
BBX 4 13 0 -3
BITMAP
10
10
10
10
10
10
F0
30
30
30
30
30
30
ENDCHAR
STARTCHAR $2528
ENCODING 9512
SWIDTH 630 0
DWIDTH 7 0
BBX 4 13 0 -3
BITMAP
30
30
30
30
30
30
F0
30
30
30
30
30
30
ENDCHAR
STARTCHAR $2529
ENCODING 9513
SWIDTH 630 0
DWIDTH 7 0
BBX 4 13 0 -3
BITMAP
30
30
30
30
30
F0
F0
10
10
10
10
10
10
ENDCHAR
STARTCHAR $252A
ENCODING 9514
SWIDTH 630 0
DWIDTH 7 0
BBX 4 13 0 -3
BITMAP
10
10
10
10
10
F0
F0
30
30
30
30
30
30
ENDCHAR
STARTCHAR $252B
ENCODING 9515
SWIDTH 630 0
DWIDTH 7 0
BBX 4 13 0 -3
BITMAP
30
30
30
30
30
F0
F0
30
30
30
30
30
30
ENDCHAR
STARTCHAR $252C
ENCODING 9516
SWIDTH 630 0
DWIDTH 7 0
BBX 7 7 0 -3
BITMAP
FE
10
10
10
10
10
10
ENDCHAR
STARTCHAR $252D
ENCODING 9517
SWIDTH 630 0
DWIDTH 7 0
BBX 7 8 0 -3
BITMAP
F0
FE
10
10
10
10
10
10
ENDCHAR
STARTCHAR $252E
ENCODING 9518
SWIDTH 630 0
DWIDTH 7 0
BBX 7 8 0 -3
BITMAP
1E
FE
10
10
10
10
10
10
ENDCHAR
STARTCHAR $252F
ENCODING 9519
SWIDTH 630 0
DWIDTH 7 0
BBX 7 8 0 -3
BITMAP
FE
FE
10
10
10
10
10
10
ENDCHAR
STARTCHAR $2530
ENCODING 9520
SWIDTH 630 0
DWIDTH 7 0
BBX 7 7 0 -3
BITMAP
FE
30
30
30
30
30
30
ENDCHAR
STARTCHAR $2531
ENCODING 9521
SWIDTH 630 0
DWIDTH 7 0
BBX 7 8 0 -3
BITMAP
F0
FE
30
30
30
30
30
30
ENDCHAR
STARTCHAR $2532
ENCODING 9522
SWIDTH 630 0
DWIDTH 7 0
BBX 7 8 0 -3
BITMAP
3E
FE
30
30
30
30
30
30
ENDCHAR
STARTCHAR $2533
ENCODING 9523
SWIDTH 630 0
DWIDTH 7 0
BBX 7 8 0 -3
BITMAP
FE
FE
30
30
30
30
30
30
ENDCHAR
STARTCHAR $2534
ENCODING 9524
SWIDTH 630 0
DWIDTH 7 0
BBX 7 7 0 3
BITMAP
10
10
10
10
10
10
FE
ENDCHAR
STARTCHAR $2535
ENCODING 9525
SWIDTH 630 0
DWIDTH 7 0
BBX 7 7 0 3
BITMAP
10
10
10
10
10
F0
FE
ENDCHAR
STARTCHAR $2536
ENCODING 9526
SWIDTH 630 0
DWIDTH 7 0
BBX 7 7 0 3
BITMAP
10
10
10
10
10
1E
FE
ENDCHAR
STARTCHAR $2537
ENCODING 9527
SWIDTH 630 0
DWIDTH 7 0
BBX 7 7 0 3
BITMAP
10
10
10
10
10
FE
FE
ENDCHAR
STARTCHAR $2538
ENCODING 9528
SWIDTH 630 0
DWIDTH 7 0
BBX 7 7 0 3
BITMAP
30
30
30
30
30
30
FE
ENDCHAR
STARTCHAR $2539
ENCODING 9529
SWIDTH 630 0
DWIDTH 7 0
BBX 7 7 0 3
BITMAP
30
30
30
30
30
F0
FE
ENDCHAR
STARTCHAR $253A
ENCODING 9530
SWIDTH 630 0
DWIDTH 7 0
BBX 7 7 0 3
BITMAP
30
30
30
30
30
3E
FE
ENDCHAR
STARTCHAR $253B
ENCODING 9531
SWIDTH 630 0
DWIDTH 7 0
BBX 7 7 0 3
BITMAP
30
30
30
30
30
FE
FE
ENDCHAR
STARTCHAR $253C
ENCODING 9532
SWIDTH 630 0
DWIDTH 7 0
BBX 7 13 0 -3
BITMAP
10
10
10
10
10
10
FE
10
10
10
10
10
10
ENDCHAR
STARTCHAR $253D
ENCODING 9533
SWIDTH 630 0
DWIDTH 7 0
BBX 7 13 0 -3
BITMAP
10
10
10
10
10
F0
FE
10
10
10
10
10
10
ENDCHAR
STARTCHAR $253E
ENCODING 9534
SWIDTH 630 0
DWIDTH 7 0
BBX 7 13 0 -3
BITMAP
10
10
10
10
10
1E
FE
10
10
10
10
10
10
ENDCHAR
STARTCHAR $253F
ENCODING 9535
SWIDTH 630 0
DWIDTH 7 0
BBX 7 13 0 -3
BITMAP
10
10
10
10
10
FE
FE
10
10
10
10
10
10
ENDCHAR
STARTCHAR $2540
ENCODING 9536
SWIDTH 630 0
DWIDTH 7 0
BBX 7 13 0 -3
BITMAP
30
30
30
30
30
30
FE
10
10
10
10
10
10
ENDCHAR
STARTCHAR $2541
ENCODING 9537
SWIDTH 630 0
DWIDTH 7 0
BBX 7 13 0 -3
BITMAP
10
10
10
10
10
10
FE
30
30
30
30
30
30
ENDCHAR
STARTCHAR $2542
ENCODING 9538
SWIDTH 630 0
DWIDTH 7 0
BBX 7 13 0 -3
BITMAP
30
30
30
30
30
30
FE
30
30
30
30
30
30
ENDCHAR
STARTCHAR $2543
ENCODING 9539
SWIDTH 630 0
DWIDTH 7 0
BBX 7 13 0 -3
BITMAP
30
30
30
30
30
F0
FE
10
10
10
10
10
10
ENDCHAR
STARTCHAR $2544
ENCODING 9540
SWIDTH 630 0
DWIDTH 7 0
BBX 7 13 0 -3
BITMAP
30
30
30
30
30
3E
FE
10
10
10
10
10
10
ENDCHAR
STARTCHAR $2545
ENCODING 9541
SWIDTH 630 0
DWIDTH 7 0
BBX 7 13 0 -3
BITMAP
10
10
10
10
10
F0
FE
30
30
30
30
30
30
ENDCHAR
STARTCHAR $2546
ENCODING 9542
SWIDTH 630 0
DWIDTH 7 0
BBX 7 13 0 -3
BITMAP
10
10
10
10
10
3E
FE
30
30
30
30
30
30
ENDCHAR
STARTCHAR $2547
ENCODING 9543
SWIDTH 630 0
DWIDTH 7 0
BBX 7 13 0 -3
BITMAP
30
30
30
30
30
FE
FE
10
10
10
10
10
10
ENDCHAR
STARTCHAR $2548
ENCODING 9544
SWIDTH 630 0
DWIDTH 7 0
BBX 7 13 0 -3
BITMAP
10
10
10
10
10
FE
FE
30
30
30
30
30
30
ENDCHAR
STARTCHAR $2549
ENCODING 9545
SWIDTH 630 0
DWIDTH 7 0
BBX 7 13 0 -3
BITMAP
30
30
30
30
30
F0
FE
30
30
30
30
30
30
ENDCHAR
STARTCHAR $254A
ENCODING 9546
SWIDTH 630 0
DWIDTH 7 0
BBX 7 13 0 -3
BITMAP
30
30
30
30
30
3E
FE
30
30
30
30
30
30
ENDCHAR
STARTCHAR $254B
ENCODING 9547
SWIDTH 630 0
DWIDTH 7 0
BBX 7 13 0 -3
BITMAP
30
30
30
30
30
FE
FE
30
30
30
30
30
30
ENDCHAR
STARTCHAR $254C
ENCODING 9548
SWIDTH 630 0
DWIDTH 7 0
BBX 6 1 0 3
BITMAP
EC
ENDCHAR
STARTCHAR $254D
ENCODING 9549
SWIDTH 630 0
DWIDTH 7 0
BBX 6 2 0 3
BITMAP
EC
EC
ENDCHAR
STARTCHAR $254E
ENCODING 9550
SWIDTH 630 0
DWIDTH 7 0
BBX 1 11 3 -2
BITMAP
80
80
80
80
00
00
80
80
80
80
80
ENDCHAR
STARTCHAR $254F
ENCODING 9551
SWIDTH 630 0
DWIDTH 7 0
BBX 2 11 2 -2
BITMAP
C0
C0
C0
C0
00
00
C0
C0
C0
C0
C0
ENDCHAR
STARTCHAR $2550
ENCODING 9552
SWIDTH 630 0
DWIDTH 7 0
BBX 7 3 0 2
BITMAP
FE
00
FE
ENDCHAR
STARTCHAR $2551
ENCODING 9553
SWIDTH 630 0
DWIDTH 7 0
BBX 3 13 2 -3
BITMAP
A0
A0
A0
A0
A0
A0
A0
A0
A0
A0
A0
A0
A0
ENDCHAR
STARTCHAR $2552
ENCODING 9554
SWIDTH 630 0
DWIDTH 7 0
BBX 4 8 3 -3
BITMAP
F0
80
F0
80
80
80
80
80
ENDCHAR
STARTCHAR $2553
ENCODING 9555
SWIDTH 630 0
DWIDTH 7 0
BBX 5 7 2 -3
BITMAP
F8
A0
A0
A0
A0
A0
A0
ENDCHAR
STARTCHAR $2554
ENCODING 9556
SWIDTH 630 0
DWIDTH 7 0
BBX 5 8 2 -3
BITMAP
F8
80
B8
A0
A0
A0
A0
A0
ENDCHAR
STARTCHAR $2555
ENCODING 9557
SWIDTH 630 0
DWIDTH 7 0
BBX 4 8 0 -3
BITMAP
F0
10
F0
10
10
10
10
10
ENDCHAR
STARTCHAR $2556
ENCODING 9558
SWIDTH 630 0
DWIDTH 7 0
BBX 5 7 0 -3
BITMAP
F8
28
28
28
28
28
28
ENDCHAR
STARTCHAR $2557
ENCODING 9559
SWIDTH 630 0
DWIDTH 7 0
BBX 5 8 0 -3
BITMAP
F8
08
E8
28
28
28
28
28
ENDCHAR
STARTCHAR $2558
ENCODING 9560
SWIDTH 630 0
DWIDTH 7 0
BBX 4 8 3 2
BITMAP
80
80
80
80
80
F0
80
F0
ENDCHAR
STARTCHAR $2559
ENCODING 9561
SWIDTH 630 0
DWIDTH 7 0
BBX 5 7 2 3
BITMAP
A0
A0
A0
A0
A0
A0
F8
ENDCHAR
STARTCHAR $255A
ENCODING 9562
SWIDTH 630 0
DWIDTH 7 0
BBX 5 8 2 2
BITMAP
A0
A0
A0
A0
A0
B8
80
F8
ENDCHAR
STARTCHAR $255B
ENCODING 9563
SWIDTH 630 0
DWIDTH 7 0
BBX 4 8 0 2
BITMAP
10
10
10
10
10
F0
10
F0
ENDCHAR
STARTCHAR $255C
ENCODING 9564
SWIDTH 630 0
DWIDTH 7 0
BBX 5 7 0 3
BITMAP
28
28
28
28
28
28
F8
ENDCHAR
STARTCHAR $255D
ENCODING 9565
SWIDTH 630 0
DWIDTH 7 0
BBX 5 8 0 2
BITMAP
28
28
28
28
28
E8
08
F8
ENDCHAR
STARTCHAR $255E
ENCODING 9566
SWIDTH 630 0
DWIDTH 7 0
BBX 4 13 3 -3
BITMAP
80
80
80
80
80
F0
80
F0
80
80
80
80
80
ENDCHAR
STARTCHAR $255F
ENCODING 9567
SWIDTH 630 0
DWIDTH 7 0
BBX 5 13 2 -3
BITMAP
A0
A0
A0
A0
A0
A0
B8
A0
A0
A0
A0
A0
A0
ENDCHAR
STARTCHAR $2560
ENCODING 9568
SWIDTH 630 0
DWIDTH 7 0
BBX 5 13 2 -3
BITMAP
A0
A0
A0
A0
A0
B8
80
B8
A0
A0
A0
A0
A0
ENDCHAR
STARTCHAR $2561
ENCODING 9569
SWIDTH 630 0
DWIDTH 7 0
BBX 4 13 0 -3
BITMAP
10
10
10
10
10
F0
10
F0
10
10
10
10
10
ENDCHAR
STARTCHAR $2562
ENCODING 9570
SWIDTH 630 0
DWIDTH 7 0
BBX 5 13 0 -3
BITMAP
28
28
28
28
28
28
E8
28
28
28
28
28
28
ENDCHAR
STARTCHAR $2563
ENCODING 9571
SWIDTH 630 0
DWIDTH 7 0
BBX 5 13 0 -3
BITMAP
28
28
28
28
28
E8
08
E8
28
28
28
28
28
ENDCHAR
STARTCHAR $2564
ENCODING 9572
SWIDTH 630 0
DWIDTH 7 0
BBX 7 8 0 -3
BITMAP
FE
00
FE
10
10
10
10
10
ENDCHAR
STARTCHAR $2565
ENCODING 9573
SWIDTH 630 0
DWIDTH 7 0
BBX 7 7 0 -3
BITMAP
FE
28
28
28
28
28
28
ENDCHAR
STARTCHAR $2566
ENCODING 9574
SWIDTH 630 0
DWIDTH 7 0
BBX 7 8 0 -3
BITMAP
FE
00
EE
28
28
28
28
28
ENDCHAR
STARTCHAR $2567
ENCODING 9575
SWIDTH 630 0
DWIDTH 7 0
BBX 7 8 0 2
BITMAP
10
10
10
10
10
FE
00
FE
ENDCHAR
STARTCHAR $2568
ENCODING 9576
SWIDTH 630 0
DWIDTH 7 0
BBX 7 7 0 3
BITMAP
28
28
28
28
28
28
FE
ENDCHAR
STARTCHAR $2569
ENCODING 9577
SWIDTH 630 0
DWIDTH 7 0
BBX 7 8 0 2
BITMAP
28
28
28
28
28
EE
00
FE
ENDCHAR
STARTCHAR $256A
ENCODING 9578
SWIDTH 630 0
DWIDTH 7 0
BBX 7 13 0 -3
BITMAP
10
10
10
10
10
FE
10
FE
10
10
10
10
10
ENDCHAR
STARTCHAR $256B
ENCODING 9579
SWIDTH 630 0
DWIDTH 7 0
BBX 7 13 0 -3
BITMAP
28
28
28
28
28
28
FE
28
28
28
28
28
28
ENDCHAR
STARTCHAR $256C
ENCODING 9580
SWIDTH 630 0
DWIDTH 7 0
BBX 7 13 0 -3
BITMAP
28
28
28
28
28
EE
00
EE
28
28
28
28
28
ENDCHAR
STARTCHAR $256D
ENCODING 9581
SWIDTH 630 0
DWIDTH 7 0
BBX 4 7 3 -3
BITMAP
F0
80
80
80
80
80
80
ENDCHAR
STARTCHAR $256E
ENCODING 9582
SWIDTH 630 0
DWIDTH 7 0
BBX 4 7 0 -3
BITMAP
E0
10
10
10
10
10
10
ENDCHAR
STARTCHAR $256F
ENCODING 9583
SWIDTH 630 0
DWIDTH 7 0
BBX 4 7 0 3
BITMAP
10
10
10
10
10
10
E0
ENDCHAR
STARTCHAR $2570
ENCODING 9584
SWIDTH 630 0
DWIDTH 7 0
BBX 4 7 3 3
BITMAP
80
80
80
80
80
80
70
ENDCHAR
STARTCHAR $2571
ENCODING 9585
SWIDTH 630 0
DWIDTH 7 0
BBX 7 13 0 -3
BITMAP
02
04
04
08
08
10
10
20
20
40
40
80
80
ENDCHAR
STARTCHAR $2572
ENCODING 9586
SWIDTH 630 0
DWIDTH 7 0
BBX 7 13 0 -3
BITMAP
80
80
40
40
20
20
10
10
08
08
04
02
02
ENDCHAR
STARTCHAR $2573
ENCODING 9587
SWIDTH 630 0
DWIDTH 7 0
BBX 7 13 0 -3
BITMAP
82
84
44
48
28
30
10
30
28
48
44
82
82
ENDCHAR
STARTCHAR $2574
ENCODING 9588
SWIDTH 630 0
DWIDTH 7 0
BBX 3 1 0 3
BITMAP
E0
ENDCHAR
STARTCHAR $2575
ENCODING 9589
SWIDTH 630 0
DWIDTH 7 0
BBX 1 6 3 4
BITMAP
80
80
80
80
80
80
ENDCHAR
STARTCHAR $2576
ENCODING 9590
SWIDTH 630 0
DWIDTH 7 0
BBX 4 1 3 3
BITMAP
F0
ENDCHAR
STARTCHAR $2577
ENCODING 9591
SWIDTH 630 0
DWIDTH 7 0
BBX 1 7 3 -3
BITMAP
80
80
80
80
80
80
80
ENDCHAR
STARTCHAR $2578
ENCODING 9592
SWIDTH 630 0
DWIDTH 7 0
BBX 3 2 0 3
BITMAP
E0
E0
ENDCHAR
STARTCHAR $2579
ENCODING 9593
SWIDTH 630 0
DWIDTH 7 0
BBX 2 6 2 4
BITMAP
C0
C0
C0
C0
C0
C0
ENDCHAR
STARTCHAR $257A
ENCODING 9594
SWIDTH 630 0
DWIDTH 7 0
BBX 4 2 3 3
BITMAP
F0
F0
ENDCHAR
STARTCHAR $257B
ENCODING 9595
SWIDTH 630 0
DWIDTH 7 0
BBX 2 7 2 -3
BITMAP
C0
C0
C0
C0
C0
C0
C0
ENDCHAR
STARTCHAR $257C
ENCODING 9596
SWIDTH 630 0
DWIDTH 7 0
BBX 7 2 0 3
BITMAP
1E
FE
ENDCHAR
STARTCHAR $257D
ENCODING 9597
SWIDTH 630 0
DWIDTH 7 0
BBX 2 13 2 -3
BITMAP
40
40
40
40
40
40
C0
C0
C0
C0
C0
C0
C0
ENDCHAR
STARTCHAR $257E
ENCODING 9598
SWIDTH 630 0
DWIDTH 7 0
BBX 7 2 0 3
BITMAP
E0
FE
ENDCHAR
STARTCHAR $257F
ENCODING 9599
SWIDTH 630 0
DWIDTH 7 0
BBX 2 13 2 -3
BITMAP
C0
C0
C0
C0
C0
C0
40
40
40
40
40
40
40
ENDCHAR
STARTCHAR $2580
ENCODING 9600
SWIDTH 720 0
DWIDTH 8 0
BBX 9 7 0 4
BITMAP
FF80
FF80
FF80
FF80
FF80
FF80
FF80
ENDCHAR
STARTCHAR $2581
ENCODING 9601
SWIDTH 720 0
DWIDTH 8 0
BBX 9 2 0 -3
BITMAP
FF80
FF80
ENDCHAR
STARTCHAR $2582
ENCODING 9602
SWIDTH 720 0
DWIDTH 8 0
BBX 9 4 0 -3
BITMAP
FF80
FF80
FF80
FF80
ENDCHAR
STARTCHAR $2583
ENCODING 9603
SWIDTH 720 0
DWIDTH 8 0
BBX 9 5 0 -3
BITMAP
FF80
FF80
FF80
FF80
FF80
ENDCHAR
STARTCHAR $2584
ENCODING 9604
SWIDTH 720 0
DWIDTH 8 0
BBX 9 7 0 -3
BITMAP
FF80
FF80
FF80
FF80
FF80
FF80
FF80
ENDCHAR
STARTCHAR $2585
ENCODING 9605
SWIDTH 720 0
DWIDTH 8 0
BBX 9 8 0 -3
BITMAP
FF80
FF80
FF80
FF80
FF80
FF80
FF80
FF80
ENDCHAR
STARTCHAR $2586
ENCODING 9606
SWIDTH 720 0
DWIDTH 8 0
BBX 9 10 0 -3
BITMAP
FF80
FF80
FF80
FF80
FF80
FF80
FF80
FF80
FF80
FF80
ENDCHAR
STARTCHAR $2587
ENCODING 9607
SWIDTH 720 0
DWIDTH 8 0
BBX 9 12 0 -3
BITMAP
FF80
FF80
FF80
FF80
FF80
FF80
FF80
FF80
FF80
FF80
FF80
FF80
ENDCHAR
STARTCHAR $2588
ENCODING 9608
SWIDTH 720 0
DWIDTH 8 0
BBX 9 13 0 -3
BITMAP
FF80
FF80
FF80
FF80
FF80
FF80
FF80
FF80
FF80
FF80
FF80
FF80
FF80
ENDCHAR
STARTCHAR $2589
ENCODING 9609
SWIDTH 720 0
DWIDTH 8 0
BBX 7 13 0 -3
BITMAP
FE
FE
FE
FE
FE
FE
FE
FE
FE
FE
FE
FE
FE
ENDCHAR
STARTCHAR $258A
ENCODING 9610
SWIDTH 720 0
DWIDTH 8 0
BBX 6 13 0 -3
BITMAP
FC
FC
FC
FC
FC
FC
FC
FC
FC
FC
FC
FC
FC
ENDCHAR
STARTCHAR $258B
ENCODING 9611
SWIDTH 720 0
DWIDTH 8 0
BBX 5 13 0 -3
BITMAP
F8
F8
F8
F8
F8
F8
F8
F8
F8
F8
F8
F8
F8
ENDCHAR
STARTCHAR $258C
ENCODING 9612
SWIDTH 720 0
DWIDTH 8 0
BBX 4 13 0 -3
BITMAP
F0
F0
F0
F0
F0
F0
F0
F0
F0
F0
F0
F0
F0
ENDCHAR
STARTCHAR $258D
ENCODING 9613
SWIDTH 720 0
DWIDTH 8 0
BBX 3 13 0 -3
BITMAP
E0
E0
E0
E0
E0
E0
E0
E0
E0
E0
E0
E0
E0
ENDCHAR
STARTCHAR $258E
ENCODING 9614
SWIDTH 720 0
DWIDTH 8 0
BBX 2 13 0 -3
BITMAP
C0
C0
C0
C0
C0
C0
C0
C0
C0
C0
C0
C0
C0
ENDCHAR
STARTCHAR $258F
ENCODING 9615
SWIDTH 720 0
DWIDTH 8 0
BBX 1 13 0 -3
BITMAP
80
80
80
80
80
80
80
80
80
80
80
80
80
ENDCHAR
STARTCHAR $2590
ENCODING 9616
SWIDTH 720 0
DWIDTH 8 0
BBX 5 13 4 -3
BITMAP
F8
F8
F8
F8
F8
F8
F8
F8
F8
F8
F8
F8
F8
ENDCHAR
STARTCHAR $2591
ENCODING 9617
SWIDTH 720 0
DWIDTH 8 0
BBX 7 13 0 -3
BITMAP
88
22
22
88
00
22
88
88
22
00
88
22
22
ENDCHAR
STARTCHAR $2592
ENCODING 9618
SWIDTH 720 0
DWIDTH 8 0
BBX 8 13 0 -3
BITMAP
AA
55
AA
AA
55
AA
55
FF
AA
55
AA
55
55
ENDCHAR
STARTCHAR $2593
ENCODING 9619
SWIDTH 720 0
DWIDTH 8 0
BBX 8 13 0 -3
BITMAP
77
DD
DD
77
FF
DD
77
77
DD
FF
77
DD
DD
ENDCHAR
STARTCHAR $2594
ENCODING 9620
SWIDTH 720 0
DWIDTH 8 0
BBX 9 2 0 8
BITMAP
FF80
FF80
ENDCHAR
STARTCHAR $2595
ENCODING 9621
SWIDTH 720 0
DWIDTH 8 0
BBX 2 13 7 -3
BITMAP
C0
C0
C0
C0
C0
C0
C0
C0
C0
C0
C0
C0
C0
ENDCHAR
STARTCHAR $2596
ENCODING 9622
SWIDTH 720 0
DWIDTH 8 0
BBX 4 7 0 -3
BITMAP
F0
F0
F0
F0
F0
F0
F0
ENDCHAR
STARTCHAR $2597
ENCODING 9623
SWIDTH 720 0
DWIDTH 8 0
BBX 5 7 4 -3
BITMAP
F8
F8
F8
F8
F8
F8
F8
ENDCHAR
STARTCHAR $2598
ENCODING 9624
SWIDTH 720 0
DWIDTH 8 0
BBX 4 7 0 4
BITMAP
F0
F0
F0
F0
F0
F0
F0
ENDCHAR
STARTCHAR $2599
ENCODING 9625
SWIDTH 720 0
DWIDTH 8 0
BBX 9 13 0 -3
BITMAP
F000
F000
F000
F000
F000
F000
FF80
FF80
FF80
FF80
FF80
FF80
FF80
ENDCHAR
STARTCHAR $259A
ENCODING 9626
SWIDTH 720 0
DWIDTH 8 0
BBX 9 14 0 -3
BITMAP
F000
F000
F000
F000
F000
F000
F000
0F80
0F80
0F80
0F80
0F80
0F80
0F80
ENDCHAR
STARTCHAR $259B
ENCODING 9627
SWIDTH 720 0
DWIDTH 8 0
BBX 9 13 0 -3
BITMAP
FF80
FF80
FF80
FF80
FF80
FF80
F000
F000
F000
F000
F000
F000
F000
ENDCHAR
STARTCHAR $259C
ENCODING 9628
SWIDTH 720 0
DWIDTH 8 0
BBX 9 13 0 -3
BITMAP
FF80
FF80
FF80
FF80
FF80
FF80
0F80
0F80
0F80
0F80
0F80
0F80
0F80
ENDCHAR
STARTCHAR $259D
ENCODING 9629
SWIDTH 720 0
DWIDTH 8 0
BBX 5 7 4 4
BITMAP
F8
F8
F8
F8
F8
F8
F8
ENDCHAR
STARTCHAR $259E
ENCODING 9630
SWIDTH 720 0
DWIDTH 8 0
BBX 9 14 0 -3
BITMAP
0F80
0F80
0F80
0F80
0F80
0F80
0F80
F000
F000
F000
F000
F000
F000
F000
ENDCHAR
STARTCHAR $259F
ENCODING 9631
SWIDTH 720 0
DWIDTH 8 0
BBX 9 13 0 -3
BITMAP
0F80
0F80
0F80
0F80
0F80
0F80
FF80
FF80
FF80
FF80
FF80
FF80
FF80
ENDCHAR
STARTCHAR $25A0
ENCODING 9632
SWIDTH 900 0
DWIDTH 10 0
BBX 8 8 1 -1
BITMAP
FF
FF
FF
FF
FF
FF
FF
FF
ENDCHAR
STARTCHAR $25A1
ENCODING 9633
SWIDTH 900 0
DWIDTH 10 0
BBX 8 8 1 -1
BITMAP
FF
81
81
81
81
81
81
FF
ENDCHAR
STARTCHAR $25A2
ENCODING 9634
SWIDTH 900 0
DWIDTH 10 0
BBX 8 8 1 -1
BITMAP
FF
81
81
81
81
81
81
FF
ENDCHAR
STARTCHAR $25A3
ENCODING 9635
SWIDTH 900 0
DWIDTH 10 0
BBX 8 8 1 -1
BITMAP
FF
FF
FF
FF
FF
FF
FF
FF
ENDCHAR
STARTCHAR $25A4
ENCODING 9636
SWIDTH 900 0
DWIDTH 10 0
BBX 8 8 1 -1
BITMAP
FF
FF
81
FF
81
FF
FF
FF
ENDCHAR
STARTCHAR $25A5
ENCODING 9637
SWIDTH 900 0
DWIDTH 10 0
BBX 8 8 1 -1
BITMAP
FF
DB
DB
DB
DB
DB
DB
FF
ENDCHAR
STARTCHAR $25A6
ENCODING 9638
SWIDTH 900 0
DWIDTH 10 0
BBX 8 8 1 -1
BITMAP
FF
FF
DB
FF
DB
FF
FF
FF
ENDCHAR
STARTCHAR $25A7
ENCODING 9639
SWIDTH 900 0
DWIDTH 10 0
BBX 8 8 1 -1
BITMAP
FF
A9
D5
AB
D5
AB
95
FF
ENDCHAR
STARTCHAR $25A8
ENCODING 9640
SWIDTH 900 0
DWIDTH 10 0
BBX 8 8 1 -1
BITMAP
FF
D5
AB
D5
A9
D3
A5
FF
ENDCHAR
STARTCHAR $25A9
ENCODING 9641
SWIDTH 900 0
DWIDTH 10 0
BBX 8 8 1 -1
BITMAP
FF
FD
FF
FB
F5
EB
95
FF
ENDCHAR
STARTCHAR $25AA
ENCODING 9642
SWIDTH 630 0
DWIDTH 7 0
BBX 5 6 1 0
BITMAP
F8
F8
F8
F8
F8
F8
ENDCHAR
STARTCHAR $25AB
ENCODING 9643
SWIDTH 630 0
DWIDTH 7 0
BBX 5 6 1 0
BITMAP
F8
88
88
88
88
F8
ENDCHAR
STARTCHAR $25AC
ENCODING 9644
SWIDTH 900 0
DWIDTH 10 0
BBX 8 4 1 1
BITMAP
FF
FF
FF
FF
ENDCHAR
STARTCHAR $25AD
ENCODING 9645
SWIDTH 900 0
DWIDTH 10 0
BBX 8 4 1 1
BITMAP
FF
81
81
FF
ENDCHAR
STARTCHAR $25AE
ENCODING 9646
SWIDTH 540 0
DWIDTH 6 0
BBX 4 8 1 -1
BITMAP
F0
F0
F0
F0
F0
F0
F0
F0
ENDCHAR
STARTCHAR $25AF
ENCODING 9647
SWIDTH 540 0
DWIDTH 6 0
BBX 4 8 1 -1
BITMAP
F0
90
90
90
90
90
90
F0
ENDCHAR
STARTCHAR $25B0
ENCODING 9648
SWIDTH 720 0
DWIDTH 8 0
BBX 8 4 0 1
BITMAP
3F
7F
7E
FE
ENDCHAR
STARTCHAR $25B1
ENCODING 9649
SWIDTH 720 0
DWIDTH 8 0
BBX 8 4 0 1
BITMAP
3F
41
42
FE
ENDCHAR
STARTCHAR $25B2
ENCODING 9650
SWIDTH 720 0
DWIDTH 8 0
BBX 8 8 0 -1
BITMAP
08
18
1C
3C
3E
7E
7E
FF
ENDCHAR
STARTCHAR $25B3
ENCODING 9651
SWIDTH 720 0
DWIDTH 8 0
BBX 8 8 0 -1
BITMAP
08
18
14
24
22
42
42
FF
ENDCHAR
STARTCHAR $25B4
ENCODING 9652
SWIDTH 540 0
DWIDTH 6 0
BBX 5 5 0 1
BITMAP
20
30
70
78
F8
ENDCHAR
STARTCHAR $25B5
ENCODING 9653
SWIDTH 540 0
DWIDTH 6 0
BBX 5 5 0 1
BITMAP
20
50
50
88
F8
ENDCHAR
STARTCHAR $25B6
ENCODING 9654
SWIDTH 720 0
DWIDTH 8 0
BBX 8 8 0 -1
BITMAP
80
E0
F8
FE
FF
FC
F0
C0
ENDCHAR
STARTCHAR $25B7
ENCODING 9655
SWIDTH 720 0
DWIDTH 8 0
BBX 8 8 0 -1
BITMAP
80
E0
98
86
83
8C
90
E0
ENDCHAR
STARTCHAR $25B8
ENCODING 9656
SWIDTH 540 0
DWIDTH 6 0
BBX 5 5 0 1
BITMAP
C0
F0
F8
E0
80
ENDCHAR
STARTCHAR $25B9
ENCODING 9657
SWIDTH 540 0
DWIDTH 6 0
BBX 5 5 0 1
BITMAP
C0
B0
88
B0
C0
ENDCHAR
STARTCHAR $25BA
ENCODING 9658
SWIDTH 720 0
DWIDTH 8 0
BBX 8 5 0 1
BITMAP
E0
FC
FF
F0
80
ENDCHAR
STARTCHAR $25BB
ENCODING 9659
SWIDTH 720 0
DWIDTH 8 0
BBX 8 5 0 1
BITMAP
E0
9C
83
BC
C0
ENDCHAR
STARTCHAR $25BC
ENCODING 9660
SWIDTH 720 0
DWIDTH 8 0
BBX 8 8 0 -1
BITMAP
FF
7F
7E
3E
3C
1C
18
08
ENDCHAR
STARTCHAR $25BD
ENCODING 9661
SWIDTH 720 0
DWIDTH 8 0
BBX 8 8 0 -1
BITMAP
FF
81
42
42
24
24
18
08
ENDCHAR
STARTCHAR $25BE
ENCODING 9662
SWIDTH 540 0
DWIDTH 6 0
BBX 5 5 0 0
BITMAP
F8
78
70
30
20
ENDCHAR
STARTCHAR $25BF
ENCODING 9663
SWIDTH 540 0
DWIDTH 6 0
BBX 5 5 0 0
BITMAP
F8
88
50
50
20
ENDCHAR
STARTCHAR $25C0
ENCODING 9664
SWIDTH 720 0
DWIDTH 8 0
BBX 7 8 1 -1
BITMAP
02
0E
3E
FE
FE
3E
0E
02
ENDCHAR
STARTCHAR $25C1
ENCODING 9665
SWIDTH 720 0
DWIDTH 8 0
BBX 7 8 1 -1
BITMAP
02
0E
32
C2
82
62
1A
06
ENDCHAR
STARTCHAR $25C2
ENCODING 9666
SWIDTH 540 0
DWIDTH 6 0
BBX 4 4 1 1
BITMAP
30
F0
F0
30
ENDCHAR
STARTCHAR $25C3
ENCODING 9667
SWIDTH 540 0
DWIDTH 6 0
BBX 4 4 1 1
BITMAP
30
D0
90
70
ENDCHAR
STARTCHAR $25C4
ENCODING 9668
SWIDTH 720 0
DWIDTH 8 0
BBX 7 5 1 1
BITMAP
0E
7E
FE
1E
02
ENDCHAR
STARTCHAR $25C5
ENCODING 9669
SWIDTH 720 0
DWIDTH 8 0
BBX 7 5 1 1
BITMAP
0E
72
C2
3A
06
ENDCHAR
STARTCHAR $25C6
ENCODING 9670
SWIDTH 720 0
DWIDTH 8 0
BBX 8 8 0 -1
BITMAP
08
1C
3E
7F
FF
7E
3C
18
ENDCHAR
STARTCHAR $25C7
ENCODING 9671
SWIDTH 720 0
DWIDTH 8 0
BBX 8 8 0 -1
BITMAP
08
34
42
81
81
42
24
18
ENDCHAR
STARTCHAR $25C8
ENCODING 9672
SWIDTH 720 0
DWIDTH 8 0
BBX 8 8 0 -1
BITMAP
08
34
5A
BD
BD
5A
24
18
ENDCHAR
STARTCHAR $25C9
ENCODING 9673
SWIDTH 900 0
DWIDTH 10 0
BBX 8 8 1 -1
BITMAP
3C
DA
BD
FD
FF
FD
BA
7C
ENDCHAR
STARTCHAR $25CA
ENCODING 9674
SWIDTH 450 0
DWIDTH 5 0
BBX 5 11 0 -3
BITMAP
20
20
50
50
88
88
88
50
50
20
20
ENDCHAR
STARTCHAR $25CB
ENCODING 9675
SWIDTH 900 0
DWIDTH 10 0
BBX 8 8 1 -1
BITMAP
3C
C2
81
81
81
81
82
7C
ENDCHAR
STARTCHAR $25CC
ENCODING 9676
SWIDTH 900 0
DWIDTH 10 0
BBX 8 8 1 -1
BITMAP
18
82
00
81
81
00
82
50
ENDCHAR
STARTCHAR $25CD
ENCODING 9677
SWIDTH 900 0
DWIDTH 10 0
BBX 8 8 1 -1
BITMAP
3C
EA
ED
ED
ED
ED
EE
7C
ENDCHAR
STARTCHAR $25CE
ENCODING 9678
SWIDTH 900 0
DWIDTH 10 0
BBX 8 8 1 -1
BITMAP
3C
C2
99
A5
A5
B9
82
7C
ENDCHAR
STARTCHAR $25CF
ENCODING 9679
SWIDTH 900 0
DWIDTH 10 0
BBX 8 8 1 -1
BITMAP
3C
7E
FF
FF
FF
FF
FE
7C
ENDCHAR
STARTCHAR $25D0
ENCODING 9680
SWIDTH 900 0
DWIDTH 10 0
BBX 8 8 1 -1
BITMAP
3C
72
F1
F1
F1
F1
F2
7C
ENDCHAR
STARTCHAR $25D1
ENCODING 9681
SWIDTH 900 0
DWIDTH 10 0
BBX 8 8 1 -1
BITMAP
3C
CE
8F
8F
8F
8F
8E
7C
ENDCHAR
STARTCHAR $25D2
ENCODING 9682
SWIDTH 900 0
DWIDTH 10 0
BBX 8 8 1 -1
BITMAP
3C
C2
81
81
FF
FF
FE
7C
ENDCHAR
STARTCHAR $25D3
ENCODING 9683
SWIDTH 900 0
DWIDTH 10 0
BBX 8 8 1 -1
BITMAP
3C
7E
FF
FF
81
81
82
7C
ENDCHAR
STARTCHAR $25D4
ENCODING 9684
SWIDTH 900 0
DWIDTH 10 0
BBX 8 8 1 -1
BITMAP
3C
CE
8F
8F
81
81
82
7C
ENDCHAR
STARTCHAR $25D5
ENCODING 9685
SWIDTH 900 0
DWIDTH 10 0
BBX 8 8 1 -1
BITMAP
3C
CE
8F
8F
FF
FF
FE
7C
ENDCHAR
STARTCHAR $25D6
ENCODING 9686
SWIDTH 540 0
DWIDTH 6 0
BBX 4 8 1 -1
BITMAP
30
F0
F0
F0
F0
F0
F0
70
ENDCHAR
STARTCHAR $25D7
ENCODING 9687
SWIDTH 540 0
DWIDTH 6 0
BBX 4 8 1 -1
BITMAP
C0
E0
F0
F0
F0
F0
F0
E0
ENDCHAR
STARTCHAR $25D8
ENCODING 9688
SWIDTH 810 0
DWIDTH 9 0
BBX 7 8 1 0
BITMAP
FE
FE
EE
C6
C6
FE
FE
FE
ENDCHAR
STARTCHAR $25D9
ENCODING 9689
SWIDTH 990 0
DWIDTH 11 0
BBX 9 11 1 -3
BITMAP
FF80
C380
BE80
FF80
FF80
FF80
FF80
BE80
DD80
FF80
FF80
ENDCHAR
STARTCHAR $25DA
ENCODING 9690
SWIDTH 990 0
DWIDTH 11 0
BBX 9 5 1 3
BITMAP
FF80
C380
BE80
FF80
7F80
ENDCHAR
STARTCHAR $25DB
ENCODING 9691
SWIDTH 990 0
DWIDTH 11 0
BBX 9 6 1 -3
BITMAP
7F00
FF80
BE80
DD80
FF80
FF80
ENDCHAR
STARTCHAR $25DC
ENCODING 9692
SWIDTH 360 0
DWIDTH 4 0
BBX 4 4 0 3
BITMAP
30
40
80
80
ENDCHAR
STARTCHAR $25DD
ENCODING 9693
SWIDTH 360 0
DWIDTH 4 0
BBX 4 4 0 3
BITMAP
C0
20
10
10
ENDCHAR
STARTCHAR $25DE
ENCODING 9694
SWIDTH 360 0
DWIDTH 4 0
BBX 3 3 1 0
BITMAP
20
20
C0
ENDCHAR
STARTCHAR $25DF
ENCODING 9695
SWIDTH 360 0
DWIDTH 4 0
BBX 4 4 0 -1
BITMAP
80
80
40
30
ENDCHAR
STARTCHAR $25E0
ENCODING 9696
SWIDTH 900 0
DWIDTH 10 0
BBX 8 4 1 3
BITMAP
3C
C2
81
81
ENDCHAR
STARTCHAR $25E1
ENCODING 9697
SWIDTH 900 0
DWIDTH 10 0
BBX 8 4 1 -1
BITMAP
01
81
82
7C
ENDCHAR
STARTCHAR $25E2
ENCODING 9698
SWIDTH 720 0
DWIDTH 8 0
BBX 7 8 1 -1
BITMAP
02
02
06
0E
1E
3E
7E
FE
ENDCHAR
STARTCHAR $25E3
ENCODING 9699
SWIDTH 720 0
DWIDTH 8 0
BBX 8 8 0 -1
BITMAP
80
C0
E0
F0
F8
FC
FE
FF
ENDCHAR
STARTCHAR $25E4
ENCODING 9700
SWIDTH 720 0
DWIDTH 8 0
BBX 8 8 0 -1
BITMAP
FF
FE
FC
F8
F0
E0
C0
80
ENDCHAR
STARTCHAR $25E5
ENCODING 9701
SWIDTH 720 0
DWIDTH 8 0
BBX 7 8 1 -1
BITMAP
FE
7E
3E
1E
0E
06
02
02
ENDCHAR
STARTCHAR $25E6
ENCODING 9702
SWIDTH 540 0
DWIDTH 6 0
BBX 3 4 2 2
BITMAP
40
A0
A0
40
ENDCHAR
STARTCHAR $25E7
ENCODING 9703
SWIDTH 900 0
DWIDTH 10 0
BBX 8 8 1 -1
BITMAP
FF
F1
F1
F1
F1
F1
F1
FF
ENDCHAR
STARTCHAR $25E8
ENCODING 9704
SWIDTH 900 0
DWIDTH 10 0
BBX 8 8 1 -1
BITMAP
FF
8F
8F
8F
8F
8F
8F
FF
ENDCHAR
STARTCHAR $25E9
ENCODING 9705
SWIDTH 900 0
DWIDTH 10 0
BBX 8 8 1 -1
BITMAP
FF
FF
FD
F9
F1
E1
C1
FF
ENDCHAR
STARTCHAR $25EA
ENCODING 9706
SWIDTH 900 0
DWIDTH 10 0
BBX 8 8 1 -1
BITMAP
FF
81
83
87
8F
9F
BF
FF
ENDCHAR
STARTCHAR $25EB
ENCODING 9707
SWIDTH 900 0
DWIDTH 10 0
BBX 8 8 1 -1
BITMAP
FF
89
89
89
89
89
89
FF
ENDCHAR
STARTCHAR $25EC
ENCODING 9708
SWIDTH 720 0
DWIDTH 8 0
BBX 8 8 0 -1
BITMAP
08
18
14
24
2A
4A
42
FF
ENDCHAR
STARTCHAR $25ED
ENCODING 9709
SWIDTH 720 0
DWIDTH 8 0
BBX 8 8 0 -1
BITMAP
08
18
14
34
32
72
72
FF
ENDCHAR
STARTCHAR $25EE
ENCODING 9710
SWIDTH 720 0
DWIDTH 8 0
BBX 8 8 0 -1
BITMAP
08
18
1C
2C
2E
4E
4E
FF
ENDCHAR
STARTCHAR $25EF
ENCODING 9711
SWIDTH 1080 0
DWIDTH 12 0
BBX 11 11 1 -3
BITMAP
3F00
4080
8040
8040
8020
8020
8020
8040
4040
2180
1E00
ENDCHAR
STARTCHAR $25F0
ENCODING 9712
SWIDTH 900 0
DWIDTH 10 0
BBX 8 8 1 -1
BITMAP
FF
89
89
89
F1
81
81
FF
ENDCHAR
STARTCHAR $25F1
ENCODING 9713
SWIDTH 900 0
DWIDTH 10 0
BBX 8 8 1 -1
BITMAP
FF
81
81
81
F9
89
89
FF
ENDCHAR
STARTCHAR $25F2
ENCODING 9714
SWIDTH 900 0
DWIDTH 10 0
BBX 8 8 1 -1
BITMAP
FF
81
81
81
8F
89
89
FF
ENDCHAR
STARTCHAR $25F3
ENCODING 9715
SWIDTH 900 0
DWIDTH 10 0
BBX 8 8 1 -1
BITMAP
FF
89
89
89
87
81
81
FF
ENDCHAR
STARTCHAR $25F4
ENCODING 9716
SWIDTH 900 0
DWIDTH 10 0
BBX 8 8 1 -1
BITMAP
3C
D2
91
91
E1
81
82
7C
ENDCHAR
STARTCHAR $25F5
ENCODING 9717
SWIDTH 900 0
DWIDTH 10 0
BBX 8 8 1 -1
BITMAP
3C
C2
81
81
F1
91
92
7C
ENDCHAR
STARTCHAR $25F6
ENCODING 9718
SWIDTH 900 0
DWIDTH 10 0
BBX 8 8 1 -1
BITMAP
3C
C2
81
81
9F
91
92
7C
ENDCHAR
STARTCHAR $25F7
ENCODING 9719
SWIDTH 900 0
DWIDTH 10 0
BBX 8 8 1 -1
BITMAP
3C
D2
91
91
8F
81
82
7C
ENDCHAR
STARTCHAR $25F8
ENCODING 9720
SWIDTH 720 0
DWIDTH 8 0
BBX 8 8 0 -1
BITMAP
FF
82
84
88
90
A0
C0
80
ENDCHAR
STARTCHAR $25F9
ENCODING 9721
SWIDTH 720 0
DWIDTH 8 0
BBX 7 8 1 -1
BITMAP
FE
42
22
12
12
0A
06
02
ENDCHAR
STARTCHAR $25FA
ENCODING 9722
SWIDTH 720 0
DWIDTH 8 0
BBX 8 8 0 -1
BITMAP
80
C0
A0
90
88
84
82
FF
ENDCHAR
STARTCHAR $25FB
ENCODING 9723
SWIDTH 810 0
DWIDTH 9 0
BBX 7 7 1 -1
BITMAP
FE
82
82
82
82
82
FE
ENDCHAR
STARTCHAR $25FC
ENCODING 9724
SWIDTH 810 0
DWIDTH 9 0
BBX 7 7 1 -1
BITMAP
FE
FE
FE
FE
FE
FE
FE
ENDCHAR
STARTCHAR $25FD
ENCODING 9725
SWIDTH 720 0
DWIDTH 8 0
BBX 6 6 1 0
BITMAP
FC
84
84
84
84
FC
ENDCHAR
STARTCHAR $25FE
ENCODING 9726
SWIDTH 720 0
DWIDTH 8 0
BBX 6 6 1 0
BITMAP
FC
FC
FC
FC
FC
FC
ENDCHAR
STARTCHAR $25FF
ENCODING 9727
SWIDTH 720 0
DWIDTH 8 0
BBX 7 8 1 -1
BITMAP
02
02
06
0A
12
22
42
FE
ENDCHAR
STARTCHAR $2600
ENCODING 9728
SWIDTH 900 0
DWIDTH 10 0
BBX 7 6 1 1
BITMAP
42
18
3C
BE
1C
42
ENDCHAR
STARTCHAR $2638
ENCODING 9784
SWIDTH 900 0
DWIDTH 10 0
BBX 8 8 1 0
BITMAP
10
7E
76
AA
EF
B6
76
18
ENDCHAR
STARTCHAR $2639
ENCODING 9785
SWIDTH 900 0
DWIDTH 10 0
BBX 8 8 1 0
BITMAP
3C
42
A5
81
99
A5
42
3C
ENDCHAR
STARTCHAR $263A
ENCODING 9786
SWIDTH 900 0
DWIDTH 10 0
BBX 8 8 1 0
BITMAP
3C
42
A5
81
A5
99
42
3C
ENDCHAR
STARTCHAR $263B
ENCODING 9787
SWIDTH 900 0
DWIDTH 10 0
BBX 8 8 1 0
BITMAP
3C
7E
DB
FF
FF
DB
7E
3C
ENDCHAR
STARTCHAR $263C
ENCODING 9788
SWIDTH 900 0
DWIDTH 10 0
BBX 7 6 1 1
BITMAP
42
18
24
A6
1C
42
ENDCHAR
STARTCHAR $263F
ENCODING 9791
SWIDTH 630 0
DWIDTH 7 0
BBX 5 9 1 -1
BITMAP
88
D0
F0
88
88
50
20
70
20
ENDCHAR
STARTCHAR $2640
ENCODING 9792
SWIDTH 720 0
DWIDTH 8 0
BBX 6 9 1 -1
BITMAP
78
CC
84
84
CC
78
10
78
20
ENDCHAR
STARTCHAR $2641
ENCODING 9793
SWIDTH 720 0
DWIDTH 8 0
BBX 6 9 1 -1
BITMAP
20
78
10
30
48
84
84
84
78
ENDCHAR
STARTCHAR $2642
ENCODING 9794
SWIDTH 900 0
DWIDTH 10 0
BBX 8 8 1 0
BITMAP
07
03
7D
CC
84
84
84
78
ENDCHAR
STARTCHAR $2643
ENCODING 9795
SWIDTH 900 0
DWIDTH 10 0
BBX 6 8 2 0
BITMAP
04
64
94
8C
14
FC
04
04
ENDCHAR
STARTCHAR $2644
ENCODING 9796
SWIDTH 900 0
DWIDTH 10 0
BBX 5 8 2 0
BITMAP
40
E0
40
70
48
48
48
48
ENDCHAR
STARTCHAR $2645
ENCODING 9797
SWIDTH 900 0
DWIDTH 10 0
BBX 8 8 1 0
BITMAP
D3
52
7E
52
52
18
28
18
ENDCHAR
STARTCHAR $2646
ENCODING 9798
SWIDTH 900 0
DWIDTH 10 0
BBX 7 8 1 0
BITMAP
18
52
F6
52
34
18
18
10
ENDCHAR
STARTCHAR $2647
ENCODING 9799
SWIDTH 900 0
DWIDTH 10 0
BBX 4 8 3 0
BITMAP
F0
90
90
F0
80
80
80
F0
ENDCHAR
STARTCHAR $2660
ENCODING 9824
SWIDTH 900 0
DWIDTH 10 0
BBX 6 8 2 0
BITMAP
20
30
78
FC
FC
FC
EC
20
ENDCHAR
STARTCHAR $2661
ENCODING 9825
SWIDTH 900 0
DWIDTH 10 0
BBX 8 8 1 0
BITMAP
EE
91
81
81
82
44
28
10
ENDCHAR
STARTCHAR $2662
ENCODING 9826
SWIDTH 900 0
DWIDTH 10 0
BBX 6 8 2 0
BITMAP
20
50
88
84
84
88
50
20
ENDCHAR
STARTCHAR $2663
ENCODING 9827
SWIDTH 900 0
DWIDTH 10 0
BBX 8 8 1 0
BITMAP
18
3C
3C
3C
FE
FF
76
10
ENDCHAR
STARTCHAR $2664
ENCODING 9828
SWIDTH 900 0
DWIDTH 10 0
BBX 6 8 2 0
BITMAP
20
50
88
84
84
B4
E8
20
ENDCHAR
STARTCHAR $2665
ENCODING 9829
SWIDTH 900 0
DWIDTH 10 0
BBX 8 8 1 0
BITMAP
66
FF
FF
FF
7E
3C
18
10
ENDCHAR
STARTCHAR $2666
ENCODING 9830
SWIDTH 900 0
DWIDTH 10 0
BBX 6 8 2 0
BITMAP
20
30
78
FC
FC
78
30
20
ENDCHAR
STARTCHAR $2667
ENCODING 9831
SWIDTH 900 0
DWIDTH 10 0
BBX 8 8 1 1
BITMAP
3C
24
28
64
83
91
BA
54
ENDCHAR
STARTCHAR $2669
ENCODING 9833
SWIDTH 450 0
DWIDTH 5 0
BBX 3 8 1 0
BITMAP
20
20
20
20
20
20
E0
E0
ENDCHAR
STARTCHAR $266A
ENCODING 9834
SWIDTH 630 0
DWIDTH 7 0
BBX 5 8 1 0
BITMAP
20
38
20
20
20
20
E0
E0
ENDCHAR
STARTCHAR $266B
ENCODING 9835
SWIDTH 900 0
DWIDTH 10 0
BBX 6 9 2 -1
BITMAP
30
5C
44
44
44
44
C4
CC
1C
ENDCHAR
STARTCHAR $266C
ENCODING 9836
SWIDTH 900 0
DWIDTH 10 0
BBX 8 8 1 0
BITMAP
3F
21
3F
21
21
21
E7
E7
ENDCHAR
STARTCHAR $266D
ENCODING 9837
SWIDTH 450 0
DWIDTH 5 0
BBX 3 7 1 1
BITMAP
80
80
80
E0
A0
A0
C0
ENDCHAR
STARTCHAR $266E
ENCODING 9838
SWIDTH 360 0
DWIDTH 4 0
BBX 2 6 1 1
BITMAP
80
C0
C0
C0
C0
40
ENDCHAR
STARTCHAR $266F
ENCODING 9839
SWIDTH 450 0
DWIDTH 5 0
BBX 3 7 1 0
BITMAP
20
20
60
A0
A0
60
A0
ENDCHAR
STARTCHAR $27A1
ENCODING 10145
SWIDTH 810 0
DWIDTH 9 0
BBX 8 5 1 1
BITMAP
04
FE
FF
FE
04
ENDCHAR
STARTCHAR $27C5
ENCODING 10181
SWIDTH 450 0
DWIDTH 5 0
BBX 3 10 1 -2
BITMAP
E0
20
60
40
C0
80
80
80
80
60
ENDCHAR
STARTCHAR $27C6
ENCODING 10182
SWIDTH 450 0
DWIDTH 5 0
BBX 3 10 1 -2
BITMAP
E0
C0
C0
40
60
20
20
20
20
C0
ENDCHAR
STARTCHAR $27E0
ENCODING 10208
SWIDTH 450 0
DWIDTH 5 0
BBX 5 10 0 -2
BITMAP
20
50
50
88
88
F8
88
50
50
20
ENDCHAR
STARTCHAR $27E8
ENCODING 10216
SWIDTH 450 0
DWIDTH 5 0
BBX 3 9 1 -1
BITMAP
60
60
40
C0
C0
C0
40
60
60
ENDCHAR
STARTCHAR $27E9
ENCODING 10217
SWIDTH 450 0
DWIDTH 5 0
BBX 3 9 1 -1
BITMAP
C0
C0
40
60
60
60
40
C0
C0
ENDCHAR
STARTCHAR $27F0
ENCODING 10224
SWIDTH 810 0
DWIDTH 9 0
BBX 7 8 1 0
BITMAP
38
6E
EA
6A
6A
6A
6A
6A
ENDCHAR
STARTCHAR $27F1
ENCODING 10225
SWIDTH 810 0
DWIDTH 9 0
BBX 7 8 1 0
BITMAP
6A
6A
6A
6A
6A
6A
EE
38
ENDCHAR
STARTCHAR $27F2
ENCODING 10226
SWIDTH 810 0
DWIDTH 9 0
BBX 7 6 1 1
BITMAP
18
26
42
E2
42
3C
ENDCHAR
STARTCHAR $27F3
ENCODING 10227
SWIDTH 810 0
DWIDTH 9 0
BBX 7 6 1 1
BITMAP
30
4C
84
8E
C4
78
ENDCHAR
STARTCHAR $27F4
ENCODING 10228
SWIDTH 990 0
DWIDTH 11 0
BBX 10 7 1 0
BITMAP
1800
7C00
5280
FFC0
5280
3C00
1800
ENDCHAR
STARTCHAR $27F5
ENCODING 10229
SWIDTH 1440 0
DWIDTH 16 0
BBX 15 5 0 1
BITMAP
2000
4000
FFFE
4000
2000
ENDCHAR
STARTCHAR $27F6
ENCODING 10230
SWIDTH 1440 0
DWIDTH 16 0
BBX 14 3 1 2
BITMAP
0008
FFFC
0008
ENDCHAR
STARTCHAR $27F7
ENCODING 10231
SWIDTH 1440 0
DWIDTH 16 0
BBX 15 5 0 1
BITMAP
2000
4004
FFFE
4004
2000
ENDCHAR
STARTCHAR $27F8
ENCODING 10232
SWIDTH 1440 0
DWIDTH 16 0
BBX 15 5 0 1
BITMAP
2000
7FFE
C000
7FFE
2000
ENDCHAR
STARTCHAR $27F9
ENCODING 10233
SWIDTH 1440 0
DWIDTH 16 0
BBX 14 3 1 2
BITMAP
FFF8
0004
FFF8
ENDCHAR
STARTCHAR $27FA
ENCODING 10234
SWIDTH 1440 0
DWIDTH 16 0
BBX 15 5 0 1
BITMAP
2000
7FFC
C002
7FFC
2000
ENDCHAR
STARTCHAR $27FB
ENCODING 10235
SWIDTH 1440 0
DWIDTH 16 0
BBX 15 5 0 1
BITMAP
2002
4002
FFFE
4002
2002
ENDCHAR
STARTCHAR $27FC
ENCODING 10236
SWIDTH 1440 0
DWIDTH 16 0
BBX 14 5 1 1
BITMAP
8000
8008
FFFC
8008
8000
ENDCHAR
STARTCHAR $27FD
ENCODING 10237
SWIDTH 1440 0
DWIDTH 16 0
BBX 15 5 0 1
BITMAP
2002
7FFE
C002
7FFE
2002
ENDCHAR
STARTCHAR $27FE
ENCODING 10238
SWIDTH 1440 0
DWIDTH 16 0
BBX 14 5 1 1
BITMAP
8000
FFF8
8004
FFF8
8000
ENDCHAR
STARTCHAR $27FF
ENCODING 10239
SWIDTH 1440 0
DWIDTH 16 0
BBX 14 3 1 2
BITMAP
6928
FFFC
1288
ENDCHAR
STARTCHAR $2801
ENCODING 10241
SWIDTH 810 0
DWIDTH 9 0
BBX 2 2 2 6
BITMAP
C0
C0
ENDCHAR
STARTCHAR $2802
ENCODING 10242
SWIDTH 810 0
DWIDTH 9 0
BBX 2 2 2 4
BITMAP
C0
C0
ENDCHAR
STARTCHAR $2803
ENCODING 10243
SWIDTH 810 0
DWIDTH 9 0
BBX 2 4 2 4
BITMAP
C0
C0
C0
C0
ENDCHAR
STARTCHAR $2804
ENCODING 10244
SWIDTH 810 0
DWIDTH 9 0
BBX 2 2 2 1
BITMAP
C0
C0
ENDCHAR
STARTCHAR $2805
ENCODING 10245
SWIDTH 810 0
DWIDTH 9 0
BBX 2 7 2 1
BITMAP
C0
C0
00
00
00
C0
C0
ENDCHAR
STARTCHAR $2806
ENCODING 10246
SWIDTH 810 0
DWIDTH 9 0
BBX 2 5 2 1
BITMAP
C0
C0
00
C0
C0
ENDCHAR
STARTCHAR $2807
ENCODING 10247
SWIDTH 810 0
DWIDTH 9 0
BBX 2 7 2 1
BITMAP
C0
C0
C0
C0
00
C0
C0
ENDCHAR
STARTCHAR $2808
ENCODING 10248
SWIDTH 810 0
DWIDTH 9 0
BBX 2 2 5 6
BITMAP
C0
C0
ENDCHAR
STARTCHAR $2809
ENCODING 10249
SWIDTH 810 0
DWIDTH 9 0
BBX 5 2 2 6
BITMAP
D8
D8
ENDCHAR
STARTCHAR $280A
ENCODING 10250
SWIDTH 810 0
DWIDTH 9 0
BBX 5 4 2 4
BITMAP
18
18
C0
C0
ENDCHAR
STARTCHAR $280B
ENCODING 10251
SWIDTH 810 0
DWIDTH 9 0
BBX 5 4 2 4
BITMAP
D8
D8
C0
C0
ENDCHAR
STARTCHAR $280C
ENCODING 10252
SWIDTH 810 0
DWIDTH 9 0
BBX 5 7 2 1
BITMAP
18
18
00
00
00
C0
C0
ENDCHAR
STARTCHAR $280D
ENCODING 10253
SWIDTH 810 0
DWIDTH 9 0
BBX 5 7 2 1
BITMAP
D8
D8
00
00
00
C0
C0
ENDCHAR
STARTCHAR $280E
ENCODING 10254
SWIDTH 810 0
DWIDTH 9 0
BBX 5 7 2 1
BITMAP
18
18
C0
C0
00
C0
C0
ENDCHAR
STARTCHAR $280F
ENCODING 10255
SWIDTH 810 0
DWIDTH 9 0
BBX 5 7 2 1
BITMAP
D8
D8
C0
C0
00
C0
C0
ENDCHAR
STARTCHAR $2810
ENCODING 10256
SWIDTH 810 0
DWIDTH 9 0
BBX 2 2 5 4
BITMAP
C0
C0
ENDCHAR
STARTCHAR $2811
ENCODING 10257
SWIDTH 810 0
DWIDTH 9 0
BBX 5 4 2 4
BITMAP
C0
C0
18
18
ENDCHAR
STARTCHAR $2812
ENCODING 10258
SWIDTH 810 0
DWIDTH 9 0
BBX 5 2 2 4
BITMAP
D8
D8
ENDCHAR
STARTCHAR $2813
ENCODING 10259
SWIDTH 810 0
DWIDTH 9 0
BBX 5 4 2 4
BITMAP
C0
C0
D8
D8
ENDCHAR
STARTCHAR $2814
ENCODING 10260
SWIDTH 810 0
DWIDTH 9 0
BBX 5 5 2 1
BITMAP
18
18
00
C0
C0
ENDCHAR
STARTCHAR $2815
ENCODING 10261
SWIDTH 810 0
DWIDTH 9 0
BBX 5 7 2 1
BITMAP
C0
C0
18
18
00
C0
C0
ENDCHAR
STARTCHAR $2816
ENCODING 10262
SWIDTH 810 0
DWIDTH 9 0
BBX 5 5 2 1
BITMAP
D8
D8
00
C0
C0
ENDCHAR
STARTCHAR $2817
ENCODING 10263
SWIDTH 810 0
DWIDTH 9 0
BBX 5 7 2 1
BITMAP
C0
C0
D8
D8
00
C0
C0
ENDCHAR
STARTCHAR $2818
ENCODING 10264
SWIDTH 810 0
DWIDTH 9 0
BBX 2 4 5 4
BITMAP
C0
C0
C0
C0
ENDCHAR
STARTCHAR $2819
ENCODING 10265
SWIDTH 810 0
DWIDTH 9 0
BBX 5 4 2 4
BITMAP
D8
D8
18
18
ENDCHAR
STARTCHAR $281A
ENCODING 10266
SWIDTH 810 0
DWIDTH 9 0
BBX 5 4 2 4
BITMAP
18
18
D8
D8
ENDCHAR
STARTCHAR $281B
ENCODING 10267
SWIDTH 810 0
DWIDTH 9 0
BBX 5 4 2 4
BITMAP
D8
D8
D8
D8
ENDCHAR
STARTCHAR $281C
ENCODING 10268
SWIDTH 810 0
DWIDTH 9 0
BBX 5 7 2 1
BITMAP
18
18
18
18
00
C0
C0
ENDCHAR
STARTCHAR $281D
ENCODING 10269
SWIDTH 810 0
DWIDTH 9 0
BBX 5 7 2 1
BITMAP
D8
D8
18
18
00
C0
C0
ENDCHAR
STARTCHAR $281E
ENCODING 10270
SWIDTH 810 0
DWIDTH 9 0
BBX 5 7 2 1
BITMAP
18
18
D8
D8
00
C0
C0
ENDCHAR
STARTCHAR $281F
ENCODING 10271
SWIDTH 810 0
DWIDTH 9 0
BBX 5 7 2 1
BITMAP
D8
D8
D8
D8
00
C0
C0
ENDCHAR
STARTCHAR $2820
ENCODING 10272
SWIDTH 810 0
DWIDTH 9 0
BBX 2 2 5 1
BITMAP
C0
C0
ENDCHAR
STARTCHAR $2821
ENCODING 10273
SWIDTH 810 0
DWIDTH 9 0
BBX 5 7 2 1
BITMAP
C0
C0
00
00
00
18
18
ENDCHAR
STARTCHAR $2822
ENCODING 10274
SWIDTH 810 0
DWIDTH 9 0
BBX 5 5 2 1
BITMAP
C0
C0
00
18
18
ENDCHAR
STARTCHAR $2823
ENCODING 10275
SWIDTH 810 0
DWIDTH 9 0
BBX 5 7 2 1
BITMAP
C0
C0
C0
C0
00
18
18
ENDCHAR
STARTCHAR $2824
ENCODING 10276
SWIDTH 810 0
DWIDTH 9 0
BBX 5 2 2 1
BITMAP
D8
D8
ENDCHAR
STARTCHAR $2825
ENCODING 10277
SWIDTH 810 0
DWIDTH 9 0
BBX 5 7 2 1
BITMAP
C0
C0
00
00
00
D8
D8
ENDCHAR
STARTCHAR $2826
ENCODING 10278
SWIDTH 810 0
DWIDTH 9 0
BBX 5 5 2 1
BITMAP
C0
C0
00
D8
D8
ENDCHAR
STARTCHAR $2827
ENCODING 10279
SWIDTH 810 0
DWIDTH 9 0
BBX 5 7 2 1
BITMAP
C0
C0
C0
C0
00
D8
D8
ENDCHAR
STARTCHAR $2828
ENCODING 10280
SWIDTH 810 0
DWIDTH 9 0
BBX 2 7 5 1
BITMAP
C0
C0
00
00
00
C0
C0
ENDCHAR
STARTCHAR $2829
ENCODING 10281
SWIDTH 810 0
DWIDTH 9 0
BBX 5 7 2 1
BITMAP
D8
D8
00
00
00
18
18
ENDCHAR
STARTCHAR $282A
ENCODING 10282
SWIDTH 810 0
DWIDTH 9 0
BBX 5 7 2 1
BITMAP
18
18
C0
C0
00
18
18
ENDCHAR
STARTCHAR $282B
ENCODING 10283
SWIDTH 810 0
DWIDTH 9 0
BBX 5 7 2 1
BITMAP
D8
D8
C0
C0
00
18
18
ENDCHAR
STARTCHAR $282C
ENCODING 10284
SWIDTH 810 0
DWIDTH 9 0
BBX 5 7 2 1
BITMAP
18
18
00
00
00
D8
D8
ENDCHAR
STARTCHAR $282D
ENCODING 10285
SWIDTH 810 0
DWIDTH 9 0
BBX 5 7 2 1
BITMAP
D8
D8
00
00
00
D8
D8
ENDCHAR
STARTCHAR $282E
ENCODING 10286
SWIDTH 810 0
DWIDTH 9 0
BBX 5 7 2 1
BITMAP
18
18
C0
C0
00
D8
D8
ENDCHAR
STARTCHAR $282F
ENCODING 10287
SWIDTH 810 0
DWIDTH 9 0
BBX 5 7 2 1
BITMAP
D8
D8
C0
C0
00
D8
D8
ENDCHAR
STARTCHAR $2830
ENCODING 10288
SWIDTH 810 0
DWIDTH 9 0
BBX 2 5 5 1
BITMAP
C0
C0
00
C0
C0
ENDCHAR
STARTCHAR $2831
ENCODING 10289
SWIDTH 810 0
DWIDTH 9 0
BBX 5 7 2 1
BITMAP
C0
C0
18
18
00
18
18
ENDCHAR
STARTCHAR $2832
ENCODING 10290
SWIDTH 810 0
DWIDTH 9 0
BBX 5 5 2 1
BITMAP
D8
D8
00
18
18
ENDCHAR
STARTCHAR $2833
ENCODING 10291
SWIDTH 810 0
DWIDTH 9 0
BBX 5 7 2 1
BITMAP
C0
C0
D8
D8
00
18
18
ENDCHAR
STARTCHAR $2834
ENCODING 10292
SWIDTH 810 0
DWIDTH 9 0
BBX 5 5 2 1
BITMAP
18
18
00
D8
D8
ENDCHAR
STARTCHAR $2835
ENCODING 10293
SWIDTH 810 0
DWIDTH 9 0
BBX 5 7 2 1
BITMAP
C0
C0
18
18
00
D8
D8
ENDCHAR
STARTCHAR $2836
ENCODING 10294
SWIDTH 810 0
DWIDTH 9 0
BBX 5 5 2 1
BITMAP
D8
D8
00
D8
D8
ENDCHAR
STARTCHAR $2837
ENCODING 10295
SWIDTH 810 0
DWIDTH 9 0
BBX 5 7 2 1
BITMAP
C0
C0
D8
D8
00
D8
D8
ENDCHAR
STARTCHAR $2838
ENCODING 10296
SWIDTH 810 0
DWIDTH 9 0
BBX 2 7 5 1
BITMAP
C0
C0
C0
C0
00
C0
C0
ENDCHAR
STARTCHAR $2839
ENCODING 10297
SWIDTH 810 0
DWIDTH 9 0
BBX 5 7 2 1
BITMAP
D8
D8
18
18
00
18
18
ENDCHAR
STARTCHAR $283A
ENCODING 10298
SWIDTH 810 0
DWIDTH 9 0
BBX 5 7 2 1
BITMAP
18
18
D8
D8
00
18
18
ENDCHAR
STARTCHAR $283B
ENCODING 10299
SWIDTH 810 0
DWIDTH 9 0
BBX 5 7 2 1
BITMAP
D8
D8
D8
D8
00
18
18
ENDCHAR
STARTCHAR $283C
ENCODING 10300
SWIDTH 810 0
DWIDTH 9 0
BBX 5 7 2 1
BITMAP
18
18
18
18
00
D8
D8
ENDCHAR
STARTCHAR $283D
ENCODING 10301
SWIDTH 810 0
DWIDTH 9 0
BBX 5 7 2 1
BITMAP
D8
D8
18
18
00
D8
D8
ENDCHAR
STARTCHAR $283E
ENCODING 10302
SWIDTH 810 0
DWIDTH 9 0
BBX 5 7 2 1
BITMAP
18
18
D8
D8
00
D8
D8
ENDCHAR
STARTCHAR $283F
ENCODING 10303
SWIDTH 810 0
DWIDTH 9 0
BBX 5 7 2 1
BITMAP
D8
D8
D8
D8
00
D8
D8
ENDCHAR
STARTCHAR $2840
ENCODING 10304
SWIDTH 810 0
DWIDTH 9 0
BBX 2 2 2 -2
BITMAP
C0
C0
ENDCHAR
STARTCHAR $2841
ENCODING 10305
SWIDTH 810 0
DWIDTH 9 0
BBX 2 10 2 -2
BITMAP
C0
C0
00
00
00
00
00
00
C0
C0
ENDCHAR
STARTCHAR $2842
ENCODING 10306
SWIDTH 810 0
DWIDTH 9 0
BBX 2 8 2 -2
BITMAP
C0
C0
00
00
00
00
C0
C0
ENDCHAR
STARTCHAR $2843
ENCODING 10307
SWIDTH 810 0
DWIDTH 9 0
BBX 2 10 2 -2
BITMAP
C0
C0
C0
C0
00
00
00
00
C0
C0
ENDCHAR
STARTCHAR $2844
ENCODING 10308
SWIDTH 810 0
DWIDTH 9 0
BBX 2 5 2 -2
BITMAP
C0
C0
00
C0
C0
ENDCHAR
STARTCHAR $2845
ENCODING 10309
SWIDTH 810 0
DWIDTH 9 0
BBX 2 10 2 -2
BITMAP
C0
C0
00
00
00
C0
C0
00
C0
C0
ENDCHAR
STARTCHAR $2846
ENCODING 10310
SWIDTH 810 0
DWIDTH 9 0
BBX 2 8 2 -2
BITMAP
C0
C0
00
C0
C0
00
C0
C0
ENDCHAR
STARTCHAR $2847
ENCODING 10311
SWIDTH 810 0
DWIDTH 9 0
BBX 2 10 2 -2
BITMAP
C0
C0
C0
C0
00
C0
C0
00
C0
C0
ENDCHAR
STARTCHAR $2848
ENCODING 10312
SWIDTH 810 0
DWIDTH 9 0
BBX 5 10 2 -2
BITMAP
18
18
00
00
00
00
00
00
C0
C0
ENDCHAR
STARTCHAR $2849
ENCODING 10313
SWIDTH 810 0
DWIDTH 9 0
BBX 5 10 2 -2
BITMAP
D8
D8
00
00
00
00
00
00
C0
C0
ENDCHAR
STARTCHAR $284A
ENCODING 10314
SWIDTH 810 0
DWIDTH 9 0
BBX 5 10 2 -2
BITMAP
18
18
C0
C0
00
00
00
00
C0
C0
ENDCHAR
STARTCHAR $284B
ENCODING 10315
SWIDTH 810 0
DWIDTH 9 0
BBX 5 10 2 -2
BITMAP
D8
D8
C0
C0
00
00
00
00
C0
C0
ENDCHAR
STARTCHAR $284C
ENCODING 10316
SWIDTH 810 0
DWIDTH 9 0
BBX 5 10 2 -2
BITMAP
18
18
00
00
00
C0
C0
00
C0
C0
ENDCHAR
STARTCHAR $284D
ENCODING 10317
SWIDTH 810 0
DWIDTH 9 0
BBX 5 10 2 -2
BITMAP
D8
D8
00
00
00
C0
C0
00
C0
C0
ENDCHAR
STARTCHAR $284E
ENCODING 10318
SWIDTH 810 0
DWIDTH 9 0
BBX 5 10 2 -2
BITMAP
18
18
C0
C0
00
C0
C0
00
C0
C0
ENDCHAR
STARTCHAR $284F
ENCODING 10319
SWIDTH 810 0
DWIDTH 9 0
BBX 5 10 2 -2
BITMAP
D8
D8
C0
C0
00
C0
C0
00
C0
C0
ENDCHAR
STARTCHAR $2850
ENCODING 10320
SWIDTH 810 0
DWIDTH 9 0
BBX 5 8 2 -2
BITMAP
18
18
00
00
00
00
C0
C0
ENDCHAR
STARTCHAR $2851
ENCODING 10321
SWIDTH 810 0
DWIDTH 9 0
BBX 5 10 2 -2
BITMAP
C0
C0
18
18
00
00
00
00
C0
C0
ENDCHAR
STARTCHAR $2852
ENCODING 10322
SWIDTH 810 0
DWIDTH 9 0
BBX 5 8 2 -2
BITMAP
D8
D8
00
00
00
00
C0
C0
ENDCHAR
STARTCHAR $2853
ENCODING 10323
SWIDTH 810 0
DWIDTH 9 0
BBX 5 10 2 -2
BITMAP
C0
C0
D8
D8
00
00
00
00
C0
C0
ENDCHAR
STARTCHAR $2854
ENCODING 10324
SWIDTH 810 0
DWIDTH 9 0
BBX 5 8 2 -2
BITMAP
18
18
00
C0
C0
00
C0
C0
ENDCHAR
STARTCHAR $2855
ENCODING 10325
SWIDTH 810 0
DWIDTH 9 0
BBX 5 10 2 -2
BITMAP
C0
C0
18
18
00
C0
C0
00
C0
C0
ENDCHAR
STARTCHAR $2856
ENCODING 10326
SWIDTH 810 0
DWIDTH 9 0
BBX 5 8 2 -2
BITMAP
D8
D8
00
C0
C0
00
C0
C0
ENDCHAR
STARTCHAR $2857
ENCODING 10327
SWIDTH 810 0
DWIDTH 9 0
BBX 5 10 2 -2
BITMAP
C0
C0
D8
D8
00
C0
C0
00
C0
C0
ENDCHAR
STARTCHAR $2858
ENCODING 10328
SWIDTH 810 0
DWIDTH 9 0
BBX 5 10 2 -2
BITMAP
18
18
18
18
00
00
00
00
C0
C0
ENDCHAR
STARTCHAR $2859
ENCODING 10329
SWIDTH 810 0
DWIDTH 9 0
BBX 5 10 2 -2
BITMAP
D8
D8
18
18
00
00
00
00
C0
C0
ENDCHAR
STARTCHAR $285A
ENCODING 10330
SWIDTH 810 0
DWIDTH 9 0
BBX 5 10 2 -2
BITMAP
18
18
D8
D8
00
00
00
00
C0
C0
ENDCHAR
STARTCHAR $285B
ENCODING 10331
SWIDTH 810 0
DWIDTH 9 0
BBX 5 10 2 -2
BITMAP
D8
D8
D8
D8
00
00
00
00
C0
C0
ENDCHAR
STARTCHAR $285C
ENCODING 10332
SWIDTH 810 0
DWIDTH 9 0
BBX 5 10 2 -2
BITMAP
18
18
18
18
00
C0
C0
00
C0
C0
ENDCHAR
STARTCHAR $285D
ENCODING 10333
SWIDTH 810 0
DWIDTH 9 0
BBX 5 10 2 -2
BITMAP
D8
D8
18
18
00
C0
C0
00
C0
C0
ENDCHAR
STARTCHAR $285E
ENCODING 10334
SWIDTH 810 0
DWIDTH 9 0
BBX 5 10 2 -2
BITMAP
18
18
D8
D8
00
C0
C0
00
C0
C0
ENDCHAR
STARTCHAR $285F
ENCODING 10335
SWIDTH 810 0
DWIDTH 9 0
BBX 5 10 2 -2
BITMAP
D8
D8
D8
D8
00
C0
C0
00
C0
C0
ENDCHAR
STARTCHAR $2860
ENCODING 10336
SWIDTH 810 0
DWIDTH 9 0
BBX 5 5 2 -2
BITMAP
18
18
00
C0
C0
ENDCHAR
STARTCHAR $2861
ENCODING 10337
SWIDTH 810 0
DWIDTH 9 0
BBX 5 10 2 -2
BITMAP
C0
C0
00
00
00
18
18
00
C0
C0
ENDCHAR
STARTCHAR $2862
ENCODING 10338
SWIDTH 810 0
DWIDTH 9 0
BBX 5 8 2 -2
BITMAP
C0
C0
00
18
18
00
C0
C0
ENDCHAR
STARTCHAR $2863
ENCODING 10339
SWIDTH 810 0
DWIDTH 9 0
BBX 5 10 2 -2
BITMAP
C0
C0
C0
C0
00
18
18
00
C0
C0
ENDCHAR
STARTCHAR $2864
ENCODING 10340
SWIDTH 810 0
DWIDTH 9 0
BBX 5 5 2 -2
BITMAP
D8
D8
00
C0
C0
ENDCHAR
STARTCHAR $2865
ENCODING 10341
SWIDTH 810 0
DWIDTH 9 0
BBX 5 10 2 -2
BITMAP
C0
C0
00
00
00
D8
D8
00
C0
C0
ENDCHAR
STARTCHAR $2866
ENCODING 10342
SWIDTH 810 0
DWIDTH 9 0
BBX 5 8 2 -2
BITMAP
C0
C0
00
D8
D8
00
C0
C0
ENDCHAR
STARTCHAR $2867
ENCODING 10343
SWIDTH 810 0
DWIDTH 9 0
BBX 5 10 2 -2
BITMAP
C0
C0
C0
C0
00
D8
D8
00
C0
C0
ENDCHAR
STARTCHAR $2868
ENCODING 10344
SWIDTH 810 0
DWIDTH 9 0
BBX 5 10 2 -2
BITMAP
18
18
00
00
00
18
18
00
C0
C0
ENDCHAR
STARTCHAR $2869
ENCODING 10345
SWIDTH 810 0
DWIDTH 9 0
BBX 5 10 2 -2
BITMAP
D8
D8
00
00
00
18
18
00
C0
C0
ENDCHAR
STARTCHAR $286A
ENCODING 10346
SWIDTH 810 0
DWIDTH 9 0
BBX 5 10 2 -2
BITMAP
18
18
C0
C0
00
18
18
00
C0
C0
ENDCHAR
STARTCHAR $286B
ENCODING 10347
SWIDTH 810 0
DWIDTH 9 0
BBX 5 10 2 -2
BITMAP
D8
D8
C0
C0
00
18
18
00
C0
C0
ENDCHAR
STARTCHAR $286C
ENCODING 10348
SWIDTH 810 0
DWIDTH 9 0
BBX 5 10 2 -2
BITMAP
18
18
00
00
00
D8
D8
00
C0
C0
ENDCHAR
STARTCHAR $286D
ENCODING 10349
SWIDTH 810 0
DWIDTH 9 0
BBX 5 10 2 -2
BITMAP
D8
D8
00
00
00
D8
D8
00
C0
C0
ENDCHAR
STARTCHAR $286E
ENCODING 10350
SWIDTH 810 0
DWIDTH 9 0
BBX 5 10 2 -2
BITMAP
18
18
C0
C0
00
D8
D8
00
C0
C0
ENDCHAR
STARTCHAR $286F
ENCODING 10351
SWIDTH 810 0
DWIDTH 9 0
BBX 5 10 2 -2
BITMAP
D8
D8
C0
C0
00
D8
D8
00
C0
C0
ENDCHAR
STARTCHAR $2870
ENCODING 10352
SWIDTH 810 0
DWIDTH 9 0
BBX 5 8 2 -2
BITMAP
18
18
00
18
18
00
C0
C0
ENDCHAR
STARTCHAR $2871
ENCODING 10353
SWIDTH 810 0
DWIDTH 9 0
BBX 5 10 2 -2
BITMAP
C0
C0
18
18
00
18
18
00
C0
C0
ENDCHAR
STARTCHAR $2872
ENCODING 10354
SWIDTH 810 0
DWIDTH 9 0
BBX 5 8 2 -2
BITMAP
D8
D8
00
18
18
00
C0
C0
ENDCHAR
STARTCHAR $2873
ENCODING 10355
SWIDTH 810 0
DWIDTH 9 0
BBX 5 10 2 -2
BITMAP
C0
C0
D8
D8
00
18
18
00
C0
C0
ENDCHAR
STARTCHAR $2874
ENCODING 10356
SWIDTH 810 0
DWIDTH 9 0
BBX 5 8 2 -2
BITMAP
18
18
00
D8
D8
00
C0
C0
ENDCHAR
STARTCHAR $2875
ENCODING 10357
SWIDTH 810 0
DWIDTH 9 0
BBX 5 10 2 -2
BITMAP
C0
C0
18
18
00
D8
D8
00
C0
C0
ENDCHAR
STARTCHAR $2876
ENCODING 10358
SWIDTH 810 0
DWIDTH 9 0
BBX 5 8 2 -2
BITMAP
D8
D8
00
D8
D8
00
C0
C0
ENDCHAR
STARTCHAR $2877
ENCODING 10359
SWIDTH 810 0
DWIDTH 9 0
BBX 5 10 2 -2
BITMAP
C0
C0
D8
D8
00
D8
D8
00
C0
C0
ENDCHAR
STARTCHAR $2878
ENCODING 10360
SWIDTH 810 0
DWIDTH 9 0
BBX 5 10 2 -2
BITMAP
18
18
18
18
00
18
18
00
C0
C0
ENDCHAR
STARTCHAR $2879
ENCODING 10361
SWIDTH 810 0
DWIDTH 9 0
BBX 5 10 2 -2
BITMAP
D8
D8
18
18
00
18
18
00
C0
C0
ENDCHAR
STARTCHAR $287A
ENCODING 10362
SWIDTH 810 0
DWIDTH 9 0
BBX 5 10 2 -2
BITMAP
18
18
D8
D8
00
18
18
00
C0
C0
ENDCHAR
STARTCHAR $287B
ENCODING 10363
SWIDTH 810 0
DWIDTH 9 0
BBX 5 10 2 -2
BITMAP
D8
D8
D8
D8
00
18
18
00
C0
C0
ENDCHAR
STARTCHAR $287C
ENCODING 10364
SWIDTH 810 0
DWIDTH 9 0
BBX 5 10 2 -2
BITMAP
18
18
18
18
00
D8
D8
00
C0
C0
ENDCHAR
STARTCHAR $287D
ENCODING 10365
SWIDTH 810 0
DWIDTH 9 0
BBX 5 10 2 -2
BITMAP
D8
D8
18
18
00
D8
D8
00
C0
C0
ENDCHAR
STARTCHAR $287E
ENCODING 10366
SWIDTH 810 0
DWIDTH 9 0
BBX 5 10 2 -2
BITMAP
18
18
D8
D8
00
D8
D8
00
C0
C0
ENDCHAR
STARTCHAR $287F
ENCODING 10367
SWIDTH 810 0
DWIDTH 9 0
BBX 5 10 2 -2
BITMAP
D8
D8
D8
D8
00
D8
D8
00
C0
C0
ENDCHAR
STARTCHAR $2880
ENCODING 10368
SWIDTH 810 0
DWIDTH 9 0
BBX 2 2 5 -2
BITMAP
C0
C0
ENDCHAR
STARTCHAR $2881
ENCODING 10369
SWIDTH 810 0
DWIDTH 9 0
BBX 5 10 2 -2
BITMAP
C0
C0
00
00
00
00
00
00
18
18
ENDCHAR
STARTCHAR $2882
ENCODING 10370
SWIDTH 810 0
DWIDTH 9 0
BBX 5 8 2 -2
BITMAP
C0
C0
00
00
00
00
18
18
ENDCHAR
STARTCHAR $2883
ENCODING 10371
SWIDTH 810 0
DWIDTH 9 0
BBX 5 10 2 -2
BITMAP
C0
C0
C0
C0
00
00
00
00
18
18
ENDCHAR
STARTCHAR $2884
ENCODING 10372
SWIDTH 810 0
DWIDTH 9 0
BBX 5 5 2 -2
BITMAP
C0
C0
00
18
18
ENDCHAR
STARTCHAR $2885
ENCODING 10373
SWIDTH 810 0
DWIDTH 9 0
BBX 5 10 2 -2
BITMAP
C0
C0
00
00
00
C0
C0
00
18
18
ENDCHAR
STARTCHAR $2886
ENCODING 10374
SWIDTH 810 0
DWIDTH 9 0
BBX 5 8 2 -2
BITMAP
C0
C0
00
C0
C0
00
18
18
ENDCHAR
STARTCHAR $2887
ENCODING 10375
SWIDTH 810 0
DWIDTH 9 0
BBX 5 10 2 -2
BITMAP
C0
C0
C0
C0
00
C0
C0
00
18
18
ENDCHAR
STARTCHAR $2888
ENCODING 10376
SWIDTH 810 0
DWIDTH 9 0
BBX 2 10 5 -2
BITMAP
C0
C0
00
00
00
00
00
00
C0
C0
ENDCHAR
STARTCHAR $2889
ENCODING 10377
SWIDTH 810 0
DWIDTH 9 0
BBX 5 10 2 -2
BITMAP
D8
D8
00
00
00
00
00
00
18
18
ENDCHAR
STARTCHAR $288A
ENCODING 10378
SWIDTH 810 0
DWIDTH 9 0
BBX 5 10 2 -2
BITMAP
18
18
C0
C0
00
00
00
00
18
18
ENDCHAR
STARTCHAR $288B
ENCODING 10379
SWIDTH 810 0
DWIDTH 9 0
BBX 5 10 2 -2
BITMAP
D8
D8
C0
C0
00
00
00
00
18
18
ENDCHAR
STARTCHAR $288C
ENCODING 10380
SWIDTH 810 0
DWIDTH 9 0
BBX 5 10 2 -2
BITMAP
18
18
00
00
00
C0
C0
00
18
18
ENDCHAR
STARTCHAR $288D
ENCODING 10381
SWIDTH 810 0
DWIDTH 9 0
BBX 5 10 2 -2
BITMAP
D8
D8
00
00
00
C0
C0
00
18
18
ENDCHAR
STARTCHAR $288E
ENCODING 10382
SWIDTH 810 0
DWIDTH 9 0
BBX 5 10 2 -2
BITMAP
18
18
C0
C0
00
C0
C0
00
18
18
ENDCHAR
STARTCHAR $288F
ENCODING 10383
SWIDTH 810 0
DWIDTH 9 0
BBX 5 10 2 -2
BITMAP
D8
D8
C0
C0
00
C0
C0
00
18
18
ENDCHAR
STARTCHAR $2890
ENCODING 10384
SWIDTH 810 0
DWIDTH 9 0
BBX 2 8 5 -2
BITMAP
C0
C0
00
00
00
00
C0
C0
ENDCHAR
STARTCHAR $2891
ENCODING 10385
SWIDTH 810 0
DWIDTH 9 0
BBX 5 10 2 -2
BITMAP
C0
C0
18
18
00
00
00
00
18
18
ENDCHAR
STARTCHAR $2892
ENCODING 10386
SWIDTH 810 0
DWIDTH 9 0
BBX 5 8 2 -2
BITMAP
D8
D8
00
00
00
00
18
18
ENDCHAR
STARTCHAR $2893
ENCODING 10387
SWIDTH 810 0
DWIDTH 9 0
BBX 5 10 2 -2
BITMAP
C0
C0
D8
D8
00
00
00
00
18
18
ENDCHAR
STARTCHAR $2894
ENCODING 10388
SWIDTH 810 0
DWIDTH 9 0
BBX 5 8 2 -2
BITMAP
18
18
00
C0
C0
00
18
18
ENDCHAR
STARTCHAR $2895
ENCODING 10389
SWIDTH 810 0
DWIDTH 9 0
BBX 5 10 2 -2
BITMAP
C0
C0
18
18
00
C0
C0
00
18
18
ENDCHAR
STARTCHAR $2896
ENCODING 10390
SWIDTH 810 0
DWIDTH 9 0
BBX 5 8 2 -2
BITMAP
D8
D8
00
C0
C0
00
18
18
ENDCHAR
STARTCHAR $2897
ENCODING 10391
SWIDTH 810 0
DWIDTH 9 0
BBX 5 10 2 -2
BITMAP
C0
C0
D8
D8
00
C0
C0
00
18
18
ENDCHAR
STARTCHAR $2898
ENCODING 10392
SWIDTH 810 0
DWIDTH 9 0
BBX 2 10 5 -2
BITMAP
C0
C0
C0
C0
00
00
00
00
C0
C0
ENDCHAR
STARTCHAR $2899
ENCODING 10393
SWIDTH 810 0
DWIDTH 9 0
BBX 5 10 2 -2
BITMAP
D8
D8
18
18
00
00
00
00
18
18
ENDCHAR
STARTCHAR $289A
ENCODING 10394
SWIDTH 810 0
DWIDTH 9 0
BBX 5 10 2 -2
BITMAP
18
18
D8
D8
00
00
00
00
18
18
ENDCHAR
STARTCHAR $289B
ENCODING 10395
SWIDTH 810 0
DWIDTH 9 0
BBX 5 10 2 -2
BITMAP
D8
D8
D8
D8
00
00
00
00
18
18
ENDCHAR
STARTCHAR $289C
ENCODING 10396
SWIDTH 810 0
DWIDTH 9 0
BBX 5 10 2 -2
BITMAP
18
18
18
18
00
C0
C0
00
18
18
ENDCHAR
STARTCHAR $289D
ENCODING 10397
SWIDTH 810 0
DWIDTH 9 0
BBX 5 10 2 -2
BITMAP
D8
D8
18
18
00
C0
C0
00
18
18
ENDCHAR
STARTCHAR $289E
ENCODING 10398
SWIDTH 810 0
DWIDTH 9 0
BBX 5 10 2 -2
BITMAP
18
18
D8
D8
00
C0
C0
00
18
18
ENDCHAR
STARTCHAR $289F
ENCODING 10399
SWIDTH 810 0
DWIDTH 9 0
BBX 5 10 2 -2
BITMAP
D8
D8
D8
D8
00
C0
C0
00
18
18
ENDCHAR
STARTCHAR $28A0
ENCODING 10400
SWIDTH 810 0
DWIDTH 9 0
BBX 2 5 5 -2
BITMAP
C0
C0
00
C0
C0
ENDCHAR
STARTCHAR $28A1
ENCODING 10401
SWIDTH 810 0
DWIDTH 9 0
BBX 5 10 2 -2
BITMAP
C0
C0
00
00
00
18
18
00
18
18
ENDCHAR
STARTCHAR $28A2
ENCODING 10402
SWIDTH 810 0
DWIDTH 9 0
BBX 5 8 2 -2
BITMAP
C0
C0
00
18
18
00
18
18
ENDCHAR
STARTCHAR $28A3
ENCODING 10403
SWIDTH 810 0
DWIDTH 9 0
BBX 5 10 2 -2
BITMAP
C0
C0
C0
C0
00
18
18
00
18
18
ENDCHAR
STARTCHAR $28A4
ENCODING 10404
SWIDTH 810 0
DWIDTH 9 0
BBX 5 5 2 -2
BITMAP
D8
D8
00
18
18
ENDCHAR
STARTCHAR $28A5
ENCODING 10405
SWIDTH 810 0
DWIDTH 9 0
BBX 5 10 2 -2
BITMAP
C0
C0
00
00
00
D8
D8
00
18
18
ENDCHAR
STARTCHAR $28A6
ENCODING 10406
SWIDTH 810 0
DWIDTH 9 0
BBX 5 8 2 -2
BITMAP
C0
C0
00
D8
D8
00
18
18
ENDCHAR
STARTCHAR $28A7
ENCODING 10407
SWIDTH 810 0
DWIDTH 9 0
BBX 5 10 2 -2
BITMAP
C0
C0
C0
C0
00
D8
D8
00
18
18
ENDCHAR
STARTCHAR $28A8
ENCODING 10408
SWIDTH 810 0
DWIDTH 9 0
BBX 2 10 5 -2
BITMAP
C0
C0
00
00
00
C0
C0
00
C0
C0
ENDCHAR
STARTCHAR $28A9
ENCODING 10409
SWIDTH 810 0
DWIDTH 9 0
BBX 5 10 2 -2
BITMAP
D8
D8
00
00
00
18
18
00
18
18
ENDCHAR
STARTCHAR $28AA
ENCODING 10410
SWIDTH 810 0
DWIDTH 9 0
BBX 5 10 2 -2
BITMAP
18
18
C0
C0
00
18
18
00
18
18
ENDCHAR
STARTCHAR $28AB
ENCODING 10411
SWIDTH 810 0
DWIDTH 9 0
BBX 5 10 2 -2
BITMAP
D8
D8
C0
C0
00
18
18
00
18
18
ENDCHAR
STARTCHAR $28AC
ENCODING 10412
SWIDTH 810 0
DWIDTH 9 0
BBX 5 10 2 -2
BITMAP
18
18
00
00
00
D8
D8
00
18
18
ENDCHAR
STARTCHAR $28AD
ENCODING 10413
SWIDTH 810 0
DWIDTH 9 0
BBX 5 10 2 -2
BITMAP
D8
D8
00
00
00
D8
D8
00
18
18
ENDCHAR
STARTCHAR $28AE
ENCODING 10414
SWIDTH 810 0
DWIDTH 9 0
BBX 5 10 2 -2
BITMAP
18
18
C0
C0
00
D8
D8
00
18
18
ENDCHAR
STARTCHAR $28AF
ENCODING 10415
SWIDTH 810 0
DWIDTH 9 0
BBX 5 10 2 -2
BITMAP
D8
D8
C0
C0
00
D8
D8
00
18
18
ENDCHAR
STARTCHAR $28B0
ENCODING 10416
SWIDTH 810 0
DWIDTH 9 0
BBX 2 8 5 -2
BITMAP
C0
C0
00
C0
C0
00
C0
C0
ENDCHAR
STARTCHAR $28B1
ENCODING 10417
SWIDTH 810 0
DWIDTH 9 0
BBX 5 10 2 -2
BITMAP
C0
C0
18
18
00
18
18
00
18
18
ENDCHAR
STARTCHAR $28B2
ENCODING 10418
SWIDTH 810 0
DWIDTH 9 0
BBX 5 8 2 -2
BITMAP
D8
D8
00
18
18
00
18
18
ENDCHAR
STARTCHAR $28B3
ENCODING 10419
SWIDTH 810 0
DWIDTH 9 0
BBX 5 10 2 -2
BITMAP
C0
C0
D8
D8
00
18
18
00
18
18
ENDCHAR
STARTCHAR $28B4
ENCODING 10420
SWIDTH 810 0
DWIDTH 9 0
BBX 5 8 2 -2
BITMAP
18
18
00
D8
D8
00
18
18
ENDCHAR
STARTCHAR $28B5
ENCODING 10421
SWIDTH 810 0
DWIDTH 9 0
BBX 5 10 2 -2
BITMAP
C0
C0
18
18
00
D8
D8
00
18
18
ENDCHAR
STARTCHAR $28B6
ENCODING 10422
SWIDTH 810 0
DWIDTH 9 0
BBX 5 8 2 -2
BITMAP
D8
D8
00
D8
D8
00
18
18
ENDCHAR
STARTCHAR $28B7
ENCODING 10423
SWIDTH 810 0
DWIDTH 9 0
BBX 5 10 2 -2
BITMAP
C0
C0
D8
D8
00
D8
D8
00
18
18
ENDCHAR
STARTCHAR $28B8
ENCODING 10424
SWIDTH 810 0
DWIDTH 9 0
BBX 2 10 5 -2
BITMAP
C0
C0
C0
C0
00
C0
C0
00
C0
C0
ENDCHAR
STARTCHAR $28B9
ENCODING 10425
SWIDTH 810 0
DWIDTH 9 0
BBX 5 10 2 -2
BITMAP
D8
D8
18
18
00
18
18
00
18
18
ENDCHAR
STARTCHAR $28BA
ENCODING 10426
SWIDTH 810 0
DWIDTH 9 0
BBX 5 10 2 -2
BITMAP
18
18
D8
D8
00
18
18
00
18
18
ENDCHAR
STARTCHAR $28BB
ENCODING 10427
SWIDTH 810 0
DWIDTH 9 0
BBX 5 10 2 -2
BITMAP
D8
D8
D8
D8
00
18
18
00
18
18
ENDCHAR
STARTCHAR $28BC
ENCODING 10428
SWIDTH 810 0
DWIDTH 9 0
BBX 5 10 2 -2
BITMAP
18
18
18
18
00
D8
D8
00
18
18
ENDCHAR
STARTCHAR $28BD
ENCODING 10429
SWIDTH 810 0
DWIDTH 9 0
BBX 5 10 2 -2
BITMAP
D8
D8
18
18
00
D8
D8
00
18
18
ENDCHAR
STARTCHAR $28BE
ENCODING 10430
SWIDTH 810 0
DWIDTH 9 0
BBX 5 10 2 -2
BITMAP
18
18
D8
D8
00
D8
D8
00
18
18
ENDCHAR
STARTCHAR $28BF
ENCODING 10431
SWIDTH 810 0
DWIDTH 9 0
BBX 5 10 2 -2
BITMAP
D8
D8
D8
D8
00
D8
D8
00
18
18
ENDCHAR
STARTCHAR $28C0
ENCODING 10432
SWIDTH 810 0
DWIDTH 9 0
BBX 5 2 2 -2
BITMAP
D8
D8
ENDCHAR
STARTCHAR $28C1
ENCODING 10433
SWIDTH 810 0
DWIDTH 9 0
BBX 5 10 2 -2
BITMAP
C0
C0
00
00
00
00
00
00
D8
D8
ENDCHAR
STARTCHAR $28C2
ENCODING 10434
SWIDTH 810 0
DWIDTH 9 0
BBX 5 8 2 -2
BITMAP
C0
C0
00
00
00
00
D8
D8
ENDCHAR
STARTCHAR $28C3
ENCODING 10435
SWIDTH 810 0
DWIDTH 9 0
BBX 5 10 2 -2
BITMAP
C0
C0
C0
C0
00
00
00
00
D8
D8
ENDCHAR
STARTCHAR $28C4
ENCODING 10436
SWIDTH 810 0
DWIDTH 9 0
BBX 5 5 2 -2
BITMAP
C0
C0
00
D8
D8
ENDCHAR
STARTCHAR $28C5
ENCODING 10437
SWIDTH 810 0
DWIDTH 9 0
BBX 5 10 2 -2
BITMAP
C0
C0
00
00
00
C0
C0
00
D8
D8
ENDCHAR
STARTCHAR $28C6
ENCODING 10438
SWIDTH 810 0
DWIDTH 9 0
BBX 5 8 2 -2
BITMAP
C0
C0
00
C0
C0
00
D8
D8
ENDCHAR
STARTCHAR $28C7
ENCODING 10439
SWIDTH 810 0
DWIDTH 9 0
BBX 5 10 2 -2
BITMAP
C0
C0
C0
C0
00
C0
C0
00
D8
D8
ENDCHAR
STARTCHAR $28C8
ENCODING 10440
SWIDTH 810 0
DWIDTH 9 0
BBX 5 10 2 -2
BITMAP
18
18
00
00
00
00
00
00
D8
D8
ENDCHAR
STARTCHAR $28C9
ENCODING 10441
SWIDTH 810 0
DWIDTH 9 0
BBX 5 10 2 -2
BITMAP
D8
D8
00
00
00
00
00
00
D8
D8
ENDCHAR
STARTCHAR $28CA
ENCODING 10442
SWIDTH 810 0
DWIDTH 9 0
BBX 5 10 2 -2
BITMAP
18
18
C0
C0
00
00
00
00
D8
D8
ENDCHAR
STARTCHAR $28CB
ENCODING 10443
SWIDTH 810 0
DWIDTH 9 0
BBX 5 10 2 -2
BITMAP
D8
D8
C0
C0
00
00
00
00
D8
D8
ENDCHAR
STARTCHAR $28CC
ENCODING 10444
SWIDTH 810 0
DWIDTH 9 0
BBX 5 10 2 -2
BITMAP
18
18
00
00
00
C0
C0
00
D8
D8
ENDCHAR
STARTCHAR $28CD
ENCODING 10445
SWIDTH 810 0
DWIDTH 9 0
BBX 5 10 2 -2
BITMAP
D8
D8
00
00
00
C0
C0
00
D8
D8
ENDCHAR
STARTCHAR $28CE
ENCODING 10446
SWIDTH 810 0
DWIDTH 9 0
BBX 5 10 2 -2
BITMAP
18
18
C0
C0
00
C0
C0
00
D8
D8
ENDCHAR
STARTCHAR $28CF
ENCODING 10447
SWIDTH 810 0
DWIDTH 9 0
BBX 5 10 2 -2
BITMAP
D8
D8
C0
C0
00
C0
C0
00
D8
D8
ENDCHAR
STARTCHAR $28D0
ENCODING 10448
SWIDTH 810 0
DWIDTH 9 0
BBX 5 8 2 -2
BITMAP
18
18
00
00
00
00
D8
D8
ENDCHAR
STARTCHAR $28D1
ENCODING 10449
SWIDTH 810 0
DWIDTH 9 0
BBX 5 10 2 -2
BITMAP
C0
C0
18
18
00
00
00
00
D8
D8
ENDCHAR
STARTCHAR $28D2
ENCODING 10450
SWIDTH 810 0
DWIDTH 9 0
BBX 5 8 2 -2
BITMAP
D8
D8
00
00
00
00
D8
D8
ENDCHAR
STARTCHAR $28D3
ENCODING 10451
SWIDTH 810 0
DWIDTH 9 0
BBX 5 10 2 -2
BITMAP
C0
C0
D8
D8
00
00
00
00
D8
D8
ENDCHAR
STARTCHAR $28D4
ENCODING 10452
SWIDTH 810 0
DWIDTH 9 0
BBX 5 8 2 -2
BITMAP
18
18
00
C0
C0
00
D8
D8
ENDCHAR
STARTCHAR $28D5
ENCODING 10453
SWIDTH 810 0
DWIDTH 9 0
BBX 5 10 2 -2
BITMAP
C0
C0
18
18
00
C0
C0
00
D8
D8
ENDCHAR
STARTCHAR $28D6
ENCODING 10454
SWIDTH 810 0
DWIDTH 9 0
BBX 5 8 2 -2
BITMAP
D8
D8
00
C0
C0
00
D8
D8
ENDCHAR
STARTCHAR $28D7
ENCODING 10455
SWIDTH 810 0
DWIDTH 9 0
BBX 5 10 2 -2
BITMAP
C0
C0
D8
D8
00
C0
C0
00
D8
D8
ENDCHAR
STARTCHAR $28D8
ENCODING 10456
SWIDTH 810 0
DWIDTH 9 0
BBX 5 10 2 -2
BITMAP
18
18
18
18
00
00
00
00
D8
D8
ENDCHAR
STARTCHAR $28D9
ENCODING 10457
SWIDTH 810 0
DWIDTH 9 0
BBX 5 10 2 -2
BITMAP
D8
D8
18
18
00
00
00
00
D8
D8
ENDCHAR
STARTCHAR $28DA
ENCODING 10458
SWIDTH 810 0
DWIDTH 9 0
BBX 5 10 2 -2
BITMAP
18
18
D8
D8
00
00
00
00
D8
D8
ENDCHAR
STARTCHAR $28DB
ENCODING 10459
SWIDTH 810 0
DWIDTH 9 0
BBX 5 10 2 -2
BITMAP
D8
D8
D8
D8
00
00
00
00
D8
D8
ENDCHAR
STARTCHAR $28DC
ENCODING 10460
SWIDTH 810 0
DWIDTH 9 0
BBX 5 10 2 -2
BITMAP
18
18
18
18
00
C0
C0
00
D8
D8
ENDCHAR
STARTCHAR $28DD
ENCODING 10461
SWIDTH 810 0
DWIDTH 9 0
BBX 5 10 2 -2
BITMAP
D8
D8
18
18
00
C0
C0
00
D8
D8
ENDCHAR
STARTCHAR $28DE
ENCODING 10462
SWIDTH 810 0
DWIDTH 9 0
BBX 5 10 2 -2
BITMAP
18
18
D8
D8
00
C0
C0
00
D8
D8
ENDCHAR
STARTCHAR $28DF
ENCODING 10463
SWIDTH 810 0
DWIDTH 9 0
BBX 5 10 2 -2
BITMAP
D8
D8
D8
D8
00
C0
C0
00
D8
D8
ENDCHAR
STARTCHAR $28E0
ENCODING 10464
SWIDTH 810 0
DWIDTH 9 0
BBX 5 5 2 -2
BITMAP
18
18
00
D8
D8
ENDCHAR
STARTCHAR $28E1
ENCODING 10465
SWIDTH 810 0
DWIDTH 9 0
BBX 5 10 2 -2
BITMAP
C0
C0
00
00
00
18
18
00
D8
D8
ENDCHAR
STARTCHAR $28E2
ENCODING 10466
SWIDTH 810 0
DWIDTH 9 0
BBX 5 8 2 -2
BITMAP
C0
C0
00
18
18
00
D8
D8
ENDCHAR
STARTCHAR $28E3
ENCODING 10467
SWIDTH 810 0
DWIDTH 9 0
BBX 5 10 2 -2
BITMAP
C0
C0
C0
C0
00
18
18
00
D8
D8
ENDCHAR
STARTCHAR $28E4
ENCODING 10468
SWIDTH 810 0
DWIDTH 9 0
BBX 5 5 2 -2
BITMAP
D8
D8
00
D8
D8
ENDCHAR
STARTCHAR $28E5
ENCODING 10469
SWIDTH 810 0
DWIDTH 9 0
BBX 5 10 2 -2
BITMAP
C0
C0
00
00
00
D8
D8
00
D8
D8
ENDCHAR
STARTCHAR $28E6
ENCODING 10470
SWIDTH 810 0
DWIDTH 9 0
BBX 5 8 2 -2
BITMAP
C0
C0
00
D8
D8
00
D8
D8
ENDCHAR
STARTCHAR $28E7
ENCODING 10471
SWIDTH 810 0
DWIDTH 9 0
BBX 5 10 2 -2
BITMAP
C0
C0
C0
C0
00
D8
D8
00
D8
D8
ENDCHAR
STARTCHAR $28E8
ENCODING 10472
SWIDTH 810 0
DWIDTH 9 0
BBX 5 10 2 -2
BITMAP
18
18
00
00
00
18
18
00
D8
D8
ENDCHAR
STARTCHAR $28E9
ENCODING 10473
SWIDTH 810 0
DWIDTH 9 0
BBX 5 10 2 -2
BITMAP
D8
D8
00
00
00
18
18
00
D8
D8
ENDCHAR
STARTCHAR $28EA
ENCODING 10474
SWIDTH 810 0
DWIDTH 9 0
BBX 5 10 2 -2
BITMAP
18
18
C0
C0
00
18
18
00
D8
D8
ENDCHAR
STARTCHAR $28EB
ENCODING 10475
SWIDTH 810 0
DWIDTH 9 0
BBX 5 10 2 -2
BITMAP
D8
D8
C0
C0
00
18
18
00
D8
D8
ENDCHAR
STARTCHAR $28EC
ENCODING 10476
SWIDTH 810 0
DWIDTH 9 0
BBX 5 10 2 -2
BITMAP
18
18
00
00
00
D8
D8
00
D8
D8
ENDCHAR
STARTCHAR $28ED
ENCODING 10477
SWIDTH 810 0
DWIDTH 9 0
BBX 5 10 2 -2
BITMAP
D8
D8
00
00
00
D8
D8
00
D8
D8
ENDCHAR
STARTCHAR $28EE
ENCODING 10478
SWIDTH 810 0
DWIDTH 9 0
BBX 5 10 2 -2
BITMAP
18
18
C0
C0
00
D8
D8
00
D8
D8
ENDCHAR
STARTCHAR $28EF
ENCODING 10479
SWIDTH 810 0
DWIDTH 9 0
BBX 5 10 2 -2
BITMAP
D8
D8
C0
C0
00
D8
D8
00
D8
D8
ENDCHAR
STARTCHAR $28F0
ENCODING 10480
SWIDTH 810 0
DWIDTH 9 0
BBX 5 8 2 -2
BITMAP
18
18
00
18
18
00
D8
D8
ENDCHAR
STARTCHAR $28F1
ENCODING 10481
SWIDTH 810 0
DWIDTH 9 0
BBX 5 10 2 -2
BITMAP
C0
C0
18
18
00
18
18
00
D8
D8
ENDCHAR
STARTCHAR $28F2
ENCODING 10482
SWIDTH 810 0
DWIDTH 9 0
BBX 5 8 2 -2
BITMAP
D8
D8
00
18
18
00
D8
D8
ENDCHAR
STARTCHAR $28F3
ENCODING 10483
SWIDTH 810 0
DWIDTH 9 0
BBX 5 10 2 -2
BITMAP
C0
C0
D8
D8
00
18
18
00
D8
D8
ENDCHAR
STARTCHAR $28F4
ENCODING 10484
SWIDTH 810 0
DWIDTH 9 0
BBX 5 8 2 -2
BITMAP
18
18
00
D8
D8
00
D8
D8
ENDCHAR
STARTCHAR $28F5
ENCODING 10485
SWIDTH 810 0
DWIDTH 9 0
BBX 5 10 2 -2
BITMAP
C0
C0
18
18
00
D8
D8
00
D8
D8
ENDCHAR
STARTCHAR $28F6
ENCODING 10486
SWIDTH 810 0
DWIDTH 9 0
BBX 5 8 2 -2
BITMAP
D8
D8
00
D8
D8
00
D8
D8
ENDCHAR
STARTCHAR $28F7
ENCODING 10487
SWIDTH 810 0
DWIDTH 9 0
BBX 5 10 2 -2
BITMAP
C0
C0
D8
D8
00
D8
D8
00
D8
D8
ENDCHAR
STARTCHAR $28F8
ENCODING 10488
SWIDTH 810 0
DWIDTH 9 0
BBX 5 10 2 -2
BITMAP
18
18
18
18
00
18
18
00
D8
D8
ENDCHAR
STARTCHAR $28F9
ENCODING 10489
SWIDTH 810 0
DWIDTH 9 0
BBX 5 10 2 -2
BITMAP
D8
D8
18
18
00
18
18
00
D8
D8
ENDCHAR
STARTCHAR $28FA
ENCODING 10490
SWIDTH 810 0
DWIDTH 9 0
BBX 5 10 2 -2
BITMAP
18
18
D8
D8
00
18
18
00
D8
D8
ENDCHAR
STARTCHAR $28FB
ENCODING 10491
SWIDTH 810 0
DWIDTH 9 0
BBX 5 10 2 -2
BITMAP
D8
D8
D8
D8
00
18
18
00
D8
D8
ENDCHAR
STARTCHAR $28FC
ENCODING 10492
SWIDTH 810 0
DWIDTH 9 0
BBX 5 10 2 -2
BITMAP
18
18
18
18
00
D8
D8
00
D8
D8
ENDCHAR
STARTCHAR $28FD
ENCODING 10493
SWIDTH 810 0
DWIDTH 9 0
BBX 5 10 2 -2
BITMAP
D8
D8
18
18
00
D8
D8
00
D8
D8
ENDCHAR
STARTCHAR $28FE
ENCODING 10494
SWIDTH 810 0
DWIDTH 9 0
BBX 5 10 2 -2
BITMAP
18
18
D8
D8
00
D8
D8
00
D8
D8
ENDCHAR
STARTCHAR $28FF
ENCODING 10495
SWIDTH 810 0
DWIDTH 9 0
BBX 5 10 2 -2
BITMAP
D8
D8
D8
D8
00
D8
D8
00
D8
D8
ENDCHAR
STARTCHAR $2900
ENCODING 10496
SWIDTH 810 0
DWIDTH 9 0
BBX 8 5 1 1
BITMAP
2C
2E
FF
2A
24
ENDCHAR
STARTCHAR $2901
ENCODING 10497
SWIDTH 810 0
DWIDTH 9 0
BBX 8 5 1 1
BITMAP
7C
7E
FF
7A
74
ENDCHAR
STARTCHAR $2902
ENCODING 10498
SWIDTH 810 0
DWIDTH 9 0
BBX 9 5 0 1
BITMAP
2400
7F80
C400
7F80
2400
ENDCHAR
STARTCHAR $2903
ENCODING 10499
SWIDTH 810 0
DWIDTH 9 0
BBX 8 5 1 1
BITMAP
34
FE
33
FE
34
ENDCHAR
STARTCHAR $2904
ENCODING 10500
SWIDTH 810 0
DWIDTH 9 0
BBX 9 5 0 1
BITMAP
2A00
7F00
C980
7F00
2A00
ENDCHAR
STARTCHAR $2905
ENCODING 10501
SWIDTH 810 0
DWIDTH 9 0
BBX 8 5 1 1
BITMAP
8C
8E
FF
8A
84
ENDCHAR
STARTCHAR $2906
ENCODING 10502
SWIDTH 810 0
DWIDTH 9 0
BBX 9 5 0 1
BITMAP
2180
7F80
C180
7F80
2180
ENDCHAR
STARTCHAR $2907
ENCODING 10503
SWIDTH 810 0
DWIDTH 9 0
BBX 8 5 1 1
BITMAP
84
FE
83
FE
84
ENDCHAR
STARTCHAR $2908
ENCODING 10504
SWIDTH 810 0
DWIDTH 9 0
BBX 5 8 2 0
BITMAP
20
20
20
F8
20
20
70
20
ENDCHAR
STARTCHAR $2909
ENCODING 10505
SWIDTH 810 0
DWIDTH 9 0
BBX 5 8 2 0
BITMAP
20
70
20
20
F8
20
20
20
ENDCHAR
STARTCHAR $290A
ENCODING 10506
SWIDTH 810 0
DWIDTH 9 0
BBX 5 8 2 0
BITMAP
20
78
E8
E8
E8
E8
E8
E8
ENDCHAR
STARTCHAR $290B
ENCODING 10507
SWIDTH 810 0
DWIDTH 9 0
BBX 5 8 2 0
BITMAP
E8
E8
E8
E8
E8
E8
F8
30
ENDCHAR
STARTCHAR $290C
ENCODING 10508
SWIDTH 810 0
DWIDTH 9 0
BBX 9 5 0 1
BITMAP
2000
4000
FB80
4000
2000
ENDCHAR
STARTCHAR $290D
ENCODING 10509
SWIDTH 810 0
DWIDTH 9 0
BBX 8 5 1 1
BITMAP
04
02
EF
02
04
ENDCHAR
STARTCHAR $290E
ENCODING 10510
SWIDTH 810 0
DWIDTH 9 0
BBX 9 5 0 1
BITMAP
2000
4000
F580
4000
2000
ENDCHAR
STARTCHAR $290F
ENCODING 10511
SWIDTH 810 0
DWIDTH 9 0
BBX 8 5 1 1
BITMAP
04
02
B7
02
04
ENDCHAR
STARTCHAR $2910
ENCODING 10512
SWIDTH 810 0
DWIDTH 9 0
BBX 8 5 1 1
BITMAP
8C
CE
5F
CA
84
ENDCHAR
STARTCHAR $2911
ENCODING 10513
SWIDTH 810 0
DWIDTH 9 0
BBX 8 5 1 1
BITMAP
04
02
D7
02
04
ENDCHAR
STARTCHAR $2912
ENCODING 10514
SWIDTH 810 0
DWIDTH 9 0
BBX 5 8 2 0
BITMAP
F8
20
70
20
20
20
20
20
ENDCHAR
STARTCHAR $2913
ENCODING 10515
SWIDTH 810 0
DWIDTH 9 0
BBX 5 8 2 0
BITMAP
20
20
20
20
20
70
20
F8
ENDCHAR
STARTCHAR $2914
ENCODING 10516
SWIDTH 810 0
DWIDTH 9 0
BBX 8 5 1 1
BITMAP
94
D2
7F
D2
94
ENDCHAR
STARTCHAR $2915
ENCODING 10517
SWIDTH 810 0
DWIDTH 9 0
BBX 8 5 1 1
BITMAP
AC
EA
7F
EA
AC
ENDCHAR
STARTCHAR $2916
ENCODING 10518
SWIDTH 810 0
DWIDTH 9 0
BBX 8 5 1 1
BITMAP
8C
CE
7F
CA
84
ENDCHAR
STARTCHAR $2917
ENCODING 10519
SWIDTH 810 0
DWIDTH 9 0
BBX 8 5 1 1
BITMAP
AC
EE
7F
EA
A4
ENDCHAR
STARTCHAR $2918
ENCODING 10520
SWIDTH 810 0
DWIDTH 9 0
BBX 8 5 1 1
BITMAP
DC
DE
7F
DA
D4
ENDCHAR
STARTCHAR $2919
ENCODING 10521
SWIDTH 810 0
DWIDTH 9 0
BBX 7 3 1 2
BITMAP
02
FC
02
ENDCHAR
STARTCHAR $291A
ENCODING 10522
SWIDTH 810 0
DWIDTH 9 0
BBX 8 5 1 1
BITMAP
80
C0
7F
C0
80
ENDCHAR
STARTCHAR $291B
ENCODING 10523
SWIDTH 810 0
DWIDTH 9 0
BBX 7 4 1 1
BITMAP
08
1A
FC
0A
ENDCHAR
STARTCHAR $291C
ENCODING 10524
SWIDTH 810 0
DWIDTH 9 0
BBX 8 5 1 1
BITMAP
A0
F0
7F
F0
A0
ENDCHAR
STARTCHAR $291D
ENCODING 10525
SWIDTH 810 0
DWIDTH 9 0
BBX 9 4 0 2
BITMAP
4800
FF80
4800
0400
ENDCHAR
STARTCHAR $291E
ENCODING 10526
SWIDTH 810 0
DWIDTH 9 0
BBX 8 3 1 2
BITMAP
12
FF
12
ENDCHAR
STARTCHAR $291F
ENCODING 10527
SWIDTH 810 0
DWIDTH 9 0
BBX 9 5 0 1
BITMAP
0180
4980
FF80
4980
0580
ENDCHAR
STARTCHAR $2920
ENCODING 10528
SWIDTH 810 0
DWIDTH 9 0
BBX 8 5 1 1
BITMAP
80
92
FF
92
80
ENDCHAR
STARTCHAR $2921
ENCODING 10529
SWIDTH 810 0
DWIDTH 9 0
BBX 6 6 2 1
BITMAP
E0
C0
E0
34
1C
1C
ENDCHAR
STARTCHAR $2922
ENCODING 10530
SWIDTH 810 0
DWIDTH 9 0
BBX 6 6 2 1
BITMAP
3C
0C
14
24
C0
C0
ENDCHAR
STARTCHAR $2923
ENCODING 10531
SWIDTH 810 0
DWIDTH 9 0
BBX 5 8 2 -1
BITMAP
E0
C0
E0
30
18
08
18
10
ENDCHAR
STARTCHAR $2924
ENCODING 10532
SWIDTH 810 0
DWIDTH 9 0
BBX 6 7 2 -1
BITMAP
3C
0C
14
24
40
80
C0
ENDCHAR
STARTCHAR $2925
ENCODING 10533
SWIDTH 810 0
DWIDTH 9 0
BBX 6 7 2 1
BITMAP
40
C0
C0
60
34
1C
1C
ENDCHAR
STARTCHAR $2926
ENCODING 10534
SWIDTH 810 0
DWIDTH 9 0
BBX 5 7 2 1
BITMAP
10
18
08
10
20
C0
C0
ENDCHAR
STARTCHAR $2927
ENCODING 10535
SWIDTH 810 0
DWIDTH 9 0
BBX 7 6 1 0
BITMAP
6E
66
BA
18
2C
46
ENDCHAR
STARTCHAR $2928
ENCODING 10536
SWIDTH 810 0
DWIDTH 9 0
BBX 6 7 2 0
BITMAP
9C
CC
74
30
5C
8C
10
ENDCHAR
STARTCHAR $2929
ENCODING 10537
SWIDTH 810 0
DWIDTH 9 0
BBX 7 6 1 1
BITMAP
40
64
38
18
AE
6E
ENDCHAR
STARTCHAR $292A
ENCODING 10538
SWIDTH 810 0
DWIDTH 9 0
BBX 6 7 2 0
BITMAP
C0
C8
F0
30
D8
8C
40
ENDCHAR
STARTCHAR $292B
ENCODING 10539
SWIDTH 810 0
DWIDTH 9 0
BBX 6 6 2 0
BITMAP
80
C8
50
20
48
8C
ENDCHAR
STARTCHAR $292C
ENCODING 10540
SWIDTH 810 0
DWIDTH 9 0
BBX 6 6 2 0
BITMAP
80
C8
60
30
58
8C
ENDCHAR
STARTCHAR $292D
ENCODING 10541
SWIDTH 810 0
DWIDTH 9 0
BBX 6 7 2 0
BITMAP
9C
CC
64
30
5C
8C
10
ENDCHAR
STARTCHAR $292E
ENCODING 10542
SWIDTH 810 0
DWIDTH 9 0
BBX 6 7 2 0
BITMAP
9C
CC
54
20
4C
8C
10
ENDCHAR
STARTCHAR $292F
ENCODING 10543
SWIDTH 810 0
DWIDTH 9 0
BBX 6 6 2 0
BITMAP
9C
CC
64
30
58
8C
ENDCHAR
STARTCHAR $2930
ENCODING 10544
SWIDTH 810 0
DWIDTH 9 0
BBX 6 7 2 0
BITMAP
80
C8
50
20
4C
8C
10
ENDCHAR
STARTCHAR $2931
ENCODING 10545
SWIDTH 810 0
DWIDTH 9 0
BBX 7 6 1 0
BITMAP
6E
66
AA
10
24
46
ENDCHAR
STARTCHAR $2932
ENCODING 10546
SWIDTH 810 0
DWIDTH 9 0
BBX 7 6 1 0
BITMAP
6E
66
B2
18
2C
46
ENDCHAR
STARTCHAR $2933
ENCODING 10547
SWIDTH 810 0
DWIDTH 9 0
BBX 8 5 1 1
BITMAP
04
F2
9F
02
04
ENDCHAR
STARTCHAR $2934
ENCODING 10548
SWIDTH 810 0
DWIDTH 9 0
BBX 6 6 2 1
BITMAP
10
38
54
10
10
E0
ENDCHAR
STARTCHAR $2935
ENCODING 10549
SWIDTH 810 0
DWIDTH 9 0
BBX 5 6 2 1
BITMAP
E0
F0
10
10
38
10
ENDCHAR
STARTCHAR $2936
ENCODING 10550
SWIDTH 810 0
DWIDTH 9 0
BBX 5 6 2 1
BITMAP
08
08
48
F8
F0
40
ENDCHAR
STARTCHAR $2937
ENCODING 10551
SWIDTH 810 0
DWIDTH 9 0
BBX 5 6 2 1
BITMAP
80
80
90
F8
78
10
ENDCHAR
STARTCHAR $2938
ENCODING 10552
SWIDTH 810 0
DWIDTH 9 0
BBX 3 8 3 0
BITMAP
40
20
20
20
20
A0
C0
E0
ENDCHAR
STARTCHAR $2939
ENCODING 10553
SWIDTH 810 0
DWIDTH 9 0
BBX 3 8 3 0
BITMAP
40
C0
80
80
80
C0
60
E0
ENDCHAR
STARTCHAR $293A
ENCODING 10554
SWIDTH 810 0
DWIDTH 9 0
BBX 8 3 1 2
BITMAP
FE
C3
C0
ENDCHAR
STARTCHAR $293B
ENCODING 10555
SWIDTH 810 0
DWIDTH 9 0
BBX 8 3 1 2
BITMAP
07
87
FD
ENDCHAR
STARTCHAR $293C
ENCODING 10556
SWIDTH 810 0
DWIDTH 9 0
BBX 8 4 1 1
BITMAP
FD
87
07
30
ENDCHAR
STARTCHAR $293D
ENCODING 10557
SWIDTH 810 0
DWIDTH 9 0
BBX 8 5 1 0
BITMAP
FE
C3
C8
18
08
ENDCHAR
STARTCHAR $293E
ENCODING 10558
SWIDTH 810 0
DWIDTH 9 0
BBX 6 5 2 2
BITMAP
08
0C
8C
D8
F0
ENDCHAR
STARTCHAR $293F
ENCODING 10559
SWIDTH 810 0
DWIDTH 9 0
BBX 6 5 2 2
BITMAP
80
80
84
DC
78
ENDCHAR
STARTCHAR $2940
ENCODING 10560
SWIDTH 810 0
DWIDTH 9 0
BBX 7 6 1 2
BITMAP
38
7C
4E
C2
46
7C
ENDCHAR
STARTCHAR $2941
ENCODING 10561
SWIDTH 810 0
DWIDTH 9 0
BBX 7 6 1 2
BITMAP
38
7C
46
C2
46
7C
ENDCHAR
STARTCHAR $2942
ENCODING 10562
SWIDTH 810 0
DWIDTH 9 0
BBX 8 8 1 -1
BITMAP
04
02
FF
02
44
80
F0
80
ENDCHAR
STARTCHAR $2943
ENCODING 10563
SWIDTH 810 0
DWIDTH 9 0
BBX 9 9 0 -1
BITMAP
2000
4000
FF80
4000
2200
0100
0780
0100
0200
ENDCHAR
STARTCHAR $2944
ENCODING 10564
SWIDTH 810 0
DWIDTH 9 0
BBX 8 8 1 -1
BITMAP
04
02
0F
02
44
80
FF
80
ENDCHAR
STARTCHAR $2945
ENCODING 10565
SWIDTH 810 0
DWIDTH 9 0
BBX 8 6 1 0
BITMAP
04
02
FF
42
E4
40
ENDCHAR
STARTCHAR $2946
ENCODING 10566
SWIDTH 810 0
DWIDTH 9 0
BBX 9 6 0 0
BITMAP
2000
4000
FF80
4200
2700
0200
ENDCHAR
STARTCHAR $2947
ENCODING 10567
SWIDTH 810 0
DWIDTH 9 0
BBX 8 5 1 1
BITMAP
04
72
FF
5A
04
ENDCHAR
STARTCHAR $2948
ENCODING 10568
SWIDTH 810 0
DWIDTH 9 0
BBX 9 5 0 1
BITMAP
2200
5D00
FF80
5D00
2200
ENDCHAR
STARTCHAR $2949
ENCODING 10569
SWIDTH 810 0
DWIDTH 9 0
BBX 5 8 2 0
BITMAP
20
70
70
A8
20
70
50
70
ENDCHAR
STARTCHAR $294A
ENCODING 10570
SWIDTH 810 0
DWIDTH 9 0
BBX 7 3 1 2
BITMAP
40
FE
04
ENDCHAR
STARTCHAR $294B
ENCODING 10571
SWIDTH 810 0
DWIDTH 9 0
BBX 7 3 1 2
BITMAP
04
FE
40
ENDCHAR
STARTCHAR $294C
ENCODING 10572
SWIDTH 810 0
DWIDTH 9 0
BBX 5 8 2 0
BITMAP
20
30
28
20
20
A0
60
20
ENDCHAR
STARTCHAR $294D
ENCODING 10573
SWIDTH 810 0
DWIDTH 9 0
BBX 5 8 2 0
BITMAP
20
60
A0
20
20
28
30
20
ENDCHAR
STARTCHAR $294E
ENCODING 10574
SWIDTH 810 0
DWIDTH 9 0
BBX 7 2 1 4
BITMAP
44
FE
ENDCHAR
STARTCHAR $294F
ENCODING 10575
SWIDTH 810 0
DWIDTH 9 0
BBX 3 8 4 0
BITMAP
80
C0
A0
80
80
A0
C0
80
ENDCHAR
STARTCHAR $2950
ENCODING 10576
SWIDTH 810 0
DWIDTH 9 0
BBX 7 2 1 1
BITMAP
FE
44
ENDCHAR
STARTCHAR $2951
ENCODING 10577
SWIDTH 810 0
DWIDTH 9 0
BBX 3 8 2 0
BITMAP
20
60
A0
20
20
A0
60
20
ENDCHAR
STARTCHAR $2952
ENCODING 10578
SWIDTH 810 0
DWIDTH 9 0
BBX 8 5 1 1
BITMAP
A0
C0
FF
80
80
ENDCHAR
STARTCHAR $2953
ENCODING 10579
SWIDTH 810 0
DWIDTH 9 0
BBX 8 5 1 1
BITMAP
03
07
FF
03
03
ENDCHAR
STARTCHAR $2954
ENCODING 10580
SWIDTH 810 0
DWIDTH 9 0
BBX 5 8 2 0
BITMAP
F8
20
30
20
20
20
20
20
ENDCHAR
STARTCHAR $2955
ENCODING 10581
SWIDTH 810 0
DWIDTH 9 0
BBX 5 8 2 0
BITMAP
20
20
20
20
20
30
20
F8
ENDCHAR
STARTCHAR $2956
ENCODING 10582
SWIDTH 810 0
DWIDTH 9 0
BBX 8 5 1 1
BITMAP
80
80
FF
C0
A0
ENDCHAR
STARTCHAR $2957
ENCODING 10583
SWIDTH 810 0
DWIDTH 9 0
BBX 8 5 1 1
BITMAP
03
03
FF
07
03
ENDCHAR
STARTCHAR $2958
ENCODING 10584
SWIDTH 810 0
DWIDTH 9 0
BBX 5 8 2 0
BITMAP
F8
20
60
20
20
20
20
20
ENDCHAR
STARTCHAR $2959
ENCODING 10585
SWIDTH 810 0
DWIDTH 9 0
BBX 5 8 2 0
BITMAP
20
20
20
20
20
60
20
F8
ENDCHAR
STARTCHAR $295A
ENCODING 10586
SWIDTH 810 0
DWIDTH 9 0
BBX 8 5 1 1
BITMAP
03
43
FF
03
03
ENDCHAR
STARTCHAR $295B
ENCODING 10587
SWIDTH 810 0
DWIDTH 9 0
BBX 7 5 1 1
BITMAP
80
84
FE
80
80
ENDCHAR
STARTCHAR $295C
ENCODING 10588
SWIDTH 810 0
DWIDTH 9 0
BBX 5 8 2 0
BITMAP
20
30
28
20
20
20
20
F8
ENDCHAR
STARTCHAR $295D
ENCODING 10589
SWIDTH 810 0
DWIDTH 9 0
BBX 5 8 2 0
BITMAP
F8
20
20
20
20
28
30
20
ENDCHAR
STARTCHAR $295E
ENCODING 10590
SWIDTH 810 0
DWIDTH 9 0
BBX 8 5 1 1
BITMAP
03
03
FF
43
03
ENDCHAR
STARTCHAR $295F
ENCODING 10591
SWIDTH 810 0
DWIDTH 9 0
BBX 7 5 1 1
BITMAP
80
80
FE
84
80
ENDCHAR
STARTCHAR $2960
ENCODING 10592
SWIDTH 810 0
DWIDTH 9 0
BBX 5 8 2 0
BITMAP
20
60
A0
20
20
20
20
F8
ENDCHAR
STARTCHAR $2961
ENCODING 10593
SWIDTH 810 0
DWIDTH 9 0
BBX 5 8 2 0
BITMAP
F8
20
20
20
20
A0
60
20
ENDCHAR
STARTCHAR $2962
ENCODING 10594
SWIDTH 810 0
DWIDTH 9 0
BBX 8 5 1 1
BITMAP
40
FF
00
FF
40
ENDCHAR
STARTCHAR $2963
ENCODING 10595
SWIDTH 810 0
DWIDTH 9 0
BBX 7 8 1 0
BITMAP
28
6C
AA
28
28
28
28
28
ENDCHAR
STARTCHAR $2964
ENCODING 10596
SWIDTH 810 0
DWIDTH 9 0
BBX 7 5 1 1
BITMAP
04
FE
00
FE
04
ENDCHAR
STARTCHAR $2965
ENCODING 10597
SWIDTH 810 0
DWIDTH 9 0
BBX 7 8 1 0
BITMAP
28
28
28
28
28
AA
6C
28
ENDCHAR
STARTCHAR $2966
ENCODING 10598
SWIDTH 810 0
DWIDTH 9 0
BBX 8 4 1 3
BITMAP
40
FF
04
FE
ENDCHAR
STARTCHAR $2967
ENCODING 10599
SWIDTH 810 0
DWIDTH 9 0
BBX 8 4 1 0
BITMAP
FF
40
FE
04
ENDCHAR
STARTCHAR $2968
ENCODING 10600
SWIDTH 810 0
DWIDTH 9 0
BBX 8 4 1 3
BITMAP
04
FE
40
FF
ENDCHAR
STARTCHAR $2969
ENCODING 10601
SWIDTH 810 0
DWIDTH 9 0
BBX 8 4 1 0
BITMAP
FE
04
FF
40
ENDCHAR
STARTCHAR $296A
ENCODING 10602
SWIDTH 810 0
DWIDTH 9 0
BBX 8 4 1 3
BITMAP
40
FF
00
FF
ENDCHAR
STARTCHAR $296B
ENCODING 10603
SWIDTH 810 0
DWIDTH 9 0
BBX 8 4 1 0
BITMAP
FF
00
FF
40
ENDCHAR
STARTCHAR $296C
ENCODING 10604
SWIDTH 810 0
DWIDTH 9 0
BBX 8 4 1 3
BITMAP
04
FE
00
FF
ENDCHAR
STARTCHAR $296D
ENCODING 10605
SWIDTH 810 0
DWIDTH 9 0
BBX 8 4 1 0
BITMAP
FF
00
FE
04
ENDCHAR
STARTCHAR $296E
ENCODING 10606
SWIDTH 810 0
DWIDTH 9 0
BBX 7 8 1 0
BITMAP
28
68
A8
28
28
2A
2C
28
ENDCHAR
STARTCHAR $296F
ENCODING 10607
SWIDTH 810 0
DWIDTH 9 0
BBX 7 8 1 0
BITMAP
28
2C
2A
28
28
A8
68
28
ENDCHAR
STARTCHAR $2970
ENCODING 10608
SWIDTH 810 0
DWIDTH 9 0
BBX 8 3 1 3
BITMAP
FE
03
FE
ENDCHAR
STARTCHAR $2971
ENCODING 10609
SWIDTH 810 0
DWIDTH 9 0
BBX 8 7 1 1
BITMAP
F8
00
FC
02
FF
02
04
ENDCHAR
STARTCHAR $2972
ENCODING 10610
SWIDTH 810 0
DWIDTH 9 0
BBX 8 6 1 1
BITMAP
48
B4
02
FF
02
04
ENDCHAR
STARTCHAR $2973
ENCODING 10611
SWIDTH 810 0
DWIDTH 9 0
BBX 9 5 0 0
BITMAP
2000
4000
FF80
4000
2F00
ENDCHAR
STARTCHAR $2974
ENCODING 10612
SWIDTH 810 0
DWIDTH 9 0
BBX 8 5 1 0
BITMAP
04
02
FF
02
FC
ENDCHAR
STARTCHAR $2975
ENCODING 10613
SWIDTH 810 0
DWIDTH 9 0
BBX 8 7 1 -2
BITMAP
04
02
FF
02
FC
00
F8
ENDCHAR
STARTCHAR $2976
ENCODING 10614
SWIDTH 810 0
DWIDTH 9 0
BBX 9 10 0 -1
BITMAP
0100
0700
3800
6000
1C00
2700
4000
FF80
4000
2000
ENDCHAR
STARTCHAR $2977
ENCODING 10615
SWIDTH 990 0
DWIDTH 11 0
BBX 11 6 0 0
BITMAP
0020
20E0
4700
FF80
4780
20E0
ENDCHAR
STARTCHAR $2978
ENCODING 10616
SWIDTH 810 0
DWIDTH 9 0
BBX 8 10 1 -1
BITMAP
80
E0
1C
06
3C
E4
02
FF
02
04
ENDCHAR
STARTCHAR $2979
ENCODING 10617
SWIDTH 810 0
DWIDTH 9 0
BBX 8 9 1 -1
BITMAP
7E
40
40
7E
04
02
FF
02
04
ENDCHAR
STARTCHAR $297A
ENCODING 10618
SWIDTH 990 0
DWIDTH 11 0
BBX 10 7 0 0
BITMAP
07C0
2800
5000
FF80
5800
2C00
07C0
ENDCHAR
STARTCHAR $297B
ENCODING 10619
SWIDTH 810 0
DWIDTH 9 0
BBX 9 9 0 -1
BITMAP
7E00
0300
0300
7E00
2000
4000
FF80
4000
2000
ENDCHAR
STARTCHAR $297C
ENCODING 10620
SWIDTH 810 0
DWIDTH 9 0
BBX 6 7 2 0
BITMAP
C0
80
80
FC
80
80
40
ENDCHAR
STARTCHAR $297D
ENCODING 10621
SWIDTH 810 0
DWIDTH 9 0
BBX 5 7 2 0
BITMAP
18
08
08
F8
08
08
18
ENDCHAR
STARTCHAR $297E
ENCODING 10622
SWIDTH 810 0
DWIDTH 9 0
BBX 7 5 1 1
BITMAP
FE
92
10
10
10
ENDCHAR
STARTCHAR $297F
ENCODING 10623
SWIDTH 810 0
DWIDTH 9 0
BBX 7 5 1 1
BITMAP
10
10
10
92
FE
ENDCHAR
STARTCHAR $29EB
ENCODING 10731
SWIDTH 450 0
DWIDTH 5 0
BBX 5 10 0 -2
BITMAP
20
30
70
78
F8
F8
78
70
30
20
ENDCHAR
STARTCHAR $2A0C
ENCODING 10764
SWIDTH 1800 0
DWIDTH 20 0
BBX 19 10 0 -2
BITMAP
0CCE60
154EA0
111880
111980
111180
311180
311180
311180
E55700
E66700
ENDCHAR
STARTCHAR $2A0D
ENCODING 10765
SWIDTH 630 0
DWIDTH 7 0
BBX 6 10 0 -2
BITMAP
0C
10
10
10
7C
10
10
30
F0
E0
ENDCHAR
STARTCHAR $2A0E
ENCODING 10766
SWIDTH 630 0
DWIDTH 7 0
BBX 6 10 0 -2
BITMAP
0C
10
10
7C
10
7C
10
30
F0
E0
ENDCHAR
STARTCHAR $2A2F
ENCODING 10799
SWIDTH 810 0
DWIDTH 9 0
BBX 5 6 2 0
BITMAP
88
D8
70
70
D8
88
ENDCHAR
STARTCHAR $2A6A
ENCODING 10858
SWIDTH 810 0
DWIDTH 9 0
BBX 7 3 1 2
BITMAP
10
00
FE
ENDCHAR
STARTCHAR $2A6B
ENCODING 10859
SWIDTH 810 0
DWIDTH 9 0
BBX 7 5 1 1
BITMAP
0C
00
FE
00
60
ENDCHAR
STARTCHAR $2B00
ENCODING 11008
SWIDTH 810 0
DWIDTH 9 0
BBX 7 6 1 1
BITMAP
1E
22
46
88
90
60
ENDCHAR
STARTCHAR $2B01
ENCODING 11009
SWIDTH 810 0
DWIDTH 9 0
BBX 6 6 2 1
BITMAP
E0
90
88
44
24
18
ENDCHAR
STARTCHAR $2B02
ENCODING 11010
SWIDTH 810 0
DWIDTH 9 0
BBX 7 6 1 1
BITMAP
60
90
88
46
22
1E
ENDCHAR
STARTCHAR $2B03
ENCODING 11011
SWIDTH 810 0
DWIDTH 9 0
BBX 6 6 2 1
BITMAP
18
24
44
88
90
E0
ENDCHAR
STARTCHAR $2B04
ENCODING 11012
SWIDTH 810 0
DWIDTH 9 0
BBX 9 5 0 1
BITMAP
2200
7F00
8080
7F00
2200
ENDCHAR
STARTCHAR $2B05
ENCODING 11013
SWIDTH 810 0
DWIDTH 9 0
BBX 9 5 0 1
BITMAP
2000
7F80
FF80
7F80
2000
ENDCHAR
STARTCHAR $2B06
ENCODING 11014
SWIDTH 810 0
DWIDTH 9 0
BBX 3 8 3 0
BITMAP
40
E0
E0
E0
E0
E0
E0
E0
ENDCHAR
STARTCHAR $2B07
ENCODING 11015
SWIDTH 810 0
DWIDTH 9 0
BBX 3 8 3 0
BITMAP
E0
E0
E0
E0
E0
E0
E0
40
ENDCHAR
STARTCHAR $2B08
ENCODING 11016
SWIDTH 810 0
DWIDTH 9 0
BBX 7 6 1 1
BITMAP
0E
1E
3E
78
F0
60
ENDCHAR
STARTCHAR $2B09
ENCODING 11017
SWIDTH 810 0
DWIDTH 9 0
BBX 6 6 2 1
BITMAP
E0
F0
78
3C
1C
08
ENDCHAR
STARTCHAR $2B0A
ENCODING 11018
SWIDTH 810 0
DWIDTH 9 0
BBX 7 6 1 1
BITMAP
60
F0
78
3E
1E
0E
ENDCHAR
STARTCHAR $2B0B
ENCODING 11019
SWIDTH 810 0
DWIDTH 9 0
BBX 6 6 2 1
BITMAP
08
1C
3C
78
F0
E0
ENDCHAR
STARTCHAR $2B0C
ENCODING 11020
SWIDTH 810 0
DWIDTH 9 0
BBX 9 5 0 1
BITMAP
2200
7F00
FF80
7F00
2200
ENDCHAR
STARTCHAR $2B0D
ENCODING 11021
SWIDTH 810 0
DWIDTH 9 0
BBX 3 8 3 0
BITMAP
40
E0
E0
E0
E0
E0
E0
40
ENDCHAR
STARTCHAR $2B0E
ENCODING 11022
SWIDTH 810 0
DWIDTH 9 0
BBX 8 5 1 1
BITMAP
FC
FC
15
0E
04
ENDCHAR
STARTCHAR $2B0F
ENCODING 11023
SWIDTH 810 0
DWIDTH 9 0
BBX 8 5 1 1
BITMAP
04
0E
15
FC
FC
ENDCHAR
STARTCHAR $2B10
ENCODING 11024
SWIDTH 810 0
DWIDTH 9 0
BBX 9 5 0 1
BITMAP
3F80
3F80
A800
7000
2000
ENDCHAR
STARTCHAR $2B11
ENCODING 11025
SWIDTH 810 0
DWIDTH 9 0
BBX 9 5 0 1
BITMAP
2000
7000
A000
3F80
3F80
ENDCHAR
STARTCHAR $2B12
ENCODING 11026
SWIDTH 900 0
DWIDTH 10 0
BBX 8 8 1 -1
BITMAP
FF
FF
FF
FF
81
81
81
FF
ENDCHAR
STARTCHAR $2B13
ENCODING 11027
SWIDTH 900 0
DWIDTH 10 0
BBX 8 8 1 -1
BITMAP
FF
81
81
81
FF
FF
FF
FF
ENDCHAR
STARTCHAR $2B14
ENCODING 11028
SWIDTH 900 0
DWIDTH 10 0
BBX 8 8 1 -1
BITMAP
FF
BF
9F
8F
87
83
81
FF
ENDCHAR
STARTCHAR $2B15
ENCODING 11029
SWIDTH 900 0
DWIDTH 10 0
BBX 8 8 1 -1
BITMAP
FF
C1
E1
F1
F9
FD
FF
FF
ENDCHAR
STARTCHAR $2B16
ENCODING 11030
SWIDTH 720 0
DWIDTH 8 0
BBX 8 8 0 -1
BITMAP
08
14
32
71
F1
72
34
18
ENDCHAR
STARTCHAR $2B17
ENCODING 11031
SWIDTH 720 0
DWIDTH 8 0
BBX 8 8 0 -1
BITMAP
08
3C
4E
8F
8F
4E
2C
18
ENDCHAR
STARTCHAR $2B18
ENCODING 11032
SWIDTH 720 0
DWIDTH 8 0
BBX 8 8 0 -1
BITMAP
08
1C
3E
7F
81
42
24
18
ENDCHAR
STARTCHAR $2B19
ENCODING 11033
SWIDTH 720 0
DWIDTH 8 0
BBX 8 8 0 -1
BITMAP
08
34
42
81
FF
7E
3C
18
ENDCHAR
STARTCHAR $2B1A
ENCODING 11034
SWIDTH 900 0
DWIDTH 10 0
BBX 8 8 1 -1
BITMAP
B5
00
80
80
00
80
00
80
ENDCHAR
STARTCHAR $2C60
ENCODING 11360
SWIDTH 720 0
DWIDTH 8 0
BBX 8 8 0 0
BITMAP
78
30
30
78
F8
30
31
7F
ENDCHAR
STARTCHAR $2C61
ENCODING 11361
SWIDTH 360 0
DWIDTH 4 0
BBX 4 8 0 0
BITMAP
60
60
60
70
F0
60
60
F0
ENDCHAR
STARTCHAR $2C63
ENCODING 11363
SWIDTH 720 0
DWIDTH 8 0
BBX 8 8 0 0
BITMAP
7E
33
FB
37
3C
30
30
78
ENDCHAR
STARTCHAR $2C64
ENCODING 11364
SWIDTH 810 0
DWIDTH 9 0
BBX 8 10 1 -2
BITMAP
FC
66
66
6C
7C
6C
66
67
60
78
ENDCHAR
STARTCHAR $2C67
ENCODING 11367
SWIDTH 900 0
DWIDTH 10 0
BBX 9 10 1 -2
BITMAP
F780
6300
6300
7F00
6300
6300
6300
F780
0080
0080
ENDCHAR
STARTCHAR $2C68
ENCODING 11368
SWIDTH 720 0
DWIDTH 8 0
BBX 8 10 0 -2
BITMAP
60
60
6C
76
66
66
66
FF
01
01
ENDCHAR
STARTCHAR $2C69
ENCODING 11369
SWIDTH 900 0
DWIDTH 10 0
BBX 9 10 1 -2
BITMAP
F700
6400
6800
7800
7800
6C00
6600
F380
0080
0080
ENDCHAR
STARTCHAR $2C6A
ENCODING 11370
SWIDTH 720 0
DWIDTH 8 0
BBX 8 10 0 -2
BITMAP
60
60
66
64
68
7C
66
F7
01
01
ENDCHAR
STARTCHAR $2C6B
ENCODING 11371
SWIDTH 720 0
DWIDTH 8 0
BBX 8 10 0 -2
BITMAP
7F
06
0C
1C
38
30
60
FF
01
01
ENDCHAR
STARTCHAR $2C6C
ENCODING 11372
SWIDTH 540 0
DWIDTH 6 0
BBX 6 8 0 -2
BITMAP
7C
18
38
30
60
FC
04
04
ENDCHAR
STARTCHAR $2C6D
ENCODING 11373
SWIDTH 810 0
DWIDTH 9 0
BBX 9 8 0 0
BITMAP
3F80
6700
6300
E300
E300
6300
6700
3B80
ENDCHAR
STARTCHAR $2C6E
ENCODING 11374
SWIDTH 1080 0
DWIDTH 12 0
BBX 12 10 0 -2
BITMAP
F0F0
7160
5960
5960
4E60
4E60
4460
E060
0060
03C0
ENDCHAR
STARTCHAR $2C6F
ENCODING 11375
SWIDTH 810 0
DWIDTH 9 0
BBX 9 8 0 0
BITMAP
F380
6100
7E00
3200
3400
1C00
1C00
1800
ENDCHAR
STARTCHAR $2C70
ENCODING 11376
SWIDTH 810 0
DWIDTH 9 0
BBX 9 8 0 0
BITMAP
FF00
3300
3180
3180
3180
3180
3300
FF00
ENDCHAR
STARTCHAR $2C71
ENCODING 11377
SWIDTH 720 0
DWIDTH 8 0
BBX 8 6 0 0
BITMAP
E3
65
68
68
38
30
ENDCHAR
STARTCHAR $2C72
ENCODING 11378
SWIDTH 1170 0
DWIDTH 13 0
BBX 13 8 0 0
BITMAP
F318
6320
6720
35A0
39C0
39C0
18C0
18C0
ENDCHAR
STARTCHAR $2C73
ENCODING 11379
SWIDTH 990 0
DWIDTH 11 0
BBX 11 6 0 0
BITMAP
E460
6CA0
6F00
7700
3700
3200
ENDCHAR
STARTCHAR $2C75
ENCODING 11381
SWIDTH 810 0
DWIDTH 9 0
BBX 7 8 1 0
BITMAP
F0
60
62
7E
62
60
60
F0
ENDCHAR
STARTCHAR $2C76
ENCODING 11382
SWIDTH 630 0
DWIDTH 7 0
BBX 6 6 0 0
BITMAP
F0
60
64
7C
60
F0
ENDCHAR
STARTCHAR $2C77
ENCODING 11383
SWIDTH 900 0
DWIDTH 10 0
BBX 8 6 1 0
BITMAP
4E
DB
DB
DB
DB
7E
ENDCHAR
STARTCHAR $2C79
ENCODING 11385
SWIDTH 540 0
DWIDTH 6 0
BBX 6 8 0 0
BITMAP
78
18
18
18
18
18
98
FC
ENDCHAR
STARTCHAR $2C7A
ENCODING 11386
SWIDTH 630 0
DWIDTH 7 0
BBX 7 6 0 0
BITMAP
38
64
66
FE
66
7C
ENDCHAR
STARTCHAR $2C7B
ENCODING 11387
SWIDTH 630 0
DWIDTH 7 0
BBX 6 6 0 0
BITMAP
FC
8C
4C
3C
8C
FC
ENDCHAR
STARTCHAR $2C7C
ENCODING 11388
SWIDTH 270 0
DWIDTH 3 0
BBX 3 6 0 -2
BITMAP
20
20
20
20
20
C0
ENDCHAR
STARTCHAR $2C7D
ENCODING 11389
SWIDTH 450 0
DWIDTH 5 0
BBX 4 4 1 4
BITMAP
90
A0
E0
60
ENDCHAR
STARTCHAR $2C7E
ENCODING 11390
SWIDTH 720 0
DWIDTH 8 0
BBX 6 10 1 -2
BITMAP
7C
84
C0
F8
7C
0C
84
F8
40
38
ENDCHAR
STARTCHAR $2C7F
ENCODING 11391
SWIDTH 720 0
DWIDTH 8 0
BBX 8 10 0 -2
BITMAP
7F
06
0C
1C
38
30
60
F0
08
0F
ENDCHAR
STARTCHAR $2D00
ENCODING 11520
SWIDTH 810 0
DWIDTH 9 0
BBX 7 7 1 -1
BITMAP
B6
EE
26
60
60
7C
0C
ENDCHAR
STARTCHAR $2D01
ENCODING 11521
SWIDTH 630 0
DWIDTH 7 0
BBX 6 8 0 -2
BITMAP
24
64
64
4C
7C
CC
04
7C
ENDCHAR
STARTCHAR $2D02
ENCODING 11522
SWIDTH 810 0
DWIDTH 9 0
BBX 7 8 1 -2
BITMAP
B2
FE
26
26
26
02
42
7E
ENDCHAR
STARTCHAR $2D03
ENCODING 11523
SWIDTH 630 0
DWIDTH 7 0
BBX 6 8 1 0
BITMAP
FC
30
30
4C
C8
88
88
F0
ENDCHAR
STARTCHAR $2D04
ENCODING 11524
SWIDTH 810 0
DWIDTH 9 0
BBX 7 8 1 -2
BITMAP
B2
FE
26
26
64
64
0C
06
ENDCHAR
STARTCHAR $2D05
ENCODING 11525
SWIDTH 990 0
DWIDTH 11 0
BBX 9 8 1 -2
BITMAP
4C80
FB80
C980
D900
9900
DB80
1000
1800
ENDCHAR
STARTCHAR $2D06
ENCODING 11526
SWIDTH 720 0
DWIDTH 8 0
BBX 8 8 0 0
BITMAP
D0
F0
13
1F
32
32
36
3E
ENDCHAR
STARTCHAR $2D07
ENCODING 11527
SWIDTH 990 0
DWIDTH 11 0
BBX 9 6 1 0
BITMAP
4C80
FB80
C980
D900
9900
FB80
ENDCHAR
STARTCHAR $2D08
ENCODING 11528
SWIDTH 630 0
DWIDTH 7 0
BBX 5 6 1 0
BITMAP
C8
F8
98
58
10
18
ENDCHAR
STARTCHAR $2D09
ENCODING 11529
SWIDTH 630 0
DWIDTH 7 0
BBX 6 10 1 -2
BITMAP
C0
40
4C
F8
C8
D8
98
F8
10
18
ENDCHAR
STARTCHAR $2D0A
ENCODING 11530
SWIDTH 990 0
DWIDTH 11 0
BBX 9 6 1 0
BITMAP
4D80
FB80
C980
9900
9900
DF80
ENDCHAR
STARTCHAR $2D0B
ENCODING 11531
SWIDTH 630 0
DWIDTH 7 0
BBX 5 8 1 0
BITMAP
58
68
18
E8
C8
98
98
F0
ENDCHAR
STARTCHAR $2D0C
ENCODING 11532
SWIDTH 630 0
DWIDTH 7 0
BBX 6 8 1 0
BITMAP
78
40
4C
F8
C8
D8
98
D8
ENDCHAR
STARTCHAR $2D0D
ENCODING 11533
SWIDTH 990 0
DWIDTH 11 0
BBX 9 6 1 0
BITMAP
4C80
C980
C980
D900
9900
FF80
ENDCHAR
STARTCHAR $2D0E
ENCODING 11534
SWIDTH 810 0
DWIDTH 9 0
BBX 8 6 1 0
BITMAP
D3
F3
32
32
36
3E
ENDCHAR
STARTCHAR $2D0F
ENCODING 11535
SWIDTH 900 0
DWIDTH 10 0
BBX 8 10 1 -2
BITMAP
03
01
C3
D3
F3
32
32
3E
06
02
ENDCHAR
STARTCHAR $2D10
ENCODING 11536
SWIDTH 990 0
DWIDTH 11 0
BBX 9 8 1 0
BITMAP
1C00
0C00
4C80
CF80
C980
D900
9900
FB80
ENDCHAR
STARTCHAR $2D11
ENCODING 11537
SWIDTH 630 0
DWIDTH 7 0
BBX 6 8 1 0
BITMAP
C0
40
4C
C8
C8
D8
98
F8
ENDCHAR
STARTCHAR $2D12
ENCODING 11538
SWIDTH 630 0
DWIDTH 7 0
BBX 6 8 0 -2
BITMAP
2C
74
64
6C
4C
78
C0
70
ENDCHAR
STARTCHAR $2D13
ENCODING 11539
SWIDTH 990 0
DWIDTH 11 0
BBX 9 9 1 -2
BITMAP
0180
4C80
C980
C980
D900
9900
FF00
0300
0300
ENDCHAR
STARTCHAR $2D14
ENCODING 11540
SWIDTH 900 0
DWIDTH 10 0
BBX 9 8 1 -2
BITMAP
1B00
ED80
C980
9900
9900
F600
1800
1800
ENDCHAR
STARTCHAR $2D15
ENCODING 11541
SWIDTH 900 0
DWIDTH 10 0
BBX 8 10 1 -2
BITMAP
18
08
D8
DB
9F
F3
13
30
30
10
ENDCHAR
STARTCHAR $2D16
ENCODING 11542
SWIDTH 630 0
DWIDTH 7 0
BBX 6 6 1 0
BITMAP
4C
F8
C8
D8
98
D8
ENDCHAR
STARTCHAR $2D17
ENCODING 11543
SWIDTH 630 0
DWIDTH 7 0
BBX 6 8 1 -2
BITMAP
4C
C8
C8
D8
98
F8
10
18
ENDCHAR
STARTCHAR $2D18
ENCODING 11544
SWIDTH 630 0
DWIDTH 7 0
BBX 6 8 1 -2
BITMAP
4C
C8
C8
D8
98
F8
10
F0
ENDCHAR
STARTCHAR $2D19
ENCODING 11545
SWIDTH 630 0
DWIDTH 7 0
BBX 6 10 1 -2
BITMAP
40
40
4C
F8
C8
D8
98
98
80
C0
ENDCHAR
STARTCHAR $2D1A
ENCODING 11546
SWIDTH 720 0
DWIDTH 8 0
BBX 6 8 1 -2
BITMAP
64
5C
4C
C8
C8
DC
80
F0
ENDCHAR
STARTCHAR $2D1B
ENCODING 11547
SWIDTH 900 0
DWIDTH 10 0
BBX 8 8 1 0
BITMAP
08
08
0A
7D
C9
99
9B
F3
ENDCHAR
STARTCHAR $2D1C
ENCODING 11548
SWIDTH 990 0
DWIDTH 11 0
BBX 9 8 1 -2
BITMAP
4C80
7F80
C980
C980
D900
9980
8000
C000
ENDCHAR
STARTCHAR $2D1D
ENCODING 11549
SWIDTH 720 0
DWIDTH 8 0
BBX 6 8 1 -2
BITMAP
6C
5C
4C
CC
C0
78
08
F8
ENDCHAR
STARTCHAR $2D1E
ENCODING 11550
SWIDTH 630 0
DWIDTH 7 0
BBX 6 8 1 -2
BITMAP
6C
4C
4C
C8
C8
FC
80
F0
ENDCHAR
STARTCHAR $2D1F
ENCODING 11551
SWIDTH 810 0
DWIDTH 9 0
BBX 8 8 1 -2
BITMAP
03
FE
92
1C
18
38
4C
86
ENDCHAR
STARTCHAR $2D20
ENCODING 11552
SWIDTH 1080 0
DWIDTH 12 0
BBX 11 6 1 0
BITMAP
B260
FE60
2640
2640
64C0
67C0
ENDCHAR
STARTCHAR $2D21
ENCODING 11553
SWIDTH 630 0
DWIDTH 7 0
BBX 5 10 1 -2
BITMAP
E0
C0
C8
F8
D8
98
98
80
C0
60
ENDCHAR
STARTCHAR $2D22
ENCODING 11554
SWIDTH 630 0
DWIDTH 7 0
BBX 5 6 1 0
BITMAP
60
58
08
18
98
F0
ENDCHAR
STARTCHAR $2D23
ENCODING 11555
SWIDTH 630 0
DWIDTH 7 0
BBX 6 10 1 -2
BITMAP
0C
0C
4C
C8
C8
D8
98
F8
10
18
ENDCHAR
STARTCHAR $2D24
ENCODING 11556
SWIDTH 720 0
DWIDTH 8 0
BBX 7 8 1 -2
BITMAP
46
C6
C4
C4
BC
FC
20
30
ENDCHAR
STARTCHAR $2D25
ENCODING 11557
SWIDTH 900 0
DWIDTH 10 0
BBX 8 8 1 0
BITMAP
0F
08
0F
F9
C9
DB
9B
F0
ENDCHAR
STARTCHAR $2E18
ENCODING 11800
SWIDTH 540 0
DWIDTH 6 0
BBX 5 8 1 -2
BITMAP
30
20
20
20
E0
E0
E8
F8
ENDCHAR
STARTCHAR $2E1F
ENCODING 11807
SWIDTH 810 0
DWIDTH 9 0
BBX 7 3 1 1
BITMAP
FE
00
10
ENDCHAR
STARTCHAR $2E22
ENCODING 11810
SWIDTH 450 0
DWIDTH 5 0
BBX 3 4 1 4
BITMAP
E0
C0
C0
C0
ENDCHAR
STARTCHAR $2E23
ENCODING 11811
SWIDTH 450 0
DWIDTH 5 0
BBX 3 4 1 4
BITMAP
E0
60
60
60
ENDCHAR
STARTCHAR $2E24
ENCODING 11812
SWIDTH 450 0
DWIDTH 5 0
BBX 3 3 1 -1
BITMAP
C0
C0
E0
ENDCHAR
STARTCHAR $2E25
ENCODING 11813
SWIDTH 450 0
DWIDTH 5 0
BBX 3 3 1 -1
BITMAP
60
60
E0
ENDCHAR
STARTCHAR $2E2E
ENCODING 11822
SWIDTH 540 0
DWIDTH 6 0
BBX 5 8 1 0
BITMAP
F8
C8
C0
C0
20
20
30
30
ENDCHAR
STARTCHAR A644
ENCODING 42564
SWIDTH 720 0
DWIDTH 8 0
BBX 6 8 1 0
BITMAP
F8
84
0C
7C
F8
C0
84
7C
ENDCHAR
STARTCHAR A645
ENCODING 42565
SWIDTH 540 0
DWIDTH 6 0
BBX 6 6 0 0
BITMAP
78
0C
3C
78
C4
7C
ENDCHAR
STARTCHAR A646
ENCODING 42566
SWIDTH 450 0
DWIDTH 5 0
BBX 4 8 1 0
BITMAP
F0
60
60
60
60
60
60
70
ENDCHAR
STARTCHAR A647
ENCODING 42567
SWIDTH 360 0
DWIDTH 4 0
BBX 4 6 0 0
BITMAP
E0
60
60
60
60
70
ENDCHAR
STARTCHAR A650
ENCODING 42576
SWIDTH 1350 0
DWIDTH 15 0
BBX 14 8 0 0
BITMAP
FC3C
9818
1818
1F18
19D8
18D8
18D8
3FBC
ENDCHAR
STARTCHAR A651
ENCODING 42577
SWIDTH 1080 0
DWIDTH 12 0
BBX 12 6 0 0
BITMAP
F8F0
B060
3060
3F60
3360
7EF0
ENDCHAR
STARTCHAR A654
ENCODING 42580
SWIDTH 1260 0
DWIDTH 14 0
BBX 13 8 1 0
BITMAP
7E78
C330
C330
C330
C3F0
C330
C330
7E78
ENDCHAR
STARTCHAR A655
ENCODING 42581
SWIDTH 990 0
DWIDTH 11 0
BBX 11 6 0 0
BITMAP
39E0
66C0
66C0
E7C0
66C0
3DE0
ENDCHAR
STARTCHAR A656
ENCODING 42582
SWIDTH 1260 0
DWIDTH 14 0
BBX 13 8 1 0
BITMAP
F0C0
60C0
61E0
6160
7E60
63F0
6430
F638
ENDCHAR
STARTCHAR A657
ENCODING 42583
SWIDTH 990 0
DWIDTH 11 0
BBX 10 6 1 0
BITMAP
EF00
C980
C780
FD80
CD80
EFC0
ENDCHAR
STARTCHAR A698
ENCODING 42648
SWIDTH 1440 0
DWIDTH 16 0
BBX 15 8 0 0
BITMAP
3E7C
63C6
6186
E186
E186
6186
63C6
3E7C
ENDCHAR
STARTCHAR A699
ENCODING 42649
SWIDTH 1080 0
DWIDTH 12 0
BBX 11 6 0 0
BITMAP
3BC0
6660
6660
E660
6660
7FC0
ENDCHAR
STARTCHAR A708
ENCODING 42760
SWIDTH 540 0
DWIDTH 6 0
BBX 3 8 1 0
BITMAP
A0
20
20
20
20
20
20
20
ENDCHAR
STARTCHAR A709
ENCODING 42761
SWIDTH 540 0
DWIDTH 6 0
BBX 3 8 1 0
BITMAP
20
20
A0
20
20
20
20
20
ENDCHAR
STARTCHAR A70A
ENCODING 42762
SWIDTH 540 0
DWIDTH 6 0
BBX 3 8 1 0
BITMAP
20
20
20
20
A0
20
20
20
ENDCHAR
STARTCHAR A70B
ENCODING 42763
SWIDTH 540 0
DWIDTH 6 0
BBX 3 8 1 0
BITMAP
20
20
20
20
20
A0
20
20
ENDCHAR
STARTCHAR A70C
ENCODING 42764
SWIDTH 540 0
DWIDTH 6 0
BBX 3 8 1 0
BITMAP
20
20
20
20
20
20
20
A0
ENDCHAR
STARTCHAR A70D
ENCODING 42765
SWIDTH 540 0
DWIDTH 6 0
BBX 3 8 1 0
BITMAP
A0
80
80
80
80
80
80
80
ENDCHAR
STARTCHAR A70E
ENCODING 42766
SWIDTH 540 0
DWIDTH 6 0
BBX 3 8 1 0
BITMAP
80
80
A0
80
80
80
80
80
ENDCHAR
STARTCHAR A70F
ENCODING 42767
SWIDTH 540 0
DWIDTH 6 0
BBX 3 8 1 0
BITMAP
80
80
80
80
A0
80
80
80
ENDCHAR
STARTCHAR A710
ENCODING 42768
SWIDTH 540 0
DWIDTH 6 0
BBX 3 8 1 0
BITMAP
80
80
80
80
80
A0
80
80
ENDCHAR
STARTCHAR A711
ENCODING 42769
SWIDTH 540 0
DWIDTH 6 0
BBX 3 8 1 0
BITMAP
80
80
80
80
80
80
80
A0
ENDCHAR
STARTCHAR A712
ENCODING 42770
SWIDTH 540 0
DWIDTH 6 0
BBX 3 8 1 0
BITMAP
E0
80
80
80
80
80
80
80
ENDCHAR
STARTCHAR A713
ENCODING 42771
SWIDTH 540 0
DWIDTH 6 0
BBX 3 8 1 0
BITMAP
80
80
E0
80
80
80
80
80
ENDCHAR
STARTCHAR A714
ENCODING 42772
SWIDTH 540 0
DWIDTH 6 0
BBX 3 8 1 0
BITMAP
80
80
80
80
E0
80
80
80
ENDCHAR
STARTCHAR A715
ENCODING 42773
SWIDTH 540 0
DWIDTH 6 0
BBX 3 8 1 0
BITMAP
80
80
80
80
80
E0
80
80
ENDCHAR
STARTCHAR A716
ENCODING 42774
SWIDTH 540 0
DWIDTH 6 0
BBX 3 8 1 0
BITMAP
80
80
80
80
80
80
80
E0
ENDCHAR
STARTCHAR A71B
ENCODING 42779
SWIDTH 360 0
DWIDTH 4 0
BBX 2 4 1 4
BITMAP
C0
80
80
80
ENDCHAR
STARTCHAR A71C
ENCODING 42780
SWIDTH 360 0
DWIDTH 4 0
BBX 2 5 1 3
BITMAP
80
80
80
80
40
ENDCHAR
STARTCHAR A71D
ENCODING 42781
SWIDTH 270 0
DWIDTH 3 0
BBX 1 5 1 3
BITMAP
80
80
80
80
80
ENDCHAR
STARTCHAR A71E
ENCODING 42782
SWIDTH 270 0
DWIDTH 3 0
BBX 1 4 1 4
BITMAP
80
80
80
80
ENDCHAR
STARTCHAR A71F
ENCODING 42783
SWIDTH 270 0
DWIDTH 3 0
BBX 1 4 1 0
BITMAP
80
80
80
80
ENDCHAR
STARTCHAR A726
ENCODING 42790
SWIDTH 900 0
DWIDTH 10 0
BBX 9 10 1 -2
BITMAP
F780
6300
6300
7F00
6300
6300
6300
F300
0300
1E00
ENDCHAR
STARTCHAR A727
ENCODING 42791
SWIDTH 720 0
DWIDTH 8 0
BBX 7 10 0 -2
BITMAP
60
60
6C
76
66
66
66
F6
06
1E
ENDCHAR
STARTCHAR A728
ENCODING 42792
SWIDTH 990 0
DWIDTH 11 0
BBX 11 10 0 -2
BITMAP
FF00
9900
1FC0
19C0
1980
1B00
18C0
3CE0
08E0
0FC0
ENDCHAR
STARTCHAR A729
ENCODING 42793
SWIDTH 900 0
DWIDTH 10 0
BBX 10 9 0 -2
BITMAP
6000
FF80
6300
6300
6600
6180
69C0
11C0
1F80
ENDCHAR
STARTCHAR A72A
ENCODING 42794
SWIDTH 720 0
DWIDTH 8 0
BBX 7 8 0 0
BITMAP
3E
62
68
78
78
E0
E2
7E
ENDCHAR
STARTCHAR A72B
ENCODING 42795
SWIDTH 630 0
DWIDTH 7 0
BBX 5 8 1 0
BITMAP
F8
C8
C0
70
C0
C0
C8
F8
ENDCHAR
STARTCHAR A72C
ENCODING 42796
SWIDTH 630 0
DWIDTH 7 0
BBX 7 8 0 0
BITMAP
1C
1C
2C
4C
4C
FE
0C
78
ENDCHAR
STARTCHAR A72D
ENCODING 42797
SWIDTH 630 0
DWIDTH 7 0
BBX 6 8 0 -2
BITMAP
1C
1C
2C
2C
4C
FC
0C
38
ENDCHAR
STARTCHAR A72E
ENCODING 42798
SWIDTH 720 0
DWIDTH 8 0
BBX 8 9 0 -1
BITMAP
1C
1C
2C
4C
4C
FF
0C
7B
02
ENDCHAR
STARTCHAR A72F
ENCODING 42799
SWIDTH 720 0
DWIDTH 8 0
BBX 8 9 0 -3
BITMAP
1C
1C
2C
2C
4C
FF
0C
1A
22
ENDCHAR
STARTCHAR A730
ENCODING 42800
SWIDTH 630 0
DWIDTH 7 0
BBX 6 6 0 0
BITMAP
FC
60
68
70
60
F0
ENDCHAR
STARTCHAR A731
ENCODING 42801
SWIDTH 540 0
DWIDTH 6 0
BBX 5 6 1 0
BITMAP
F0
80
E0
78
18
F0
ENDCHAR
STARTCHAR A732
ENCODING 42802
SWIDTH 1260 0
DWIDTH 14 0
BBX 14 8 0 0
BITMAP
1860
1860
2CF0
2CB0
2738
7FF8
4718
C79C
ENDCHAR
STARTCHAR A733
ENCODING 42803
SWIDTH 990 0
DWIDTH 11 0
BBX 11 6 0 0
BITMAP
7F80
4CC0
3FC0
6CC0
CCC0
7FE0
ENDCHAR
STARTCHAR A734
ENCODING 42804
SWIDTH 1260 0
DWIDTH 14 0
BBX 13 8 0 0
BITMAP
1BF0
1E18
2E18
2E18
2618
7E18
4618
C3F0
ENDCHAR
STARTCHAR A735
ENCODING 42805
SWIDTH 990 0
DWIDTH 11 0
BBX 11 6 0 0
BITMAP
7B80
4CC0
3CE0
6CE0
CCC0
7FC0
ENDCHAR
STARTCHAR A736
ENCODING 42806
SWIDTH 1170 0
DWIDTH 13 0
BBX 13 8 0 0
BITMAP
3F38
1610
2610
2610
4610
7E10
8620
C3E0
ENDCHAR
STARTCHAR A737
ENCODING 42807
SWIDTH 990 0
DWIDTH 11 0
BBX 11 6 0 0
BITMAP
79C0
4CC0
3CC0
6CC0
CCC0
7FE0
ENDCHAR
STARTCHAR A738
ENCODING 42808
SWIDTH 990 0
DWIDTH 11 0
BBX 11 8 0 0
BITMAP
1860
1840
2C40
2C80
2680
7E80
4700
C300
ENDCHAR
STARTCHAR A739
ENCODING 42809
SWIDTH 810 0
DWIDTH 9 0
BBX 9 6 0 0
BITMAP
7980
4D00
3D00
6D00
CE00
7E00
ENDCHAR
STARTCHAR A73A
ENCODING 42810
SWIDTH 990 0
DWIDTH 11 0
BBX 11 8 0 0
BITMAP
1860
1840
2C40
2C80
3FE0
4680
4700
C300
ENDCHAR
STARTCHAR A73B
ENCODING 42811
SWIDTH 810 0
DWIDTH 9 0
BBX 9 6 0 0
BITMAP
7980
4D00
3F80
6D00
CE00
7E00
ENDCHAR
STARTCHAR A73C
ENCODING 42812
SWIDTH 990 0
DWIDTH 11 0
BBX 11 10 0 -2
BITMAP
1860
1840
2C40
2C80
2680
7F00
4700
C300
0200
1E00
ENDCHAR
STARTCHAR A73D
ENCODING 42813
SWIDTH 810 0
DWIDTH 9 0
BBX 10 8 0 -2
BITMAP
79C0
4C80
3D00
6D00
CE00
7E00
0200
1C00
ENDCHAR
STARTCHAR A73E
ENCODING 42814
SWIDTH 810 0
DWIDTH 9 0
BBX 7 8 1 0
BITMAP
F8
8C
06
26
26
06
8C
78
ENDCHAR
STARTCHAR A73F
ENCODING 42815
SWIDTH 630 0
DWIDTH 7 0
BBX 6 6 0 0
BITMAP
78
8C
2C
2C
0C
78
ENDCHAR
STARTCHAR A740
ENCODING 42816
SWIDTH 900 0
DWIDTH 10 0
BBX 10 8 0 0
BITMAP
7B80
FA00
3400
3C00
3E00
3700
3300
7BC0
ENDCHAR
STARTCHAR A741
ENCODING 42817
SWIDTH 720 0
DWIDTH 8 0
BBX 8 8 0 0
BITMAP
60
F8
66
64
68
7C
66
F7
ENDCHAR
STARTCHAR A746
ENCODING 42822
SWIDTH 900 0
DWIDTH 10 0
BBX 9 8 1 0
BITMAP
F000
6000
6000
7800
1800
1800
1880
3F80
ENDCHAR
STARTCHAR A747
ENCODING 42823
SWIDTH 540 0
DWIDTH 6 0
BBX 5 8 1 0
BITMAP
C0
C0
C0
D0
B0
30
30
38
ENDCHAR
STARTCHAR A74A
ENCODING 42826
SWIDTH 990 0
DWIDTH 11 0
BBX 11 8 0 0
BITMAP
1F00
3180
71C0
70C0
FFE0
71C0
3180
1F00
ENDCHAR
STARTCHAR A74B
ENCODING 42827
SWIDTH 720 0
DWIDTH 8 0
BBX 8 6 0 0
BITMAP
3C
66
66
FF
66
3C
ENDCHAR
STARTCHAR A74E
ENCODING 42830
SWIDTH 1440 0
DWIDTH 16 0
BBX 15 8 0 0
BITMAP
3E7C
63C6
6186
E186
E186
6186
63C6
3E7C
ENDCHAR
STARTCHAR A74F
ENCODING 42831
SWIDTH 1080 0
DWIDTH 12 0
BBX 11 6 0 0
BITMAP
3BC0
6660
6660
E660
6660
7FC0
ENDCHAR
STARTCHAR A768
ENCODING 42856
SWIDTH 810 0
DWIDTH 9 0
BBX 8 10 1 -2
BITMAP
E6
67
67
66
64
68
70
60
60
E0
ENDCHAR
STARTCHAR A769
ENCODING 42857
SWIDTH 720 0
DWIDTH 8 0
BBX 7 8 0 -2
BITMAP
E4
62
62
66
64
68
70
60
ENDCHAR
STARTCHAR A77B
ENCODING 42875
SWIDTH 720 0
DWIDTH 8 0
BBX 7 10 1 -2
BITMAP
DE
E2
E0
C0
C0
C0
FC
C0
C0
C0
ENDCHAR
STARTCHAR A77C
ENCODING 42876
SWIDTH 540 0
DWIDTH 6 0
BBX 6 8 0 -2
BITMAP
EC
74
60
60
60
7C
60
60
ENDCHAR
STARTCHAR A780
ENCODING 42880
SWIDTH 720 0
DWIDTH 8 0
BBX 7 8 0 0
BITMAP
FE
8C
0C
0C
0C
0C
0C
1E
ENDCHAR
STARTCHAR A781
ENCODING 42881
SWIDTH 360 0
DWIDTH 4 0
BBX 4 9 0 -3
BITMAP
F0
60
60
60
60
60
60
60
70
ENDCHAR
STARTCHAR A782
ENCODING 42882
SWIDTH 900 0
DWIDTH 10 0
BBX 8 10 1 -2
BITMAP
DE
E6
E6
C6
C6
C6
C6
C7
C0
C0
ENDCHAR
STARTCHAR A783
ENCODING 42883
SWIDTH 720 0
DWIDTH 8 0
BBX 8 8 0 -2
BITMAP
EC
76
66
66
66
67
60
60
ENDCHAR
STARTCHAR A784
ENCODING 42884
SWIDTH 720 0
DWIDTH 8 0
BBX 7 10 1 -2
BITMAP
DE
E2
E0
C0
C0
C0
C0
C0
C0
C0
ENDCHAR
STARTCHAR A785
ENCODING 42885
SWIDTH 540 0
DWIDTH 6 0
BBX 6 8 0 -2
BITMAP
EC
74
60
60
60
60
60
60
ENDCHAR
STARTCHAR A786
ENCODING 42886
SWIDTH 810 0
DWIDTH 9 0
BBX 8 8 0 0
BITMAP
FF
60
60
E0
E0
60
61
3E
ENDCHAR
STARTCHAR A787
ENCODING 42887
SWIDTH 630 0
DWIDTH 7 0
BBX 6 6 0 0
BITMAP
FC
60
E0
E0
64
7C
ENDCHAR
STARTCHAR A78B
ENCODING 42891
SWIDTH 450 0
DWIDTH 5 0
BBX 2 6 1 2
BITMAP
C0
40
40
40
40
40
ENDCHAR
STARTCHAR A78C
ENCODING 42892
SWIDTH 270 0
DWIDTH 3 0
BBX 1 3 1 5
BITMAP
80
80
80
ENDCHAR
STARTCHAR A78D
ENCODING 42893
SWIDTH 900 0
DWIDTH 10 0
BBX 9 8 0 0
BITMAP
F780
6300
6300
7300
3F00
0300
0300
0780
ENDCHAR
STARTCHAR A790
ENCODING 42896
SWIDTH 900 0
DWIDTH 10 0
BBX 10 10 0 -2
BITMAP
E1C0
3080
5880
5C80
4E80
4780
4380
E1C0
0040
0040
ENDCHAR
STARTCHAR A791
ENCODING 42897
SWIDTH 720 0
DWIDTH 8 0
BBX 8 8 0 -2
BITMAP
EC
76
66
66
66
FF
01
01
ENDCHAR
STARTCHAR A7AA
ENCODING 42922
SWIDTH 900 0
DWIDTH 10 0
BBX 11 8 -1 0
BITMAP
FDE0
98C0
98C0
1FC0
18C0
18C0
18C0
3DE0
ENDCHAR
STARTCHAR A7F8
ENCODING 43000
SWIDTH 630 0
DWIDTH 7 0
BBX 5 4 1 4
BITMAP
98
F8
F8
98
ENDCHAR
STARTCHAR A7F9
ENCODING 43001
SWIDTH 630 0
DWIDTH 7 0
BBX 7 3 0 4
BITMAP
7C
D6
FE
ENDCHAR
STARTCHAR A7FA
ENCODING 43002
SWIDTH 1080 0
DWIDTH 12 0
BBX 11 6 0 0
BITMAP
EF60
6660
6660
6660
6660
FFE0
ENDCHAR
STARTCHAR A7FB
ENCODING 43003
SWIDTH 720 0
DWIDTH 8 0
BBX 7 8 0 0
BITMAP
FE
8C
4C
7C
4C
0C
0C
1E
ENDCHAR
STARTCHAR A7FC
ENCODING 43004
SWIDTH 720 0
DWIDTH 8 0
BBX 8 8 0 0
BITMAP
7F
E6
E6
66
3E
06
06
1F
ENDCHAR
STARTCHAR A7FD
ENCODING 43005
SWIDTH 1080 0
DWIDTH 12 0
BBX 11 8 1 0
BITMAP
F0E0
6640
6640
6F40
7340
7340
61C0
E1E0
ENDCHAR
STARTCHAR A7FE
ENCODING 43006
SWIDTH 450 0
DWIDTH 5 0
BBX 4 10 1 0
BITMAP
E0
60
60
60
60
60
60
60
60
F0
ENDCHAR
STARTCHAR A7FF
ENCODING 43007
SWIDTH 1260 0
DWIDTH 14 0
BBX 14 8 0 0
BITMAP
18CC
19C8
39C8
3DE8
4E70
4E70
4E70
C420
ENDCHAR
STARTCHAR F400
ENCODING 62464
SWIDTH 720 0
DWIDTH 8 0
BBX 6 10 1 0
BITMAP
60
60
20
10
18
CC
8C
8C
8C
F8
ENDCHAR
STARTCHAR F401
ENCODING 62465
SWIDTH 720 0
DWIDTH 8 0
BBX 6 10 1 0
BITMAP
60
60
10
30
C8
CC
CC
CC
CC
78
ENDCHAR
STARTCHAR F402
ENCODING 62466
SWIDTH 720 0
DWIDTH 8 0
BBX 7 10 1 0
BITMAP
30
48
48
10
78
C4
86
86
C4
7C
ENDCHAR
STARTCHAR F403
ENCODING 62467
SWIDTH 990 0
DWIDTH 11 0
BBX 9 10 1 0
BITMAP
2200
DD80
D980
D980
D980
C980
CD00
6200
1C00
6200
ENDCHAR
STARTCHAR F404
ENCODING 62468
SWIDTH 720 0
DWIDTH 8 0
BBX 6 10 1 0
BITMAP
30
CC
CC
CC
0C
0C
CC
8C
CC
78
ENDCHAR
STARTCHAR F405
ENCODING 62469
SWIDTH 720 0
DWIDTH 8 0
BBX 6 10 1 0
BITMAP
30
CC
8C
CC
18
08
CC
8C
CC
78
ENDCHAR
STARTCHAR F406
ENCODING 62470
SWIDTH 810 0
DWIDTH 9 0
BBX 8 10 0 0
BITMAP
20
DA
DE
7C
32
63
63
63
22
1E
ENDCHAR
STARTCHAR F407
ENCODING 62471
SWIDTH 990 0
DWIDTH 11 0
BBX 10 10 1 0
BITMAP
3200
DD80
CCC0
CCC0
CCC0
CCC0
CCC0
CCC0
C980
7B00
ENDCHAR
STARTCHAR F408
ENCODING 62472
SWIDTH 720 0
DWIDTH 8 0
BBX 6 10 1 0
BITMAP
30
48
CC
CC
CC
CC
CC
CC
CC
58
ENDCHAR
STARTCHAR F409
ENCODING 62473
SWIDTH 720 0
DWIDTH 8 0
BBX 6 10 1 0
BITMAP
30
2C
0C
18
38
0C
CC
CC
CC
78
ENDCHAR
STARTCHAR F40A
ENCODING 62474
SWIDTH 1260 0
DWIDTH 14 0
BBX 13 10 1 0
BITMAP
0200
FDF0
C998
C998
C998
C010
4060
3000
0F80
3040
ENDCHAR
STARTCHAR F40B
ENCODING 62475
SWIDTH 720 0
DWIDTH 8 0
BBX 6 10 1 0
BITMAP
30
CC
CC
0C
7C
CC
CC
CC
CC
78
ENDCHAR
STARTCHAR F40C
ENCODING 62476
SWIDTH 720 0
DWIDTH 8 0
BBX 6 10 1 0
BITMAP
04
F8
80
80
FC
CC
C4
CC
CC
78
ENDCHAR
STARTCHAR F40D
ENCODING 62477
SWIDTH 990 0
DWIDTH 11 0
BBX 9 12 1 -2
BITMAP
2200
5580
C980
C980
C980
C980
CD80
C180
C100
6200
0100
0100
ENDCHAR
STARTCHAR F40E
ENCODING 62478
SWIDTH 720 0
DWIDTH 8 0
BBX 6 10 1 0
BITMAP
C0
78
0C
0C
30
4C
CC
CC
CC
78
ENDCHAR
STARTCHAR F40F
ENCODING 62479
SWIDTH 720 0
DWIDTH 8 0
BBX 6 10 1 0
BITMAP
04
FC
2C
2C
EC
0C
4C
CC
CC
78
ENDCHAR
STARTCHAR F410
ENCODING 62480
SWIDTH 1080 0
DWIDTH 12 0
BBX 10 9 1 0
BITMAP
3F00
4000
B300
CC80
CCC0
CCC0
CCC0
C080
6180
ENDCHAR
STARTCHAR F411
ENCODING 62481
SWIDTH 810 0
DWIDTH 9 0
BBX 8 10 0 0
BITMAP
40
E0
E6
64
64
63
63
63
23
1E
ENDCHAR
STARTCHAR F412
ENCODING 62482
SWIDTH 810 0
DWIDTH 9 0
BBX 8 10 1 0
BITMAP
18
AC
D8
FC
E6
F3
C3
C3
C6
7C
ENDCHAR
STARTCHAR F413
ENCODING 62483
SWIDTH 810 0
DWIDTH 9 0
BBX 8 10 0 0
BITMAP
14
AB
6B
0B
03
33
23
63
23
3E
ENDCHAR
STARTCHAR F414
ENCODING 62484
SWIDTH 990 0
DWIDTH 11 0
BBX 9 10 1 0
BITMAP
2200
DD80
C980
CD80
CD80
CB00
7180
0180
3180
3F00
ENDCHAR
STARTCHAR F415
ENCODING 62485
SWIDTH 720 0
DWIDTH 8 0
BBX 6 9 1 0
BITMAP
1C
74
CC
CC
0C
CC
CC
CC
F8
ENDCHAR
STARTCHAR F416
ENCODING 62486
SWIDTH 990 0
DWIDTH 11 0
BBX 9 10 1 0
BITMAP
2200
DD80
C980
C980
C980
C100
6000
3000
3C00
2200
ENDCHAR
STARTCHAR F417
ENCODING 62487
SWIDTH 720 0
DWIDTH 8 0
BBX 6 10 1 0
BITMAP
20
CC
CC
CC
FC
0C
4C
CC
CC
F8
ENDCHAR
STARTCHAR F418
ENCODING 62488
SWIDTH 720 0
DWIDTH 8 0
BBX 7 10 0 0
BITMAP
24
DE
D2
02
3E
66
62
66
66
3C
ENDCHAR
STARTCHAR F419
ENCODING 62489
SWIDTH 720 0
DWIDTH 8 0
BBX 6 10 1 0
BITMAP
20
D8
C8
C0
FC
CC
C4
CC
CC
D8
ENDCHAR
STARTCHAR F41A
ENCODING 62490
SWIDTH 810 0
DWIDTH 9 0
BBX 7 10 1 0
BITMAP
50
C8
C4
C6
D8
C4
C6
C6
C6
7C
ENDCHAR
STARTCHAR F41B
ENCODING 62491
SWIDTH 720 0
DWIDTH 8 0
BBX 6 10 1 0
BITMAP
10
0C
04
04
7C
CC
CC
CC
CC
78
ENDCHAR
STARTCHAR F41C
ENCODING 62492
SWIDTH 720 0
DWIDTH 8 0
BBX 7 10 1 0
BITMAP
44
FE
D6
C0
FC
CC
C4
C4
CC
78
ENDCHAR
STARTCHAR F41D
ENCODING 62493
SWIDTH 720 0
DWIDTH 8 0
BBX 6 10 1 0
BITMAP
90
78
14
F8
F8
14
CC
CC
CC
F8
ENDCHAR
STARTCHAR F41E
ENCODING 62494
SWIDTH 810 0
DWIDTH 9 0
BBX 8 10 0 0
BITMAP
40
E2
EE
68
76
63
63
63
23
3E
ENDCHAR
STARTCHAR F41F
ENCODING 62495
SWIDTH 900 0
DWIDTH 10 0
BBX 9 10 1 0
BITMAP
4000
B780
DB80
5900
1E00
6C00
ED00
3580
3580
E200
ENDCHAR
STARTCHAR F420
ENCODING 62496
SWIDTH 720 0
DWIDTH 8 0
BBX 6 10 1 0
BITMAP
80
7C
0C
18
0C
18
CC
CC
CC
F8
ENDCHAR
STARTCHAR F421
ENCODING 62497
SWIDTH 810 0
DWIDTH 9 0
BBX 7 10 1 0
BITMAP
20
D6
D2
F2
CE
C2
CE
C6
C2
7E
ENDCHAR
STARTCHAR F422
ENCODING 62498
SWIDTH 720 0
DWIDTH 8 0
BBX 6 11 1 -1
BITMAP
30
C8
CC
CC
CC
CC
CC
CC
78
FC
8C
ENDCHAR
STARTCHAR F423
ENCODING 62499
SWIDTH 720 0
DWIDTH 8 0
BBX 6 10 1 0
BITMAP
C4
CC
74
0C
30
0C
CC
CC
CC
F8
ENDCHAR
STARTCHAR F424
ENCODING 62500
SWIDTH 720 0
DWIDTH 8 0
BBX 6 10 1 0
BITMAP
70
80
BC
4C
0C
38
4C
CC
CC
F8
ENDCHAR
STARTCHAR F425
ENCODING 62501
SWIDTH 810 0
DWIDTH 9 0
BBX 7 10 1 0
BITMAP
30
CC
CC
CC
7E
0C
7E
CC
CC
F8
ENDCHAR
STARTCHAR F426
ENCODING 62502
SWIDTH 990 0
DWIDTH 11 0
BBX 10 10 1 0
BITMAP
2A00
DD80
C880
C880
C8C0
C880
C980
6F00
0800
3800
ENDCHAR
STARTCHAR F428
ENCODING 62504
SWIDTH 900 0
DWIDTH 10 0
BBX 8 10 1 -2
BITMAP
08
08
1F
69
DB
DB
93
FE
10
10
ENDCHAR
STARTCHAR F6C5
ENCODING 63173
SWIDTH 630 0
DWIDTH 7 0
BBX 7 8 0 0
BITMAP
7C
60
38
64
66
E6
66
7C
ENDCHAR
STARTCHAR F6D1
ENCODING 63185
SWIDTH 540 0
DWIDTH 6 0
BBX 4 2 1 7
BITMAP
B0
E0
ENDCHAR
STARTCHAR F6D4
ENCODING 63188
SWIDTH 540 0
DWIDTH 6 0
BBX 4 2 1 7
BITMAP
B0
E0
ENDCHAR
STARTCHAR FB00
ENCODING 64256
SWIDTH 810 0
DWIDTH 9 0
BBX 10 9 0 0
BITMAP
3BC0
6A40
6600
FF80
6600
6600
6600
6600
F700
ENDCHAR
STARTCHAR FB01
ENCODING 64257
SWIDTH 720 0
DWIDTH 8 0
BBX 8 9 0 0
BITMAP
3E
62
60
FE
66
66
66
66
FF
ENDCHAR
STARTCHAR FB02
ENCODING 64258
SWIDTH 720 0
DWIDTH 8 0
BBX 8 9 0 0
BITMAP
3E
66
66
F6
66
66
66
66
FF
ENDCHAR
STARTCHAR FB03
ENCODING 64259
SWIDTH 1080 0
DWIDTH 12 0
BBX 12 9 0 0
BITMAP
3BE0
6B20
6600
FFE0
6660
6660
6660
6660
F770
ENDCHAR
STARTCHAR FB04
ENCODING 64260
SWIDTH 1080 0
DWIDTH 12 0
BBX 12 9 0 0
BITMAP
3BE0
6B60
6660
FFE0
6660
6660
6660
6660
F770
ENDCHAR
STARTCHAR FB05
ENCODING 64261
SWIDTH 900 0
DWIDTH 10 0
BBX 9 8 0 0
BITMAP
7E00
6600
EF80
6600
6600
6600
6600
F780
ENDCHAR
STARTCHAR FB06
ENCODING 64262
SWIDTH 990 0
DWIDTH 11 0
BBX 9 8 1 0
BITMAP
1E00
3300
F780
8300
E300
7B00
1B00
F380
ENDCHAR
STARTCHAR FFFD
ENCODING 65533
SWIDTH 1080 0
DWIDTH 12 0
BBX 12 11 0 0
BITMAP
0600
0F00
1480
3640
7E60
FE70
7DE0
3FC0
1980
0900
0600
ENDCHAR
ENDFONT
